============================================================
  Generated by:           Genus(TM) Synthesis Solution 21.14-s082_1
  Generated on:           May 11 2026  11:13:16 pm
  Module:                 rv32im_top
  Operating conditions:   PVT_1P08V_125C (balanced_tree)
  Wireload mode:          enclosed
  Area mode:              timing library
============================================================


Path 1: MET (355 ps) Setup Check with Pin u_cpu_u_pc/PC_reg[31]/CK->D
          Group: clk
     Startpoint: (R) u_cpu_u_pc/PC_reg[6]/CK
          Clock: (R) clk
       Endpoint: (F) u_cpu_u_pc/PC_reg[31]/D
          Clock: (R) clk

                     Capture       Launch     
        Clock Edge:+   10000            0     
       Src Latency:+       0            0     
       Net Latency:+       0 (I)        0 (I) 
           Arrival:=   10000            0     
                                              
             Setup:-      45                  
       Uncertainty:-     100                  
     Required Time:=    9855                  
      Launch Clock:-       0                  
         Data Path:-    9500                  
             Slack:=     355                  

#----------------------------------------------------------------------------------------------------
#      Timing Point       Flags   Arc   Edge     Cell       Fanout Load Trans Delay Arrival Instance 
#                                                                  (fF)  (ps)  (ps)   (ps)  Location 
#----------------------------------------------------------------------------------------------------
  u_cpu_u_pc/PC_reg[6]/CK -       -     R     (arrival)     107330    -     0     0       0    (-,-) 
  u_cpu_u_pc/PC_reg[6]/Q  -       CK->Q F     DFFHQX4LVT        11  5.2    21    98      98    (-,-) 
  g1378803/Y              -       A->Y  R     CLKINVX6LVT       49 25.9    50    35     132    (-,-) 
  g1378802/Y              -       A->Y  F     INVX3LVT          46 19.0    82    58     191    (-,-) 
  g1378569/Y              -       B->Y  R     NAND2XLLVT         1  0.5    25    43     234    (-,-) 
  g1378275/Y              -       B->Y  F     NOR2BX1LVT         4  1.8    29    26     260    (-,-) 
  g1378036/Y              -       B->Y  F     CLKAND2X3LVT      91 24.6    97    87     347    (-,-) 
  g1376471/Y              -       A->Y  R     NAND2X1LVT         1  0.5    27    46     392    (-,-) 
  g1352324/Y              -       A->Y  F     INVX1LVT          30  6.0    71    51     443    (-,-) 
  g1586767/Y              -       A1->Y R     AOI22XLLVT         1  0.3    37    54     497    (-,-) 
  g1577080/Y              -       A->Y  F     NAND4XLLVT         1  0.4    78    81     578    (-,-) 
  g1577020/Y              -       B0->Y R     AOI21X1LVT         1  0.3    28    44     622    (-,-) 
  g1576889/Y              -       D->Y  F     NAND4XLLVT         1  0.4    78    59     681    (-,-) 
  g1576802/Y              -       B->Y  R     NOR2BX1LVT         1  0.5    28    42     723    (-,-) 
  g1576711/Y              -       C0->Y F     OAI211X1LVT        1  0.4    52    48     772    (-,-) 
  g1576621/Y              -       B->Y  R     NOR2BX1LVT         1  0.5    25    32     804    (-,-) 
  g1576535/Y              -       C0->Y F     OAI211X1LVT        1  0.4    52    47     851    (-,-) 
  g1576457/Y              -       B->Y  R     NOR2BX1LVT         1  0.5    25    32     884    (-,-) 
  g1576379/Y              -       C0->Y F     OAI211X1LVT        1  0.4    52    47     931    (-,-) 
  g1576301/Y              -       B->Y  R     NOR2BX1LVT         1  0.5    25    32     964    (-,-) 
  g1576227/Y              -       C0->Y F     OAI211X1LVT        1  0.4    52    47    1011    (-,-) 
  g1576167/Y              -       B->Y  R     NOR2BX1LVT         1  0.5    25    32    1044    (-,-) 
  g1576107/Y              -       C0->Y F     OAI211X1LVT        1  0.4    52    47    1091    (-,-) 
  g1576047/Y              -       B->Y  R     NOR2BX1LVT         1  0.5    25    32    1124    (-,-) 
  g1575987/Y              -       C0->Y F     OAI211X1LVT        1  0.4    52    47    1171    (-,-) 
  g1575927/Y              -       B->Y  R     NOR2BX1LVT         1  0.5    25    32    1204    (-,-) 
  g1575867/Y              -       C0->Y F     OAI211X1LVT        1  0.4    52    47    1251    (-,-) 
  g1575807/Y              -       B->Y  R     NOR2BX1LVT         1  0.5    25    32    1283    (-,-) 
  g1575747/Y              -       C0->Y F     OAI211X1LVT        1  0.4    52    47    1331    (-,-) 
  g1575687/Y              -       B->Y  R     NOR2BX1LVT         1  0.5    25    32    1363    (-,-) 
  g1575627/Y              -       C0->Y F     OAI211X1LVT        1  0.4    52    47    1411    (-,-) 
  g1575568/Y              -       B->Y  R     NOR2BX1LVT         1  0.5    25    32    1443    (-,-) 
  g1575508/Y              -       C0->Y F     OAI211X1LVT        1  0.4    52    47    1491    (-,-) 
  g1575448/Y              -       B->Y  R     NOR2BX1LVT         1  0.5    25    32    1523    (-,-) 
  g1575388/Y              -       C0->Y F     OAI211X1LVT        1  0.4    52    47    1570    (-,-) 
  g1575328/Y              -       B->Y  R     NOR2BX1LVT         1  0.5    25    32    1603    (-,-) 
  g1575268/Y              -       C0->Y F     OAI211X1LVT        1  0.4    52    47    1650    (-,-) 
  g1575208/Y              -       B->Y  R     NOR2BX1LVT         1  0.5    25    32    1683    (-,-) 
  g1575148/Y              -       C0->Y F     OAI211X1LVT        1  0.4    52    47    1730    (-,-) 
  g1575088/Y              -       B->Y  R     NOR2BX1LVT         1  0.5    25    32    1763    (-,-) 
  g1575028/Y              -       C0->Y F     OAI211X1LVT        1  0.4    52    47    1810    (-,-) 
  g1574968/Y              -       B->Y  R     NOR2BX1LVT         1  0.5    25    32    1843    (-,-) 
  g1574908/Y              -       C0->Y F     OAI211X1LVT        1  0.4    52    47    1890    (-,-) 
  g1574848/Y              -       B->Y  R     NOR2BX1LVT         1  0.5    25    32    1923    (-,-) 
  g1574788/Y              -       C0->Y F     OAI211X1LVT        1  0.4    52    47    1970    (-,-) 
  g1574728/Y              -       B->Y  R     NOR2BX1LVT         1  0.5    25    32    2002    (-,-) 
  g1574668/Y              -       C0->Y F     OAI211X1LVT        1  0.4    52    47    2050    (-,-) 
  g1574608/Y              -       B->Y  R     NOR2BX1LVT         1  0.5    25    32    2082    (-,-) 
  g1574547/Y              -       C0->Y F     OAI211X1LVT        1  0.4    52    47    2130    (-,-) 
  g1574487/Y              -       B->Y  R     NOR2BX1LVT         1  0.5    25    32    2162    (-,-) 
  g1574427/Y              -       C0->Y F     OAI211X1LVT        1  0.4    52    47    2210    (-,-) 
  g1574367/Y              -       B->Y  R     NOR2BX1LVT         1  0.5    25    32    2242    (-,-) 
  g1574306/Y              -       C0->Y F     OAI211X1LVT        1  0.4    52    47    2290    (-,-) 
  g1574246/Y              -       B->Y  R     NOR2BX1LVT         1  0.5    25    32    2322    (-,-) 
  g1574186/Y              -       C0->Y F     OAI211X1LVT        1  0.4    52    47    2370    (-,-) 
  g1574126/Y              -       B->Y  R     NOR2BX1LVT         1  0.5    25    32    2402    (-,-) 
  g1574066/Y              -       C0->Y F     OAI211X1LVT        1  0.4    52    47    2449    (-,-) 
  g1574007/Y              -       B->Y  R     NOR2BX1LVT         1  0.5    25    32    2482    (-,-) 
  g1573947/Y              -       C0->Y F     OAI211X1LVT        1  0.4    52    47    2529    (-,-) 
  g1573887/Y              -       B->Y  R     NOR2BX1LVT         1  0.5    25    32    2562    (-,-) 
  g1573827/Y              -       C0->Y F     OAI211X1LVT        1  0.4    52    47    2609    (-,-) 
  g1573767/Y              -       B->Y  R     NOR2BX1LVT         1  0.5    25    32    2642    (-,-) 
  g1573707/Y              -       C0->Y F     OAI211X1LVT        1  0.4    52    47    2689    (-,-) 
  g1573647/Y              -       B->Y  R     NOR2BX1LVT         1  0.5    25    32    2722    (-,-) 
  g1573587/Y              -       C0->Y F     OAI211X1LVT        1  0.4    52    47    2769    (-,-) 
  g1573527/Y              -       B->Y  R     NOR2BX1LVT         1  0.5    25    32    2802    (-,-) 
  g1573467/Y              -       C0->Y F     OAI211X1LVT        1  0.4    52    47    2849    (-,-) 
  g1573407/Y              -       B->Y  R     NOR2BX1LVT         1  0.5    25    32    2881    (-,-) 
  g1573347/Y              -       C0->Y F     OAI211X1LVT        1  0.4    52    47    2929    (-,-) 
  g1573287/Y              -       B->Y  R     NOR2BX1LVT         1  0.5    25    32    2961    (-,-) 
  g1573227/Y              -       C0->Y F     OAI211X1LVT        1  0.4    52    47    3009    (-,-) 
  g1573167/Y              -       B->Y  R     NOR2BX1LVT         1  0.5    25    32    3041    (-,-) 
  g1573107/Y              -       C0->Y F     OAI211X1LVT        1  0.4    52    47    3089    (-,-) 
  g1573047/Y              -       B->Y  R     NOR2BX1LVT         1  0.5    25    32    3121    (-,-) 
  g1572987/Y              -       C0->Y F     OAI211X1LVT        1  0.4    52    47    3168    (-,-) 
  g1572927/Y              -       B->Y  R     NOR2BX1LVT         1  0.5    25    32    3201    (-,-) 
  g1572867/Y              -       C0->Y F     OAI211X1LVT        1  0.4    52    47    3248    (-,-) 
  g1572807/Y              -       B->Y  R     NOR2BX1LVT         1  0.5    25    32    3281    (-,-) 
  g1572747/Y              -       C0->Y F     OAI211X1LVT        1  0.4    52    47    3328    (-,-) 
  g1572687/Y              -       B->Y  R     NOR2BX1LVT         1  0.5    25    32    3361    (-,-) 
  g1572627/Y              -       C0->Y F     OAI211X1LVT        1  0.4    52    47    3408    (-,-) 
  g1572567/Y              -       B->Y  R     NOR2BX1LVT         1  0.5    25    32    3441    (-,-) 
  g1572507/Y              -       C0->Y F     OAI211X1LVT        1  0.4    52    47    3488    (-,-) 
  g1572447/Y              -       B->Y  R     NOR2BX1LVT         1  0.5    25    32    3521    (-,-) 
  g1572388/Y              -       C0->Y F     OAI211X1LVT        1  0.4    52    47    3568    (-,-) 
  g1572328/Y              -       B->Y  R     NOR2BX1LVT         1  0.5    25    32    3600    (-,-) 
  g1572268/Y              -       C0->Y F     OAI211X1LVT        1  0.4    52    47    3648    (-,-) 
  g1572208/Y              -       B->Y  R     NOR2BX1LVT         1  0.5    25    32    3680    (-,-) 
  g1572149/Y              -       C0->Y F     OAI211X1LVT        1  0.4    52    47    3728    (-,-) 
  g1572089/Y              -       B->Y  R     NOR2BX1LVT         1  0.5    25    32    3760    (-,-) 
  g1572029/Y              -       C0->Y F     OAI211X1LVT        1  0.4    52    47    3808    (-,-) 
  g1571969/Y              -       B->Y  R     NOR2BX1LVT         1  0.5    25    32    3840    (-,-) 
  g1571909/Y              -       C0->Y F     OAI211X1LVT        1  0.4    52    47    3888    (-,-) 
  g1571849/Y              -       B->Y  R     NOR2BX1LVT         1  0.5    25    32    3920    (-,-) 
  g1571789/Y              -       C0->Y F     OAI211X1LVT        1  0.4    52    47    3968    (-,-) 
  g1571729/Y              -       B->Y  R     NOR2BX1LVT         1  0.5    25    32    4000    (-,-) 
  g1571669/Y              -       C0->Y F     OAI211X1LVT        1  0.4    52    47    4047    (-,-) 
  g1571609/Y              -       B->Y  R     NOR2BX1LVT         1  0.5    25    32    4080    (-,-) 
  g1571549/Y              -       C0->Y F     OAI211X1LVT        1  0.4    52    47    4127    (-,-) 
  g1571489/Y              -       B->Y  R     NOR2BX1LVT         1  0.5    25    32    4160    (-,-) 
  g1571429/Y              -       C0->Y F     OAI211X1LVT        1  0.4    52    47    4207    (-,-) 
  g1571369/Y              -       B->Y  R     NOR2BX1LVT         1  0.5    25    32    4240    (-,-) 
  g1571309/Y              -       C0->Y F     OAI211X1LVT        1  0.4    52    47    4287    (-,-) 
  g1571249/Y              -       B->Y  R     NOR2BX1LVT         1  0.5    25    32    4320    (-,-) 
  g1571189/Y              -       C0->Y F     OAI211X1LVT        1  0.4    52    47    4367    (-,-) 
  g1571129/Y              -       B->Y  R     NOR2BX1LVT         1  0.5    25    32    4400    (-,-) 
  g1571069/Y              -       C0->Y F     OAI211X1LVT        1  0.4    52    47    4447    (-,-) 
  g1571009/Y              -       B->Y  R     NOR2BX1LVT         1  0.5    25    32    4479    (-,-) 
  g1570949/Y              -       C0->Y F     OAI211X1LVT        1  0.4    52    47    4527    (-,-) 
  g1570888/Y              -       B->Y  R     NOR2BX1LVT         1  0.5    25    32    4559    (-,-) 
  g1570828/Y              -       C0->Y F     OAI211X1LVT        1  0.4    52    47    4607    (-,-) 
  g1570768/Y              -       C0->Y R     AOI221X1LVT        1  0.3    47    48    4654    (-,-) 
  g1570708/Y              -       B->Y  F     NAND4XLLVT         1  0.4    79    82    4736    (-,-) 
  g1570648/Y              -       C0->Y R     AOI221X1LVT        1  0.3    50    57    4793    (-,-) 
  g1570588/Y              -       B->Y  F     NAND4XLLVT         1  0.4    79    82    4875    (-,-) 
  g1570528/Y              -       C0->Y R     AOI221X1LVT        1  0.3    50    57    4932    (-,-) 
  g1570468/Y              -       B->Y  F     NAND4XLLVT         1  0.4    79    82    5015    (-,-) 
  g1570409/Y              -       C0->Y R     AOI221X1LVT        1  0.3    50    57    5072    (-,-) 
  g1570349/Y              -       B->Y  F     NAND4XLLVT         1  0.4    79    82    5154    (-,-) 
  g1570289/Y              -       C0->Y R     AOI221X1LVT        1  0.3    50    57    5211    (-,-) 
  g1570229/Y              -       B->Y  F     NAND4XLLVT         1  0.4    79    82    5294    (-,-) 
  g1570169/Y              -       C0->Y R     AOI221X1LVT        1  0.3    50    57    5351    (-,-) 
  g1570109/Y              -       B->Y  F     NAND4XLLVT         1  0.4    79    82    5433    (-,-) 
  g1570049/Y              -       C0->Y R     AOI221X1LVT        1  0.3    50    57    5490    (-,-) 
  g1569989/Y              -       B->Y  F     NAND4XLLVT         1  0.4    79    82    5572    (-,-) 
  g1569929/Y              -       C0->Y R     AOI221X1LVT        1  0.3    50    57    5630    (-,-) 
  g1569869/Y              -       B->Y  F     NAND4XLLVT         1  0.4    79    82    5712    (-,-) 
  g1569809/Y              -       C0->Y R     AOI221X1LVT        1  0.3    50    57    5769    (-,-) 
  g1569748/Y              -       B->Y  F     NAND4XLLVT         1  0.4    79    82    5851    (-,-) 
  g1569688/Y              -       C0->Y R     AOI221X1LVT        1  0.3    50    57    5908    (-,-) 
  g1569628/Y              -       B->Y  F     NAND4XLLVT         1  0.4    79    82    5991    (-,-) 
  g1569568/Y              -       C0->Y R     AOI221X1LVT        1  0.3    50    57    6048    (-,-) 
  g1569509/Y              -       B->Y  F     NAND4XLLVT         1  0.4    79    82    6130    (-,-) 
  g1569449/Y              -       C0->Y R     AOI221X1LVT        1  0.3    50    57    6187    (-,-) 
  g1569389/Y              -       B->Y  F     NAND4XLLVT         1  0.4    79    82    6270    (-,-) 
  g1569329/Y              -       C0->Y R     AOI221X1LVT        1  0.3    50    57    6327    (-,-) 
  g1569268/Y              -       B->Y  F     NAND4XLLVT         1  0.4    79    82    6409    (-,-) 
  g1569208/Y              -       C0->Y R     AOI221X1LVT        1  0.3    50    57    6466    (-,-) 
  g1569148/Y              -       B->Y  F     NAND4XLLVT         1  0.4    79    82    6548    (-,-) 
  g1569089/Y              -       C0->Y R     AOI221X1LVT        1  0.3    50    57    6605    (-,-) 
  g1569029/Y              -       B->Y  F     NAND4XLLVT         1  0.4    79    82    6688    (-,-) 
  g1568968/Y              -       C0->Y R     AOI221X1LVT        1  0.3    50    57    6745    (-,-) 
  g1568909/Y              -       B->Y  F     NAND4XLLVT         1  0.4    79    82    6827    (-,-) 
  g1568849/Y              -       C0->Y R     AOI221X1LVT        1  0.3    50    57    6884    (-,-) 
  g1568721/Y              -       B->Y  F     NAND4XLLVT         5  1.7   174   138    7022    (-,-) 
  g1484074/Y              -       D->Y  R     NAND4XLLVT         4  1.6    63    94    7116    (-,-) 
  g1481550/Y              -       B->Y  F     NOR2X1LVT          4  1.0    28    36    7152    (-,-) 
  g1481311/Y              -       B->Y  F     AND2X1LVT         15  3.0    37    49    7201    (-,-) 
  g1487323/Y              -       AN->Y F     NOR2BX1LVT         2  0.4    14    34    7235    (-,-) 
  g1479605/Y              -       A->Y  F     AND3XLLVT         32  8.2   166   118    7353    (-,-) 
  g1476949/Y              -       B->Y  R     NAND2XLLVT         1  0.3    32    75    7427    (-,-) 
  g1464637/Y              -       A->Y  F     NAND4XLLVT         1  0.4    79    80    7507    (-,-) 
  g1464155/Y              -       C0->Y R     AOI221X1LVT        1  0.3    50    57    7564    (-,-) 
  g1463669/Y              -       B->Y  F     NAND4XLLVT         1  0.4    79    82    7646    (-,-) 
  g1463189/Y              -       C0->Y R     AOI221X1LVT        1  0.3    50    57    7704    (-,-) 
  g1462699/Y              -       B->Y  F     NAND4XLLVT         1  0.4    79    82    7786    (-,-) 
  g1462215/Y              -       C0->Y R     AOI221X1LVT        1  0.3    50    57    7843    (-,-) 
  g1461727/Y              -       B->Y  F     NAND4XLLVT         1  0.4    79    82    7925    (-,-) 
  g1461244/Y              -       C0->Y R     AOI221X1LVT        1  0.3    50    57    7982    (-,-) 
  g1460760/Y              -       B->Y  F     NAND4XLLVT         1  0.4    79    82    8065    (-,-) 
  g1460279/Y              -       C0->Y R     AOI221X1LVT        1  0.3    50    57    8122    (-,-) 
  g1459790/Y              -       B->Y  F     NAND4XLLVT         1  0.4    79    82    8204    (-,-) 
  g1459306/Y              -       C0->Y R     AOI221X1LVT        1  0.3    50    57    8261    (-,-) 
  g1458830/Y              -       B->Y  F     NAND4XLLVT         1  0.4    79    82    8344    (-,-) 
  g1458382/Y              -       C0->Y R     AOI221X1LVT        1  0.3    50    57    8401    (-,-) 
  g1457926/Y              -       B->Y  F     NAND4XLLVT         1  0.4    79    82    8483    (-,-) 
  g1457552/Y              -       C0->Y R     AOI221X1LVT        1  0.3    50    57    8540    (-,-) 
  g1457195/Y              -       B->Y  F     NAND4XLLVT         1  0.4    79    82    8622    (-,-) 
  g1456865/Y              -       C0->Y R     AOI221X1LVT        1  0.3    50    57    8679    (-,-) 
  g1456598/Y              -       B->Y  F     NAND4XLLVT         1  0.4    79    82    8762    (-,-) 
  g1456308/Y              -       C0->Y R     AOI221X1LVT        1  0.3    50    57    8819    (-,-) 
  g1456032/Y              -       B->Y  F     NAND4XLLVT         1  0.4    79    82    8901    (-,-) 
  g1455768/Y              -       C0->Y R     AOI221X1LVT        1  0.3    50    57    8958    (-,-) 
  g1455506/Y              -       B->Y  F     NAND4XLLVT         1  0.4    79    82    9040    (-,-) 
  g1455240/Y              -       C0->Y R     AOI221X1LVT        1  0.3    50    57    9098    (-,-) 
  g1454983/Y              -       B->Y  F     NAND4XLLVT         1  0.4    79    82    9180    (-,-) 
  g1454755/Y              -       C0->Y R     AOI221X1LVT        1  0.3    50    57    9237    (-,-) 
  g1454633/Y              -       B->Y  F     NAND4XLLVT         1  0.4    79    82    9320    (-,-) 
  g1454565/Y              -       D->Y  R     NOR4X1LVT          1  0.5    58    54    9374    (-,-) 
  g1454532/Y              -       B0->Y F     OAI211X1LVT        1  0.4    54    64    9438    (-,-) 
  u_cpu_u_pc/g160__5526/Y -       B1->Y R     AOI22X1LVT         1  0.3    38    37    9476    (-,-) 
  u_cpu_u_pc/g127__2398/Y -       B->Y  F     NOR2XLLVT          1  0.2    16    24    9500    (-,-) 
  u_cpu_u_pc/PC_reg[31]/D -       -     F     DFFSX2LVT          1    -     -     0    9500    (-,-) 
#----------------------------------------------------------------------------------------------------



Path 2: MET (355 ps) Setup Check with Pin u_cpu_u_pc/PC_reg[9]/CK->D
          Group: clk
     Startpoint: (R) u_cpu_u_pc/PC_reg[6]/CK
          Clock: (R) clk
       Endpoint: (F) u_cpu_u_pc/PC_reg[9]/D
          Clock: (R) clk

                     Capture       Launch     
        Clock Edge:+   10000            0     
       Src Latency:+       0            0     
       Net Latency:+       0 (I)        0 (I) 
           Arrival:=   10000            0     
                                              
             Setup:-      45                  
       Uncertainty:-     100                  
     Required Time:=    9855                  
      Launch Clock:-       0                  
         Data Path:-    9500                  
             Slack:=     355                  

#----------------------------------------------------------------------------------------------------
#      Timing Point       Flags   Arc   Edge     Cell       Fanout Load Trans Delay Arrival Instance 
#                                                                  (fF)  (ps)  (ps)   (ps)  Location 
#----------------------------------------------------------------------------------------------------
  u_cpu_u_pc/PC_reg[6]/CK -       -     R     (arrival)     107330    -     0     0       0    (-,-) 
  u_cpu_u_pc/PC_reg[6]/Q  -       CK->Q F     DFFHQX4LVT        11  5.2    21    98      98    (-,-) 
  g1378803/Y              -       A->Y  R     CLKINVX6LVT       49 25.9    50    35     132    (-,-) 
  g1378802/Y              -       A->Y  F     INVX3LVT          46 19.0    82    58     191    (-,-) 
  g1378569/Y              -       B->Y  R     NAND2XLLVT         1  0.5    25    43     234    (-,-) 
  g1378275/Y              -       B->Y  F     NOR2BX1LVT         4  1.8    29    26     260    (-,-) 
  g1378036/Y              -       B->Y  F     CLKAND2X3LVT      91 24.6    97    87     347    (-,-) 
  g1376471/Y              -       A->Y  R     NAND2X1LVT         1  0.5    27    46     392    (-,-) 
  g1352324/Y              -       A->Y  F     INVX1LVT          30  6.0    71    51     443    (-,-) 
  g1586767/Y              -       A1->Y R     AOI22XLLVT         1  0.3    37    54     497    (-,-) 
  g1577080/Y              -       A->Y  F     NAND4XLLVT         1  0.4    78    81     578    (-,-) 
  g1577020/Y              -       B0->Y R     AOI21X1LVT         1  0.3    28    44     622    (-,-) 
  g1576889/Y              -       D->Y  F     NAND4XLLVT         1  0.4    78    59     681    (-,-) 
  g1576802/Y              -       B->Y  R     NOR2BX1LVT         1  0.5    28    42     723    (-,-) 
  g1576711/Y              -       C0->Y F     OAI211X1LVT        1  0.4    52    48     772    (-,-) 
  g1576621/Y              -       B->Y  R     NOR2BX1LVT         1  0.5    25    32     804    (-,-) 
  g1576535/Y              -       C0->Y F     OAI211X1LVT        1  0.4    52    47     851    (-,-) 
  g1576457/Y              -       B->Y  R     NOR2BX1LVT         1  0.5    25    32     884    (-,-) 
  g1576379/Y              -       C0->Y F     OAI211X1LVT        1  0.4    52    47     931    (-,-) 
  g1576301/Y              -       B->Y  R     NOR2BX1LVT         1  0.5    25    32     964    (-,-) 
  g1576227/Y              -       C0->Y F     OAI211X1LVT        1  0.4    52    47    1011    (-,-) 
  g1576167/Y              -       B->Y  R     NOR2BX1LVT         1  0.5    25    32    1044    (-,-) 
  g1576107/Y              -       C0->Y F     OAI211X1LVT        1  0.4    52    47    1091    (-,-) 
  g1576047/Y              -       B->Y  R     NOR2BX1LVT         1  0.5    25    32    1124    (-,-) 
  g1575987/Y              -       C0->Y F     OAI211X1LVT        1  0.4    52    47    1171    (-,-) 
  g1575927/Y              -       B->Y  R     NOR2BX1LVT         1  0.5    25    32    1204    (-,-) 
  g1575867/Y              -       C0->Y F     OAI211X1LVT        1  0.4    52    47    1251    (-,-) 
  g1575807/Y              -       B->Y  R     NOR2BX1LVT         1  0.5    25    32    1283    (-,-) 
  g1575747/Y              -       C0->Y F     OAI211X1LVT        1  0.4    52    47    1331    (-,-) 
  g1575687/Y              -       B->Y  R     NOR2BX1LVT         1  0.5    25    32    1363    (-,-) 
  g1575627/Y              -       C0->Y F     OAI211X1LVT        1  0.4    52    47    1411    (-,-) 
  g1575568/Y              -       B->Y  R     NOR2BX1LVT         1  0.5    25    32    1443    (-,-) 
  g1575508/Y              -       C0->Y F     OAI211X1LVT        1  0.4    52    47    1491    (-,-) 
  g1575448/Y              -       B->Y  R     NOR2BX1LVT         1  0.5    25    32    1523    (-,-) 
  g1575388/Y              -       C0->Y F     OAI211X1LVT        1  0.4    52    47    1570    (-,-) 
  g1575328/Y              -       B->Y  R     NOR2BX1LVT         1  0.5    25    32    1603    (-,-) 
  g1575268/Y              -       C0->Y F     OAI211X1LVT        1  0.4    52    47    1650    (-,-) 
  g1575208/Y              -       B->Y  R     NOR2BX1LVT         1  0.5    25    32    1683    (-,-) 
  g1575148/Y              -       C0->Y F     OAI211X1LVT        1  0.4    52    47    1730    (-,-) 
  g1575088/Y              -       B->Y  R     NOR2BX1LVT         1  0.5    25    32    1763    (-,-) 
  g1575028/Y              -       C0->Y F     OAI211X1LVT        1  0.4    52    47    1810    (-,-) 
  g1574968/Y              -       B->Y  R     NOR2BX1LVT         1  0.5    25    32    1843    (-,-) 
  g1574908/Y              -       C0->Y F     OAI211X1LVT        1  0.4    52    47    1890    (-,-) 
  g1574848/Y              -       B->Y  R     NOR2BX1LVT         1  0.5    25    32    1923    (-,-) 
  g1574788/Y              -       C0->Y F     OAI211X1LVT        1  0.4    52    47    1970    (-,-) 
  g1574728/Y              -       B->Y  R     NOR2BX1LVT         1  0.5    25    32    2002    (-,-) 
  g1574668/Y              -       C0->Y F     OAI211X1LVT        1  0.4    52    47    2050    (-,-) 
  g1574608/Y              -       B->Y  R     NOR2BX1LVT         1  0.5    25    32    2082    (-,-) 
  g1574547/Y              -       C0->Y F     OAI211X1LVT        1  0.4    52    47    2130    (-,-) 
  g1574487/Y              -       B->Y  R     NOR2BX1LVT         1  0.5    25    32    2162    (-,-) 
  g1574427/Y              -       C0->Y F     OAI211X1LVT        1  0.4    52    47    2210    (-,-) 
  g1574367/Y              -       B->Y  R     NOR2BX1LVT         1  0.5    25    32    2242    (-,-) 
  g1574306/Y              -       C0->Y F     OAI211X1LVT        1  0.4    52    47    2290    (-,-) 
  g1574246/Y              -       B->Y  R     NOR2BX1LVT         1  0.5    25    32    2322    (-,-) 
  g1574186/Y              -       C0->Y F     OAI211X1LVT        1  0.4    52    47    2370    (-,-) 
  g1574126/Y              -       B->Y  R     NOR2BX1LVT         1  0.5    25    32    2402    (-,-) 
  g1574066/Y              -       C0->Y F     OAI211X1LVT        1  0.4    52    47    2449    (-,-) 
  g1574007/Y              -       B->Y  R     NOR2BX1LVT         1  0.5    25    32    2482    (-,-) 
  g1573947/Y              -       C0->Y F     OAI211X1LVT        1  0.4    52    47    2529    (-,-) 
  g1573887/Y              -       B->Y  R     NOR2BX1LVT         1  0.5    25    32    2562    (-,-) 
  g1573827/Y              -       C0->Y F     OAI211X1LVT        1  0.4    52    47    2609    (-,-) 
  g1573767/Y              -       B->Y  R     NOR2BX1LVT         1  0.5    25    32    2642    (-,-) 
  g1573707/Y              -       C0->Y F     OAI211X1LVT        1  0.4    52    47    2689    (-,-) 
  g1573647/Y              -       B->Y  R     NOR2BX1LVT         1  0.5    25    32    2722    (-,-) 
  g1573587/Y              -       C0->Y F     OAI211X1LVT        1  0.4    52    47    2769    (-,-) 
  g1573527/Y              -       B->Y  R     NOR2BX1LVT         1  0.5    25    32    2802    (-,-) 
  g1573467/Y              -       C0->Y F     OAI211X1LVT        1  0.4    52    47    2849    (-,-) 
  g1573407/Y              -       B->Y  R     NOR2BX1LVT         1  0.5    25    32    2881    (-,-) 
  g1573347/Y              -       C0->Y F     OAI211X1LVT        1  0.4    52    47    2929    (-,-) 
  g1573287/Y              -       B->Y  R     NOR2BX1LVT         1  0.5    25    32    2961    (-,-) 
  g1573227/Y              -       C0->Y F     OAI211X1LVT        1  0.4    52    47    3009    (-,-) 
  g1573167/Y              -       B->Y  R     NOR2BX1LVT         1  0.5    25    32    3041    (-,-) 
  g1573107/Y              -       C0->Y F     OAI211X1LVT        1  0.4    52    47    3089    (-,-) 
  g1573047/Y              -       B->Y  R     NOR2BX1LVT         1  0.5    25    32    3121    (-,-) 
  g1572987/Y              -       C0->Y F     OAI211X1LVT        1  0.4    52    47    3168    (-,-) 
  g1572927/Y              -       B->Y  R     NOR2BX1LVT         1  0.5    25    32    3201    (-,-) 
  g1572867/Y              -       C0->Y F     OAI211X1LVT        1  0.4    52    47    3248    (-,-) 
  g1572807/Y              -       B->Y  R     NOR2BX1LVT         1  0.5    25    32    3281    (-,-) 
  g1572747/Y              -       C0->Y F     OAI211X1LVT        1  0.4    52    47    3328    (-,-) 
  g1572687/Y              -       B->Y  R     NOR2BX1LVT         1  0.5    25    32    3361    (-,-) 
  g1572627/Y              -       C0->Y F     OAI211X1LVT        1  0.4    52    47    3408    (-,-) 
  g1572567/Y              -       B->Y  R     NOR2BX1LVT         1  0.5    25    32    3441    (-,-) 
  g1572507/Y              -       C0->Y F     OAI211X1LVT        1  0.4    52    47    3488    (-,-) 
  g1572447/Y              -       B->Y  R     NOR2BX1LVT         1  0.5    25    32    3521    (-,-) 
  g1572388/Y              -       C0->Y F     OAI211X1LVT        1  0.4    52    47    3568    (-,-) 
  g1572328/Y              -       B->Y  R     NOR2BX1LVT         1  0.5    25    32    3600    (-,-) 
  g1572268/Y              -       C0->Y F     OAI211X1LVT        1  0.4    52    47    3648    (-,-) 
  g1572208/Y              -       B->Y  R     NOR2BX1LVT         1  0.5    25    32    3680    (-,-) 
  g1572149/Y              -       C0->Y F     OAI211X1LVT        1  0.4    52    47    3728    (-,-) 
  g1572089/Y              -       B->Y  R     NOR2BX1LVT         1  0.5    25    32    3760    (-,-) 
  g1572029/Y              -       C0->Y F     OAI211X1LVT        1  0.4    52    47    3808    (-,-) 
  g1571969/Y              -       B->Y  R     NOR2BX1LVT         1  0.5    25    32    3840    (-,-) 
  g1571909/Y              -       C0->Y F     OAI211X1LVT        1  0.4    52    47    3888    (-,-) 
  g1571849/Y              -       B->Y  R     NOR2BX1LVT         1  0.5    25    32    3920    (-,-) 
  g1571789/Y              -       C0->Y F     OAI211X1LVT        1  0.4    52    47    3968    (-,-) 
  g1571729/Y              -       B->Y  R     NOR2BX1LVT         1  0.5    25    32    4000    (-,-) 
  g1571669/Y              -       C0->Y F     OAI211X1LVT        1  0.4    52    47    4047    (-,-) 
  g1571609/Y              -       B->Y  R     NOR2BX1LVT         1  0.5    25    32    4080    (-,-) 
  g1571549/Y              -       C0->Y F     OAI211X1LVT        1  0.4    52    47    4127    (-,-) 
  g1571489/Y              -       B->Y  R     NOR2BX1LVT         1  0.5    25    32    4160    (-,-) 
  g1571429/Y              -       C0->Y F     OAI211X1LVT        1  0.4    52    47    4207    (-,-) 
  g1571369/Y              -       B->Y  R     NOR2BX1LVT         1  0.5    25    32    4240    (-,-) 
  g1571309/Y              -       C0->Y F     OAI211X1LVT        1  0.4    52    47    4287    (-,-) 
  g1571249/Y              -       B->Y  R     NOR2BX1LVT         1  0.5    25    32    4320    (-,-) 
  g1571189/Y              -       C0->Y F     OAI211X1LVT        1  0.4    52    47    4367    (-,-) 
  g1571129/Y              -       B->Y  R     NOR2BX1LVT         1  0.5    25    32    4400    (-,-) 
  g1571069/Y              -       C0->Y F     OAI211X1LVT        1  0.4    52    47    4447    (-,-) 
  g1571009/Y              -       B->Y  R     NOR2BX1LVT         1  0.5    25    32    4479    (-,-) 
  g1570949/Y              -       C0->Y F     OAI211X1LVT        1  0.4    52    47    4527    (-,-) 
  g1570888/Y              -       B->Y  R     NOR2BX1LVT         1  0.5    25    32    4559    (-,-) 
  g1570828/Y              -       C0->Y F     OAI211X1LVT        1  0.4    52    47    4607    (-,-) 
  g1570768/Y              -       C0->Y R     AOI221X1LVT        1  0.3    47    48    4654    (-,-) 
  g1570708/Y              -       B->Y  F     NAND4XLLVT         1  0.4    79    82    4736    (-,-) 
  g1570648/Y              -       C0->Y R     AOI221X1LVT        1  0.3    50    57    4793    (-,-) 
  g1570588/Y              -       B->Y  F     NAND4XLLVT         1  0.4    79    82    4875    (-,-) 
  g1570528/Y              -       C0->Y R     AOI221X1LVT        1  0.3    50    57    4932    (-,-) 
  g1570468/Y              -       B->Y  F     NAND4XLLVT         1  0.4    79    82    5015    (-,-) 
  g1570409/Y              -       C0->Y R     AOI221X1LVT        1  0.3    50    57    5072    (-,-) 
  g1570349/Y              -       B->Y  F     NAND4XLLVT         1  0.4    79    82    5154    (-,-) 
  g1570289/Y              -       C0->Y R     AOI221X1LVT        1  0.3    50    57    5211    (-,-) 
  g1570229/Y              -       B->Y  F     NAND4XLLVT         1  0.4    79    82    5294    (-,-) 
  g1570169/Y              -       C0->Y R     AOI221X1LVT        1  0.3    50    57    5351    (-,-) 
  g1570109/Y              -       B->Y  F     NAND4XLLVT         1  0.4    79    82    5433    (-,-) 
  g1570049/Y              -       C0->Y R     AOI221X1LVT        1  0.3    50    57    5490    (-,-) 
  g1569989/Y              -       B->Y  F     NAND4XLLVT         1  0.4    79    82    5572    (-,-) 
  g1569929/Y              -       C0->Y R     AOI221X1LVT        1  0.3    50    57    5630    (-,-) 
  g1569869/Y              -       B->Y  F     NAND4XLLVT         1  0.4    79    82    5712    (-,-) 
  g1569809/Y              -       C0->Y R     AOI221X1LVT        1  0.3    50    57    5769    (-,-) 
  g1569748/Y              -       B->Y  F     NAND4XLLVT         1  0.4    79    82    5851    (-,-) 
  g1569688/Y              -       C0->Y R     AOI221X1LVT        1  0.3    50    57    5908    (-,-) 
  g1569628/Y              -       B->Y  F     NAND4XLLVT         1  0.4    79    82    5991    (-,-) 
  g1569568/Y              -       C0->Y R     AOI221X1LVT        1  0.3    50    57    6048    (-,-) 
  g1569509/Y              -       B->Y  F     NAND4XLLVT         1  0.4    79    82    6130    (-,-) 
  g1569449/Y              -       C0->Y R     AOI221X1LVT        1  0.3    50    57    6187    (-,-) 
  g1569389/Y              -       B->Y  F     NAND4XLLVT         1  0.4    79    82    6270    (-,-) 
  g1569329/Y              -       C0->Y R     AOI221X1LVT        1  0.3    50    57    6327    (-,-) 
  g1569268/Y              -       B->Y  F     NAND4XLLVT         1  0.4    79    82    6409    (-,-) 
  g1569208/Y              -       C0->Y R     AOI221X1LVT        1  0.3    50    57    6466    (-,-) 
  g1569148/Y              -       B->Y  F     NAND4XLLVT         1  0.4    79    82    6548    (-,-) 
  g1569089/Y              -       C0->Y R     AOI221X1LVT        1  0.3    50    57    6605    (-,-) 
  g1569029/Y              -       B->Y  F     NAND4XLLVT         1  0.4    79    82    6688    (-,-) 
  g1568968/Y              -       C0->Y R     AOI221X1LVT        1  0.3    50    57    6745    (-,-) 
  g1568909/Y              -       B->Y  F     NAND4XLLVT         1  0.4    79    82    6827    (-,-) 
  g1568849/Y              -       C0->Y R     AOI221X1LVT        1  0.3    50    57    6884    (-,-) 
  g1568721/Y              -       B->Y  F     NAND4XLLVT         5  1.7   174   138    7022    (-,-) 
  g1484074/Y              -       D->Y  R     NAND4XLLVT         4  1.6    63    94    7116    (-,-) 
  g1481550/Y              -       B->Y  F     NOR2X1LVT          4  1.0    28    36    7152    (-,-) 
  g1481311/Y              -       B->Y  F     AND2X1LVT         15  3.0    37    49    7201    (-,-) 
  g1487323/Y              -       AN->Y F     NOR2BX1LVT         2  0.4    14    34    7235    (-,-) 
  g1479605/Y              -       A->Y  F     AND3XLLVT         32  8.2   166   118    7353    (-,-) 
  g1475746/Y              -       B->Y  R     NAND2XLLVT         1  0.3    32    75    7427    (-,-) 
  g1464546/Y              -       A->Y  F     NAND4XLLVT         1  0.4    79    80    7507    (-,-) 
  g1464065/Y              -       C0->Y R     AOI221X1LVT        1  0.3    50    57    7564    (-,-) 
  g1463584/Y              -       B->Y  F     NAND4XLLVT         1  0.4    79    82    7646    (-,-) 
  g1463104/Y              -       C0->Y R     AOI221X1LVT        1  0.3    50    57    7704    (-,-) 
  g1462623/Y              -       B->Y  F     NAND4XLLVT         1  0.4    79    82    7786    (-,-) 
  g1462142/Y              -       C0->Y R     AOI221X1LVT        1  0.3    50    57    7843    (-,-) 
  g1461662/Y              -       B->Y  F     NAND4XLLVT         1  0.4    79    82    7925    (-,-) 
  g1461182/Y              -       C0->Y R     AOI221X1LVT        1  0.3    50    57    7982    (-,-) 
  g1460701/Y              -       B->Y  F     NAND4XLLVT         1  0.4    79    82    8065    (-,-) 
  g1460221/Y              -       C0->Y R     AOI221X1LVT        1  0.3    50    57    8122    (-,-) 
  g1459742/Y              -       B->Y  F     NAND4XLLVT         1  0.4    79    82    8204    (-,-) 
  g1459262/Y              -       C0->Y R     AOI221X1LVT        1  0.3    50    57    8261    (-,-) 
  g1458790/Y              -       B->Y  F     NAND4XLLVT         1  0.4    79    82    8344    (-,-) 
  g1458342/Y              -       C0->Y R     AOI221X1LVT        1  0.3    50    57    8401    (-,-) 
  g1457895/Y              -       B->Y  F     NAND4XLLVT         1  0.4    79    82    8483    (-,-) 
  g1457530/Y              -       C0->Y R     AOI221X1LVT        1  0.3    50    57    8540    (-,-) 
  g1457179/Y              -       B->Y  F     NAND4XLLVT         1  0.4    79    82    8622    (-,-) 
  g1456855/Y              -       C0->Y R     AOI221X1LVT        1  0.3    50    57    8679    (-,-) 
  g1456592/Y              -       B->Y  F     NAND4XLLVT         1  0.4    79    82    8762    (-,-) 
  g1456305/Y              -       C0->Y R     AOI221X1LVT        1  0.3    50    57    8819    (-,-) 
  g1456034/Y              -       B->Y  F     NAND4XLLVT         1  0.4    79    82    8901    (-,-) 
  g1455770/Y              -       C0->Y R     AOI221X1LVT        1  0.3    50    57    8958    (-,-) 
  g1455514/Y              -       B->Y  F     NAND4XLLVT         1  0.4    79    82    9040    (-,-) 
  g1455249/Y              -       C0->Y R     AOI221X1LVT        1  0.3    50    57    9098    (-,-) 
  g1454994/Y              -       B->Y  F     NAND4XLLVT         1  0.4    79    82    9180    (-,-) 
  g1454769/Y              -       C0->Y R     AOI221X1LVT        1  0.3    50    57    9237    (-,-) 
  g1454630/Y              -       B->Y  F     NAND4XLLVT         1  0.4    79    82    9320    (-,-) 
  g1454556/Y              -       D->Y  R     NOR4X1LVT          1  0.5    58    54    9374    (-,-) 
  g1454522/Y              -       B0->Y F     OAI211X1LVT        1  0.4    54    64    9438    (-,-) 
  u_cpu_u_pc/g159__8428/Y -       B1->Y R     AOI22X1LVT         1  0.3    38    37    9476    (-,-) 
  u_cpu_u_pc/g128__5107/Y -       B->Y  F     NOR2XLLVT          1  0.2    16    24    9500    (-,-) 
  u_cpu_u_pc/PC_reg[9]/D  -       -     F     DFFSX2LVT          1    -     -     0    9500    (-,-) 
#----------------------------------------------------------------------------------------------------



Path 3: MET (355 ps) Setup Check with Pin u_cpu_u_pc/PC_reg[30]/CK->D
          Group: clk
     Startpoint: (R) u_cpu_u_pc/PC_reg[6]/CK
          Clock: (R) clk
       Endpoint: (F) u_cpu_u_pc/PC_reg[30]/D
          Clock: (R) clk

                     Capture       Launch     
        Clock Edge:+   10000            0     
       Src Latency:+       0            0     
       Net Latency:+       0 (I)        0 (I) 
           Arrival:=   10000            0     
                                              
             Setup:-      45                  
       Uncertainty:-     100                  
     Required Time:=    9855                  
      Launch Clock:-       0                  
         Data Path:-    9500                  
             Slack:=     355                  

#----------------------------------------------------------------------------------------------------
#      Timing Point       Flags   Arc   Edge     Cell       Fanout Load Trans Delay Arrival Instance 
#                                                                  (fF)  (ps)  (ps)   (ps)  Location 
#----------------------------------------------------------------------------------------------------
  u_cpu_u_pc/PC_reg[6]/CK -       -     R     (arrival)     107330    -     0     0       0    (-,-) 
  u_cpu_u_pc/PC_reg[6]/Q  -       CK->Q F     DFFHQX4LVT        11  5.2    21    98      98    (-,-) 
  g1378803/Y              -       A->Y  R     CLKINVX6LVT       49 25.9    50    35     132    (-,-) 
  g1378802/Y              -       A->Y  F     INVX3LVT          46 19.0    82    58     191    (-,-) 
  g1378569/Y              -       B->Y  R     NAND2XLLVT         1  0.5    25    43     234    (-,-) 
  g1378275/Y              -       B->Y  F     NOR2BX1LVT         4  1.8    29    26     260    (-,-) 
  g1378036/Y              -       B->Y  F     CLKAND2X3LVT      91 24.6    97    87     347    (-,-) 
  g1376471/Y              -       A->Y  R     NAND2X1LVT         1  0.5    27    46     392    (-,-) 
  g1352324/Y              -       A->Y  F     INVX1LVT          30  6.0    71    51     443    (-,-) 
  g1586767/Y              -       A1->Y R     AOI22XLLVT         1  0.3    37    54     497    (-,-) 
  g1577080/Y              -       A->Y  F     NAND4XLLVT         1  0.4    78    81     578    (-,-) 
  g1577020/Y              -       B0->Y R     AOI21X1LVT         1  0.3    28    44     622    (-,-) 
  g1576889/Y              -       D->Y  F     NAND4XLLVT         1  0.4    78    59     681    (-,-) 
  g1576802/Y              -       B->Y  R     NOR2BX1LVT         1  0.5    28    42     723    (-,-) 
  g1576711/Y              -       C0->Y F     OAI211X1LVT        1  0.4    52    48     772    (-,-) 
  g1576621/Y              -       B->Y  R     NOR2BX1LVT         1  0.5    25    32     804    (-,-) 
  g1576535/Y              -       C0->Y F     OAI211X1LVT        1  0.4    52    47     851    (-,-) 
  g1576457/Y              -       B->Y  R     NOR2BX1LVT         1  0.5    25    32     884    (-,-) 
  g1576379/Y              -       C0->Y F     OAI211X1LVT        1  0.4    52    47     931    (-,-) 
  g1576301/Y              -       B->Y  R     NOR2BX1LVT         1  0.5    25    32     964    (-,-) 
  g1576227/Y              -       C0->Y F     OAI211X1LVT        1  0.4    52    47    1011    (-,-) 
  g1576167/Y              -       B->Y  R     NOR2BX1LVT         1  0.5    25    32    1044    (-,-) 
  g1576107/Y              -       C0->Y F     OAI211X1LVT        1  0.4    52    47    1091    (-,-) 
  g1576047/Y              -       B->Y  R     NOR2BX1LVT         1  0.5    25    32    1124    (-,-) 
  g1575987/Y              -       C0->Y F     OAI211X1LVT        1  0.4    52    47    1171    (-,-) 
  g1575927/Y              -       B->Y  R     NOR2BX1LVT         1  0.5    25    32    1204    (-,-) 
  g1575867/Y              -       C0->Y F     OAI211X1LVT        1  0.4    52    47    1251    (-,-) 
  g1575807/Y              -       B->Y  R     NOR2BX1LVT         1  0.5    25    32    1283    (-,-) 
  g1575747/Y              -       C0->Y F     OAI211X1LVT        1  0.4    52    47    1331    (-,-) 
  g1575687/Y              -       B->Y  R     NOR2BX1LVT         1  0.5    25    32    1363    (-,-) 
  g1575627/Y              -       C0->Y F     OAI211X1LVT        1  0.4    52    47    1411    (-,-) 
  g1575568/Y              -       B->Y  R     NOR2BX1LVT         1  0.5    25    32    1443    (-,-) 
  g1575508/Y              -       C0->Y F     OAI211X1LVT        1  0.4    52    47    1491    (-,-) 
  g1575448/Y              -       B->Y  R     NOR2BX1LVT         1  0.5    25    32    1523    (-,-) 
  g1575388/Y              -       C0->Y F     OAI211X1LVT        1  0.4    52    47    1570    (-,-) 
  g1575328/Y              -       B->Y  R     NOR2BX1LVT         1  0.5    25    32    1603    (-,-) 
  g1575268/Y              -       C0->Y F     OAI211X1LVT        1  0.4    52    47    1650    (-,-) 
  g1575208/Y              -       B->Y  R     NOR2BX1LVT         1  0.5    25    32    1683    (-,-) 
  g1575148/Y              -       C0->Y F     OAI211X1LVT        1  0.4    52    47    1730    (-,-) 
  g1575088/Y              -       B->Y  R     NOR2BX1LVT         1  0.5    25    32    1763    (-,-) 
  g1575028/Y              -       C0->Y F     OAI211X1LVT        1  0.4    52    47    1810    (-,-) 
  g1574968/Y              -       B->Y  R     NOR2BX1LVT         1  0.5    25    32    1843    (-,-) 
  g1574908/Y              -       C0->Y F     OAI211X1LVT        1  0.4    52    47    1890    (-,-) 
  g1574848/Y              -       B->Y  R     NOR2BX1LVT         1  0.5    25    32    1923    (-,-) 
  g1574788/Y              -       C0->Y F     OAI211X1LVT        1  0.4    52    47    1970    (-,-) 
  g1574728/Y              -       B->Y  R     NOR2BX1LVT         1  0.5    25    32    2002    (-,-) 
  g1574668/Y              -       C0->Y F     OAI211X1LVT        1  0.4    52    47    2050    (-,-) 
  g1574608/Y              -       B->Y  R     NOR2BX1LVT         1  0.5    25    32    2082    (-,-) 
  g1574547/Y              -       C0->Y F     OAI211X1LVT        1  0.4    52    47    2130    (-,-) 
  g1574487/Y              -       B->Y  R     NOR2BX1LVT         1  0.5    25    32    2162    (-,-) 
  g1574427/Y              -       C0->Y F     OAI211X1LVT        1  0.4    52    47    2210    (-,-) 
  g1574367/Y              -       B->Y  R     NOR2BX1LVT         1  0.5    25    32    2242    (-,-) 
  g1574306/Y              -       C0->Y F     OAI211X1LVT        1  0.4    52    47    2290    (-,-) 
  g1574246/Y              -       B->Y  R     NOR2BX1LVT         1  0.5    25    32    2322    (-,-) 
  g1574186/Y              -       C0->Y F     OAI211X1LVT        1  0.4    52    47    2370    (-,-) 
  g1574126/Y              -       B->Y  R     NOR2BX1LVT         1  0.5    25    32    2402    (-,-) 
  g1574066/Y              -       C0->Y F     OAI211X1LVT        1  0.4    52    47    2449    (-,-) 
  g1574007/Y              -       B->Y  R     NOR2BX1LVT         1  0.5    25    32    2482    (-,-) 
  g1573947/Y              -       C0->Y F     OAI211X1LVT        1  0.4    52    47    2529    (-,-) 
  g1573887/Y              -       B->Y  R     NOR2BX1LVT         1  0.5    25    32    2562    (-,-) 
  g1573827/Y              -       C0->Y F     OAI211X1LVT        1  0.4    52    47    2609    (-,-) 
  g1573767/Y              -       B->Y  R     NOR2BX1LVT         1  0.5    25    32    2642    (-,-) 
  g1573707/Y              -       C0->Y F     OAI211X1LVT        1  0.4    52    47    2689    (-,-) 
  g1573647/Y              -       B->Y  R     NOR2BX1LVT         1  0.5    25    32    2722    (-,-) 
  g1573587/Y              -       C0->Y F     OAI211X1LVT        1  0.4    52    47    2769    (-,-) 
  g1573527/Y              -       B->Y  R     NOR2BX1LVT         1  0.5    25    32    2802    (-,-) 
  g1573467/Y              -       C0->Y F     OAI211X1LVT        1  0.4    52    47    2849    (-,-) 
  g1573407/Y              -       B->Y  R     NOR2BX1LVT         1  0.5    25    32    2881    (-,-) 
  g1573347/Y              -       C0->Y F     OAI211X1LVT        1  0.4    52    47    2929    (-,-) 
  g1573287/Y              -       B->Y  R     NOR2BX1LVT         1  0.5    25    32    2961    (-,-) 
  g1573227/Y              -       C0->Y F     OAI211X1LVT        1  0.4    52    47    3009    (-,-) 
  g1573167/Y              -       B->Y  R     NOR2BX1LVT         1  0.5    25    32    3041    (-,-) 
  g1573107/Y              -       C0->Y F     OAI211X1LVT        1  0.4    52    47    3089    (-,-) 
  g1573047/Y              -       B->Y  R     NOR2BX1LVT         1  0.5    25    32    3121    (-,-) 
  g1572987/Y              -       C0->Y F     OAI211X1LVT        1  0.4    52    47    3168    (-,-) 
  g1572927/Y              -       B->Y  R     NOR2BX1LVT         1  0.5    25    32    3201    (-,-) 
  g1572867/Y              -       C0->Y F     OAI211X1LVT        1  0.4    52    47    3248    (-,-) 
  g1572807/Y              -       B->Y  R     NOR2BX1LVT         1  0.5    25    32    3281    (-,-) 
  g1572747/Y              -       C0->Y F     OAI211X1LVT        1  0.4    52    47    3328    (-,-) 
  g1572687/Y              -       B->Y  R     NOR2BX1LVT         1  0.5    25    32    3361    (-,-) 
  g1572627/Y              -       C0->Y F     OAI211X1LVT        1  0.4    52    47    3408    (-,-) 
  g1572567/Y              -       B->Y  R     NOR2BX1LVT         1  0.5    25    32    3441    (-,-) 
  g1572507/Y              -       C0->Y F     OAI211X1LVT        1  0.4    52    47    3488    (-,-) 
  g1572447/Y              -       B->Y  R     NOR2BX1LVT         1  0.5    25    32    3521    (-,-) 
  g1572388/Y              -       C0->Y F     OAI211X1LVT        1  0.4    52    47    3568    (-,-) 
  g1572328/Y              -       B->Y  R     NOR2BX1LVT         1  0.5    25    32    3600    (-,-) 
  g1572268/Y              -       C0->Y F     OAI211X1LVT        1  0.4    52    47    3648    (-,-) 
  g1572208/Y              -       B->Y  R     NOR2BX1LVT         1  0.5    25    32    3680    (-,-) 
  g1572149/Y              -       C0->Y F     OAI211X1LVT        1  0.4    52    47    3728    (-,-) 
  g1572089/Y              -       B->Y  R     NOR2BX1LVT         1  0.5    25    32    3760    (-,-) 
  g1572029/Y              -       C0->Y F     OAI211X1LVT        1  0.4    52    47    3808    (-,-) 
  g1571969/Y              -       B->Y  R     NOR2BX1LVT         1  0.5    25    32    3840    (-,-) 
  g1571909/Y              -       C0->Y F     OAI211X1LVT        1  0.4    52    47    3888    (-,-) 
  g1571849/Y              -       B->Y  R     NOR2BX1LVT         1  0.5    25    32    3920    (-,-) 
  g1571789/Y              -       C0->Y F     OAI211X1LVT        1  0.4    52    47    3968    (-,-) 
  g1571729/Y              -       B->Y  R     NOR2BX1LVT         1  0.5    25    32    4000    (-,-) 
  g1571669/Y              -       C0->Y F     OAI211X1LVT        1  0.4    52    47    4047    (-,-) 
  g1571609/Y              -       B->Y  R     NOR2BX1LVT         1  0.5    25    32    4080    (-,-) 
  g1571549/Y              -       C0->Y F     OAI211X1LVT        1  0.4    52    47    4127    (-,-) 
  g1571489/Y              -       B->Y  R     NOR2BX1LVT         1  0.5    25    32    4160    (-,-) 
  g1571429/Y              -       C0->Y F     OAI211X1LVT        1  0.4    52    47    4207    (-,-) 
  g1571369/Y              -       B->Y  R     NOR2BX1LVT         1  0.5    25    32    4240    (-,-) 
  g1571309/Y              -       C0->Y F     OAI211X1LVT        1  0.4    52    47    4287    (-,-) 
  g1571249/Y              -       B->Y  R     NOR2BX1LVT         1  0.5    25    32    4320    (-,-) 
  g1571189/Y              -       C0->Y F     OAI211X1LVT        1  0.4    52    47    4367    (-,-) 
  g1571129/Y              -       B->Y  R     NOR2BX1LVT         1  0.5    25    32    4400    (-,-) 
  g1571069/Y              -       C0->Y F     OAI211X1LVT        1  0.4    52    47    4447    (-,-) 
  g1571009/Y              -       B->Y  R     NOR2BX1LVT         1  0.5    25    32    4479    (-,-) 
  g1570949/Y              -       C0->Y F     OAI211X1LVT        1  0.4    52    47    4527    (-,-) 
  g1570888/Y              -       B->Y  R     NOR2BX1LVT         1  0.5    25    32    4559    (-,-) 
  g1570828/Y              -       C0->Y F     OAI211X1LVT        1  0.4    52    47    4607    (-,-) 
  g1570768/Y              -       C0->Y R     AOI221X1LVT        1  0.3    47    48    4654    (-,-) 
  g1570708/Y              -       B->Y  F     NAND4XLLVT         1  0.4    79    82    4736    (-,-) 
  g1570648/Y              -       C0->Y R     AOI221X1LVT        1  0.3    50    57    4793    (-,-) 
  g1570588/Y              -       B->Y  F     NAND4XLLVT         1  0.4    79    82    4875    (-,-) 
  g1570528/Y              -       C0->Y R     AOI221X1LVT        1  0.3    50    57    4932    (-,-) 
  g1570468/Y              -       B->Y  F     NAND4XLLVT         1  0.4    79    82    5015    (-,-) 
  g1570409/Y              -       C0->Y R     AOI221X1LVT        1  0.3    50    57    5072    (-,-) 
  g1570349/Y              -       B->Y  F     NAND4XLLVT         1  0.4    79    82    5154    (-,-) 
  g1570289/Y              -       C0->Y R     AOI221X1LVT        1  0.3    50    57    5211    (-,-) 
  g1570229/Y              -       B->Y  F     NAND4XLLVT         1  0.4    79    82    5294    (-,-) 
  g1570169/Y              -       C0->Y R     AOI221X1LVT        1  0.3    50    57    5351    (-,-) 
  g1570109/Y              -       B->Y  F     NAND4XLLVT         1  0.4    79    82    5433    (-,-) 
  g1570049/Y              -       C0->Y R     AOI221X1LVT        1  0.3    50    57    5490    (-,-) 
  g1569989/Y              -       B->Y  F     NAND4XLLVT         1  0.4    79    82    5572    (-,-) 
  g1569929/Y              -       C0->Y R     AOI221X1LVT        1  0.3    50    57    5630    (-,-) 
  g1569869/Y              -       B->Y  F     NAND4XLLVT         1  0.4    79    82    5712    (-,-) 
  g1569809/Y              -       C0->Y R     AOI221X1LVT        1  0.3    50    57    5769    (-,-) 
  g1569748/Y              -       B->Y  F     NAND4XLLVT         1  0.4    79    82    5851    (-,-) 
  g1569688/Y              -       C0->Y R     AOI221X1LVT        1  0.3    50    57    5908    (-,-) 
  g1569628/Y              -       B->Y  F     NAND4XLLVT         1  0.4    79    82    5991    (-,-) 
  g1569568/Y              -       C0->Y R     AOI221X1LVT        1  0.3    50    57    6048    (-,-) 
  g1569509/Y              -       B->Y  F     NAND4XLLVT         1  0.4    79    82    6130    (-,-) 
  g1569449/Y              -       C0->Y R     AOI221X1LVT        1  0.3    50    57    6187    (-,-) 
  g1569389/Y              -       B->Y  F     NAND4XLLVT         1  0.4    79    82    6270    (-,-) 
  g1569329/Y              -       C0->Y R     AOI221X1LVT        1  0.3    50    57    6327    (-,-) 
  g1569268/Y              -       B->Y  F     NAND4XLLVT         1  0.4    79    82    6409    (-,-) 
  g1569208/Y              -       C0->Y R     AOI221X1LVT        1  0.3    50    57    6466    (-,-) 
  g1569148/Y              -       B->Y  F     NAND4XLLVT         1  0.4    79    82    6548    (-,-) 
  g1569089/Y              -       C0->Y R     AOI221X1LVT        1  0.3    50    57    6605    (-,-) 
  g1569029/Y              -       B->Y  F     NAND4XLLVT         1  0.4    79    82    6688    (-,-) 
  g1568968/Y              -       C0->Y R     AOI221X1LVT        1  0.3    50    57    6745    (-,-) 
  g1568909/Y              -       B->Y  F     NAND4XLLVT         1  0.4    79    82    6827    (-,-) 
  g1568849/Y              -       C0->Y R     AOI221X1LVT        1  0.3    50    57    6884    (-,-) 
  g1568721/Y              -       B->Y  F     NAND4XLLVT         5  1.7   174   138    7022    (-,-) 
  g1484074/Y              -       D->Y  R     NAND4XLLVT         4  1.6    63    94    7116    (-,-) 
  g1481550/Y              -       B->Y  F     NOR2X1LVT          4  1.0    28    36    7152    (-,-) 
  g1481311/Y              -       B->Y  F     AND2X1LVT         15  3.0    37    49    7201    (-,-) 
  g1487323/Y              -       AN->Y F     NOR2BX1LVT         2  0.4    14    34    7235    (-,-) 
  g1479605/Y              -       A->Y  F     AND3XLLVT         32  8.2   166   118    7353    (-,-) 
  g1475265/Y              -       B->Y  R     NAND2XLLVT         1  0.3    32    75    7427    (-,-) 
  g1464822/Y              -       A->Y  F     NAND4XLLVT         1  0.4    79    80    7507    (-,-) 
  g1464341/Y              -       C0->Y R     AOI221X1LVT        1  0.3    50    57    7564    (-,-) 
  g1463860/Y              -       B->Y  F     NAND4XLLVT         1  0.4    79    82    7646    (-,-) 
  g1463448/Y              -       C0->Y R     AOI221X1LVT        1  0.3    50    57    7704    (-,-) 
  g1462899/Y              -       B->Y  F     NAND4XLLVT         1  0.4    79    82    7786    (-,-) 
  g1462484/Y              -       C0->Y R     AOI221X1LVT        1  0.3    50    57    7843    (-,-) 
  g1462002/Y              -       B->Y  F     NAND4XLLVT         1  0.4    79    82    7925    (-,-) 
  g1461522/Y              -       C0->Y R     AOI221X1LVT        1  0.3    50    57    7982    (-,-) 
  g1461041/Y              -       B->Y  F     NAND4XLLVT         1  0.4    79    82    8065    (-,-) 
  g1460562/Y              -       C0->Y R     AOI221X1LVT        1  0.3    50    57    8122    (-,-) 
  g1460080/Y              -       B->Y  F     NAND4XLLVT         1  0.4    79    82    8204    (-,-) 
  g1459600/Y              -       C0->Y R     AOI221X1LVT        1  0.3    50    57    8261    (-,-) 
  g1459121/Y              -       B->Y  F     NAND4XLLVT         1  0.4    79    82    8344    (-,-) 
  g1458658/Y              -       C0->Y R     AOI221X1LVT        1  0.3    50    57    8401    (-,-) 
  g1458208/Y              -       B->Y  F     NAND4XLLVT         1  0.4    79    82    8483    (-,-) 
  g1457767/Y              -       C0->Y R     AOI221X1LVT        1  0.3    50    57    8540    (-,-) 
  g1457416/Y              -       B->Y  F     NAND4XLLVT         1  0.4    79    82    8622    (-,-) 
  g1457073/Y              -       C0->Y R     AOI221X1LVT        1  0.3    50    57    8679    (-,-) 
  g1456765/Y              -       B->Y  F     NAND4XLLVT         1  0.4    79    82    8762    (-,-) 
  g1456476/Y              -       C0->Y R     AOI221X1LVT        1  0.3    50    57    8819    (-,-) 
  g1456204/Y              -       B->Y  F     NAND4XLLVT         1  0.4    79    82    8901    (-,-) 
  g1455945/Y              -       C0->Y R     AOI221X1LVT        1  0.3    50    57    8958    (-,-) 
  g1455684/Y              -       B->Y  F     NAND4XLLVT         1  0.4    79    82    9040    (-,-) 
  g1455420/Y              -       C0->Y R     AOI221X1LVT        1  0.3    50    57    9098    (-,-) 
  g1455164/Y              -       B->Y  F     NAND4XLLVT         1  0.4    79    82    9180    (-,-) 
  g1454938/Y              -       C0->Y R     AOI221X1LVT        1  0.3    50    57    9237    (-,-) 
  g1454722/Y              -       B->Y  F     NAND4XLLVT         1  0.4    79    82    9320    (-,-) 
  g1454595/Y              -       D->Y  R     NOR4X1LVT          1  0.5    58    54    9374    (-,-) 
  g1454536/Y              -       B0->Y F     OAI211X1LVT        1  0.4    54    64    9438    (-,-) 
  u_cpu_u_pc/g157__6260/Y -       B1->Y R     AOI22X1LVT         1  0.3    38    37    9476    (-,-) 
  u_cpu_u_pc/g109__1705/Y -       B->Y  F     NOR2XLLVT          1  0.2    16    24    9500    (-,-) 
  u_cpu_u_pc/PC_reg[30]/D -       -     F     DFFSX2LVT          1    -     -     0    9500    (-,-) 
#----------------------------------------------------------------------------------------------------



Path 4: MET (355 ps) Setup Check with Pin u_cpu_u_pc/PC_reg[29]/CK->D
          Group: clk
     Startpoint: (R) u_cpu_u_pc/PC_reg[6]/CK
          Clock: (R) clk
       Endpoint: (F) u_cpu_u_pc/PC_reg[29]/D
          Clock: (R) clk

                     Capture       Launch     
        Clock Edge:+   10000            0     
       Src Latency:+       0            0     
       Net Latency:+       0 (I)        0 (I) 
           Arrival:=   10000            0     
                                              
             Setup:-      45                  
       Uncertainty:-     100                  
     Required Time:=    9855                  
      Launch Clock:-       0                  
         Data Path:-    9500                  
             Slack:=     355                  

#----------------------------------------------------------------------------------------------------
#      Timing Point       Flags   Arc   Edge     Cell       Fanout Load Trans Delay Arrival Instance 
#                                                                  (fF)  (ps)  (ps)   (ps)  Location 
#----------------------------------------------------------------------------------------------------
  u_cpu_u_pc/PC_reg[6]/CK -       -     R     (arrival)     107330    -     0     0       0    (-,-) 
  u_cpu_u_pc/PC_reg[6]/Q  -       CK->Q F     DFFHQX4LVT        11  5.2    21    98      98    (-,-) 
  g1378803/Y              -       A->Y  R     CLKINVX6LVT       49 25.9    50    35     132    (-,-) 
  g1378802/Y              -       A->Y  F     INVX3LVT          46 19.0    82    58     191    (-,-) 
  g1378569/Y              -       B->Y  R     NAND2XLLVT         1  0.5    25    43     234    (-,-) 
  g1378275/Y              -       B->Y  F     NOR2BX1LVT         4  1.8    29    26     260    (-,-) 
  g1378036/Y              -       B->Y  F     CLKAND2X3LVT      91 24.6    97    87     347    (-,-) 
  g1376471/Y              -       A->Y  R     NAND2X1LVT         1  0.5    27    46     392    (-,-) 
  g1352324/Y              -       A->Y  F     INVX1LVT          30  6.0    71    51     443    (-,-) 
  g1586767/Y              -       A1->Y R     AOI22XLLVT         1  0.3    37    54     497    (-,-) 
  g1577080/Y              -       A->Y  F     NAND4XLLVT         1  0.4    78    81     578    (-,-) 
  g1577020/Y              -       B0->Y R     AOI21X1LVT         1  0.3    28    44     622    (-,-) 
  g1576889/Y              -       D->Y  F     NAND4XLLVT         1  0.4    78    59     681    (-,-) 
  g1576802/Y              -       B->Y  R     NOR2BX1LVT         1  0.5    28    42     723    (-,-) 
  g1576711/Y              -       C0->Y F     OAI211X1LVT        1  0.4    52    48     772    (-,-) 
  g1576621/Y              -       B->Y  R     NOR2BX1LVT         1  0.5    25    32     804    (-,-) 
  g1576535/Y              -       C0->Y F     OAI211X1LVT        1  0.4    52    47     851    (-,-) 
  g1576457/Y              -       B->Y  R     NOR2BX1LVT         1  0.5    25    32     884    (-,-) 
  g1576379/Y              -       C0->Y F     OAI211X1LVT        1  0.4    52    47     931    (-,-) 
  g1576301/Y              -       B->Y  R     NOR2BX1LVT         1  0.5    25    32     964    (-,-) 
  g1576227/Y              -       C0->Y F     OAI211X1LVT        1  0.4    52    47    1011    (-,-) 
  g1576167/Y              -       B->Y  R     NOR2BX1LVT         1  0.5    25    32    1044    (-,-) 
  g1576107/Y              -       C0->Y F     OAI211X1LVT        1  0.4    52    47    1091    (-,-) 
  g1576047/Y              -       B->Y  R     NOR2BX1LVT         1  0.5    25    32    1124    (-,-) 
  g1575987/Y              -       C0->Y F     OAI211X1LVT        1  0.4    52    47    1171    (-,-) 
  g1575927/Y              -       B->Y  R     NOR2BX1LVT         1  0.5    25    32    1204    (-,-) 
  g1575867/Y              -       C0->Y F     OAI211X1LVT        1  0.4    52    47    1251    (-,-) 
  g1575807/Y              -       B->Y  R     NOR2BX1LVT         1  0.5    25    32    1283    (-,-) 
  g1575747/Y              -       C0->Y F     OAI211X1LVT        1  0.4    52    47    1331    (-,-) 
  g1575687/Y              -       B->Y  R     NOR2BX1LVT         1  0.5    25    32    1363    (-,-) 
  g1575627/Y              -       C0->Y F     OAI211X1LVT        1  0.4    52    47    1411    (-,-) 
  g1575568/Y              -       B->Y  R     NOR2BX1LVT         1  0.5    25    32    1443    (-,-) 
  g1575508/Y              -       C0->Y F     OAI211X1LVT        1  0.4    52    47    1491    (-,-) 
  g1575448/Y              -       B->Y  R     NOR2BX1LVT         1  0.5    25    32    1523    (-,-) 
  g1575388/Y              -       C0->Y F     OAI211X1LVT        1  0.4    52    47    1570    (-,-) 
  g1575328/Y              -       B->Y  R     NOR2BX1LVT         1  0.5    25    32    1603    (-,-) 
  g1575268/Y              -       C0->Y F     OAI211X1LVT        1  0.4    52    47    1650    (-,-) 
  g1575208/Y              -       B->Y  R     NOR2BX1LVT         1  0.5    25    32    1683    (-,-) 
  g1575148/Y              -       C0->Y F     OAI211X1LVT        1  0.4    52    47    1730    (-,-) 
  g1575088/Y              -       B->Y  R     NOR2BX1LVT         1  0.5    25    32    1763    (-,-) 
  g1575028/Y              -       C0->Y F     OAI211X1LVT        1  0.4    52    47    1810    (-,-) 
  g1574968/Y              -       B->Y  R     NOR2BX1LVT         1  0.5    25    32    1843    (-,-) 
  g1574908/Y              -       C0->Y F     OAI211X1LVT        1  0.4    52    47    1890    (-,-) 
  g1574848/Y              -       B->Y  R     NOR2BX1LVT         1  0.5    25    32    1923    (-,-) 
  g1574788/Y              -       C0->Y F     OAI211X1LVT        1  0.4    52    47    1970    (-,-) 
  g1574728/Y              -       B->Y  R     NOR2BX1LVT         1  0.5    25    32    2002    (-,-) 
  g1574668/Y              -       C0->Y F     OAI211X1LVT        1  0.4    52    47    2050    (-,-) 
  g1574608/Y              -       B->Y  R     NOR2BX1LVT         1  0.5    25    32    2082    (-,-) 
  g1574547/Y              -       C0->Y F     OAI211X1LVT        1  0.4    52    47    2130    (-,-) 
  g1574487/Y              -       B->Y  R     NOR2BX1LVT         1  0.5    25    32    2162    (-,-) 
  g1574427/Y              -       C0->Y F     OAI211X1LVT        1  0.4    52    47    2210    (-,-) 
  g1574367/Y              -       B->Y  R     NOR2BX1LVT         1  0.5    25    32    2242    (-,-) 
  g1574306/Y              -       C0->Y F     OAI211X1LVT        1  0.4    52    47    2290    (-,-) 
  g1574246/Y              -       B->Y  R     NOR2BX1LVT         1  0.5    25    32    2322    (-,-) 
  g1574186/Y              -       C0->Y F     OAI211X1LVT        1  0.4    52    47    2370    (-,-) 
  g1574126/Y              -       B->Y  R     NOR2BX1LVT         1  0.5    25    32    2402    (-,-) 
  g1574066/Y              -       C0->Y F     OAI211X1LVT        1  0.4    52    47    2449    (-,-) 
  g1574007/Y              -       B->Y  R     NOR2BX1LVT         1  0.5    25    32    2482    (-,-) 
  g1573947/Y              -       C0->Y F     OAI211X1LVT        1  0.4    52    47    2529    (-,-) 
  g1573887/Y              -       B->Y  R     NOR2BX1LVT         1  0.5    25    32    2562    (-,-) 
  g1573827/Y              -       C0->Y F     OAI211X1LVT        1  0.4    52    47    2609    (-,-) 
  g1573767/Y              -       B->Y  R     NOR2BX1LVT         1  0.5    25    32    2642    (-,-) 
  g1573707/Y              -       C0->Y F     OAI211X1LVT        1  0.4    52    47    2689    (-,-) 
  g1573647/Y              -       B->Y  R     NOR2BX1LVT         1  0.5    25    32    2722    (-,-) 
  g1573587/Y              -       C0->Y F     OAI211X1LVT        1  0.4    52    47    2769    (-,-) 
  g1573527/Y              -       B->Y  R     NOR2BX1LVT         1  0.5    25    32    2802    (-,-) 
  g1573467/Y              -       C0->Y F     OAI211X1LVT        1  0.4    52    47    2849    (-,-) 
  g1573407/Y              -       B->Y  R     NOR2BX1LVT         1  0.5    25    32    2881    (-,-) 
  g1573347/Y              -       C0->Y F     OAI211X1LVT        1  0.4    52    47    2929    (-,-) 
  g1573287/Y              -       B->Y  R     NOR2BX1LVT         1  0.5    25    32    2961    (-,-) 
  g1573227/Y              -       C0->Y F     OAI211X1LVT        1  0.4    52    47    3009    (-,-) 
  g1573167/Y              -       B->Y  R     NOR2BX1LVT         1  0.5    25    32    3041    (-,-) 
  g1573107/Y              -       C0->Y F     OAI211X1LVT        1  0.4    52    47    3089    (-,-) 
  g1573047/Y              -       B->Y  R     NOR2BX1LVT         1  0.5    25    32    3121    (-,-) 
  g1572987/Y              -       C0->Y F     OAI211X1LVT        1  0.4    52    47    3168    (-,-) 
  g1572927/Y              -       B->Y  R     NOR2BX1LVT         1  0.5    25    32    3201    (-,-) 
  g1572867/Y              -       C0->Y F     OAI211X1LVT        1  0.4    52    47    3248    (-,-) 
  g1572807/Y              -       B->Y  R     NOR2BX1LVT         1  0.5    25    32    3281    (-,-) 
  g1572747/Y              -       C0->Y F     OAI211X1LVT        1  0.4    52    47    3328    (-,-) 
  g1572687/Y              -       B->Y  R     NOR2BX1LVT         1  0.5    25    32    3361    (-,-) 
  g1572627/Y              -       C0->Y F     OAI211X1LVT        1  0.4    52    47    3408    (-,-) 
  g1572567/Y              -       B->Y  R     NOR2BX1LVT         1  0.5    25    32    3441    (-,-) 
  g1572507/Y              -       C0->Y F     OAI211X1LVT        1  0.4    52    47    3488    (-,-) 
  g1572447/Y              -       B->Y  R     NOR2BX1LVT         1  0.5    25    32    3521    (-,-) 
  g1572388/Y              -       C0->Y F     OAI211X1LVT        1  0.4    52    47    3568    (-,-) 
  g1572328/Y              -       B->Y  R     NOR2BX1LVT         1  0.5    25    32    3600    (-,-) 
  g1572268/Y              -       C0->Y F     OAI211X1LVT        1  0.4    52    47    3648    (-,-) 
  g1572208/Y              -       B->Y  R     NOR2BX1LVT         1  0.5    25    32    3680    (-,-) 
  g1572149/Y              -       C0->Y F     OAI211X1LVT        1  0.4    52    47    3728    (-,-) 
  g1572089/Y              -       B->Y  R     NOR2BX1LVT         1  0.5    25    32    3760    (-,-) 
  g1572029/Y              -       C0->Y F     OAI211X1LVT        1  0.4    52    47    3808    (-,-) 
  g1571969/Y              -       B->Y  R     NOR2BX1LVT         1  0.5    25    32    3840    (-,-) 
  g1571909/Y              -       C0->Y F     OAI211X1LVT        1  0.4    52    47    3888    (-,-) 
  g1571849/Y              -       B->Y  R     NOR2BX1LVT         1  0.5    25    32    3920    (-,-) 
  g1571789/Y              -       C0->Y F     OAI211X1LVT        1  0.4    52    47    3968    (-,-) 
  g1571729/Y              -       B->Y  R     NOR2BX1LVT         1  0.5    25    32    4000    (-,-) 
  g1571669/Y              -       C0->Y F     OAI211X1LVT        1  0.4    52    47    4047    (-,-) 
  g1571609/Y              -       B->Y  R     NOR2BX1LVT         1  0.5    25    32    4080    (-,-) 
  g1571549/Y              -       C0->Y F     OAI211X1LVT        1  0.4    52    47    4127    (-,-) 
  g1571489/Y              -       B->Y  R     NOR2BX1LVT         1  0.5    25    32    4160    (-,-) 
  g1571429/Y              -       C0->Y F     OAI211X1LVT        1  0.4    52    47    4207    (-,-) 
  g1571369/Y              -       B->Y  R     NOR2BX1LVT         1  0.5    25    32    4240    (-,-) 
  g1571309/Y              -       C0->Y F     OAI211X1LVT        1  0.4    52    47    4287    (-,-) 
  g1571249/Y              -       B->Y  R     NOR2BX1LVT         1  0.5    25    32    4320    (-,-) 
  g1571189/Y              -       C0->Y F     OAI211X1LVT        1  0.4    52    47    4367    (-,-) 
  g1571129/Y              -       B->Y  R     NOR2BX1LVT         1  0.5    25    32    4400    (-,-) 
  g1571069/Y              -       C0->Y F     OAI211X1LVT        1  0.4    52    47    4447    (-,-) 
  g1571009/Y              -       B->Y  R     NOR2BX1LVT         1  0.5    25    32    4479    (-,-) 
  g1570949/Y              -       C0->Y F     OAI211X1LVT        1  0.4    52    47    4527    (-,-) 
  g1570888/Y              -       B->Y  R     NOR2BX1LVT         1  0.5    25    32    4559    (-,-) 
  g1570828/Y              -       C0->Y F     OAI211X1LVT        1  0.4    52    47    4607    (-,-) 
  g1570768/Y              -       C0->Y R     AOI221X1LVT        1  0.3    47    48    4654    (-,-) 
  g1570708/Y              -       B->Y  F     NAND4XLLVT         1  0.4    79    82    4736    (-,-) 
  g1570648/Y              -       C0->Y R     AOI221X1LVT        1  0.3    50    57    4793    (-,-) 
  g1570588/Y              -       B->Y  F     NAND4XLLVT         1  0.4    79    82    4875    (-,-) 
  g1570528/Y              -       C0->Y R     AOI221X1LVT        1  0.3    50    57    4932    (-,-) 
  g1570468/Y              -       B->Y  F     NAND4XLLVT         1  0.4    79    82    5015    (-,-) 
  g1570409/Y              -       C0->Y R     AOI221X1LVT        1  0.3    50    57    5072    (-,-) 
  g1570349/Y              -       B->Y  F     NAND4XLLVT         1  0.4    79    82    5154    (-,-) 
  g1570289/Y              -       C0->Y R     AOI221X1LVT        1  0.3    50    57    5211    (-,-) 
  g1570229/Y              -       B->Y  F     NAND4XLLVT         1  0.4    79    82    5294    (-,-) 
  g1570169/Y              -       C0->Y R     AOI221X1LVT        1  0.3    50    57    5351    (-,-) 
  g1570109/Y              -       B->Y  F     NAND4XLLVT         1  0.4    79    82    5433    (-,-) 
  g1570049/Y              -       C0->Y R     AOI221X1LVT        1  0.3    50    57    5490    (-,-) 
  g1569989/Y              -       B->Y  F     NAND4XLLVT         1  0.4    79    82    5572    (-,-) 
  g1569929/Y              -       C0->Y R     AOI221X1LVT        1  0.3    50    57    5630    (-,-) 
  g1569869/Y              -       B->Y  F     NAND4XLLVT         1  0.4    79    82    5712    (-,-) 
  g1569809/Y              -       C0->Y R     AOI221X1LVT        1  0.3    50    57    5769    (-,-) 
  g1569748/Y              -       B->Y  F     NAND4XLLVT         1  0.4    79    82    5851    (-,-) 
  g1569688/Y              -       C0->Y R     AOI221X1LVT        1  0.3    50    57    5908    (-,-) 
  g1569628/Y              -       B->Y  F     NAND4XLLVT         1  0.4    79    82    5991    (-,-) 
  g1569568/Y              -       C0->Y R     AOI221X1LVT        1  0.3    50    57    6048    (-,-) 
  g1569509/Y              -       B->Y  F     NAND4XLLVT         1  0.4    79    82    6130    (-,-) 
  g1569449/Y              -       C0->Y R     AOI221X1LVT        1  0.3    50    57    6187    (-,-) 
  g1569389/Y              -       B->Y  F     NAND4XLLVT         1  0.4    79    82    6270    (-,-) 
  g1569329/Y              -       C0->Y R     AOI221X1LVT        1  0.3    50    57    6327    (-,-) 
  g1569268/Y              -       B->Y  F     NAND4XLLVT         1  0.4    79    82    6409    (-,-) 
  g1569208/Y              -       C0->Y R     AOI221X1LVT        1  0.3    50    57    6466    (-,-) 
  g1569148/Y              -       B->Y  F     NAND4XLLVT         1  0.4    79    82    6548    (-,-) 
  g1569089/Y              -       C0->Y R     AOI221X1LVT        1  0.3    50    57    6605    (-,-) 
  g1569029/Y              -       B->Y  F     NAND4XLLVT         1  0.4    79    82    6688    (-,-) 
  g1568968/Y              -       C0->Y R     AOI221X1LVT        1  0.3    50    57    6745    (-,-) 
  g1568909/Y              -       B->Y  F     NAND4XLLVT         1  0.4    79    82    6827    (-,-) 
  g1568849/Y              -       C0->Y R     AOI221X1LVT        1  0.3    50    57    6884    (-,-) 
  g1568721/Y              -       B->Y  F     NAND4XLLVT         5  1.7   174   138    7022    (-,-) 
  g1484074/Y              -       D->Y  R     NAND4XLLVT         4  1.6    63    94    7116    (-,-) 
  g1481550/Y              -       B->Y  F     NOR2X1LVT          4  1.0    28    36    7152    (-,-) 
  g1481311/Y              -       B->Y  F     AND2X1LVT         15  3.0    37    49    7201    (-,-) 
  g1487323/Y              -       AN->Y F     NOR2BX1LVT         2  0.4    14    34    7235    (-,-) 
  g1479605/Y              -       A->Y  F     AND3XLLVT         32  8.2   166   118    7353    (-,-) 
  g1476952/Y              -       B->Y  R     NAND2XLLVT         1  0.3    32    75    7427    (-,-) 
  g1464640/Y              -       A->Y  F     NAND4XLLVT         1  0.4    79    80    7507    (-,-) 
  g1464159/Y              -       C0->Y R     AOI221X1LVT        1  0.3    50    57    7564    (-,-) 
  g1463677/Y              -       B->Y  F     NAND4XLLVT         1  0.4    79    82    7646    (-,-) 
  g1463197/Y              -       C0->Y R     AOI221X1LVT        1  0.3    50    57    7704    (-,-) 
  g1462716/Y              -       B->Y  F     NAND4XLLVT         1  0.4    79    82    7786    (-,-) 
  g1462234/Y              -       C0->Y R     AOI221X1LVT        1  0.3    50    57    7843    (-,-) 
  g1461754/Y              -       B->Y  F     NAND4XLLVT         1  0.4    79    82    7925    (-,-) 
  g1461273/Y              -       C0->Y R     AOI221X1LVT        1  0.3    50    57    7982    (-,-) 
  g1460793/Y              -       B->Y  F     NAND4XLLVT         1  0.4    79    82    8065    (-,-) 
  g1460313/Y              -       C0->Y R     AOI221X1LVT        1  0.3    50    57    8122    (-,-) 
  g1459833/Y              -       B->Y  F     NAND4XLLVT         1  0.4    79    82    8204    (-,-) 
  g1459352/Y              -       C0->Y R     AOI221X1LVT        1  0.3    50    57    8261    (-,-) 
  g1458880/Y              -       B->Y  F     NAND4XLLVT         1  0.4    79    82    8344    (-,-) 
  g1458430/Y              -       C0->Y R     AOI221X1LVT        1  0.3    50    57    8401    (-,-) 
  g1457983/Y              -       B->Y  F     NAND4XLLVT         1  0.4    79    82    8483    (-,-) 
  g1457593/Y              -       C0->Y R     AOI221X1LVT        1  0.3    50    57    8540    (-,-) 
  g1457242/Y              -       B->Y  F     NAND4XLLVT         1  0.4    79    82    8622    (-,-) 
  g1456911/Y              -       C0->Y R     AOI221X1LVT        1  0.3    50    57    8679    (-,-) 
  g1456648/Y              -       B->Y  F     NAND4XLLVT         1  0.4    79    82    8762    (-,-) 
  g1456359/Y              -       C0->Y R     AOI221X1LVT        1  0.3    50    57    8819    (-,-) 
  g1456087/Y              -       B->Y  F     NAND4XLLVT         1  0.4    79    82    8901    (-,-) 
  g1455823/Y              -       C0->Y R     AOI221X1LVT        1  0.3    50    57    8958    (-,-) 
  g1455567/Y              -       B->Y  F     NAND4XLLVT         1  0.4    79    82    9040    (-,-) 
  g1455303/Y              -       C0->Y R     AOI221X1LVT        1  0.3    50    57    9098    (-,-) 
  g1455048/Y              -       B->Y  F     NAND4XLLVT         1  0.4    79    82    9180    (-,-) 
  g1454822/Y              -       C0->Y R     AOI221X1LVT        1  0.3    50    57    9237    (-,-) 
  g1454664/Y              -       B->Y  F     NAND4XLLVT         1  0.4    79    82    9320    (-,-) 
  g1454558/Y              -       D->Y  R     NOR4X1LVT          1  0.5    58    54    9374    (-,-) 
  g1454518/Y              -       B0->Y F     OAI211X1LVT        1  0.4    54    64    9438    (-,-) 
  u_cpu_u_pc/g148__9945/Y -       B1->Y R     AOI22X1LVT         1  0.3    38    37    9476    (-,-) 
  u_cpu_u_pc/g124__7410/Y -       B->Y  F     NOR2XLLVT          1  0.2    16    24    9500    (-,-) 
  u_cpu_u_pc/PC_reg[29]/D -       -     F     DFFSX2LVT          1    -     -     0    9500    (-,-) 
#----------------------------------------------------------------------------------------------------



Path 5: MET (355 ps) Setup Check with Pin u_cpu_u_pc/PC_reg[28]/CK->D
          Group: clk
     Startpoint: (R) u_cpu_u_pc/PC_reg[6]/CK
          Clock: (R) clk
       Endpoint: (F) u_cpu_u_pc/PC_reg[28]/D
          Clock: (R) clk

                     Capture       Launch     
        Clock Edge:+   10000            0     
       Src Latency:+       0            0     
       Net Latency:+       0 (I)        0 (I) 
           Arrival:=   10000            0     
                                              
             Setup:-      45                  
       Uncertainty:-     100                  
     Required Time:=    9855                  
      Launch Clock:-       0                  
         Data Path:-    9500                  
             Slack:=     355                  

#----------------------------------------------------------------------------------------------------
#      Timing Point       Flags   Arc   Edge     Cell       Fanout Load Trans Delay Arrival Instance 
#                                                                  (fF)  (ps)  (ps)   (ps)  Location 
#----------------------------------------------------------------------------------------------------
  u_cpu_u_pc/PC_reg[6]/CK -       -     R     (arrival)     107330    -     0     0       0    (-,-) 
  u_cpu_u_pc/PC_reg[6]/Q  -       CK->Q F     DFFHQX4LVT        11  5.2    21    98      98    (-,-) 
  g1378803/Y              -       A->Y  R     CLKINVX6LVT       49 25.9    50    35     132    (-,-) 
  g1378802/Y              -       A->Y  F     INVX3LVT          46 19.0    82    58     191    (-,-) 
  g1378569/Y              -       B->Y  R     NAND2XLLVT         1  0.5    25    43     234    (-,-) 
  g1378275/Y              -       B->Y  F     NOR2BX1LVT         4  1.8    29    26     260    (-,-) 
  g1378036/Y              -       B->Y  F     CLKAND2X3LVT      91 24.6    97    87     347    (-,-) 
  g1376471/Y              -       A->Y  R     NAND2X1LVT         1  0.5    27    46     392    (-,-) 
  g1352324/Y              -       A->Y  F     INVX1LVT          30  6.0    71    51     443    (-,-) 
  g1586767/Y              -       A1->Y R     AOI22XLLVT         1  0.3    37    54     497    (-,-) 
  g1577080/Y              -       A->Y  F     NAND4XLLVT         1  0.4    78    81     578    (-,-) 
  g1577020/Y              -       B0->Y R     AOI21X1LVT         1  0.3    28    44     622    (-,-) 
  g1576889/Y              -       D->Y  F     NAND4XLLVT         1  0.4    78    59     681    (-,-) 
  g1576802/Y              -       B->Y  R     NOR2BX1LVT         1  0.5    28    42     723    (-,-) 
  g1576711/Y              -       C0->Y F     OAI211X1LVT        1  0.4    52    48     772    (-,-) 
  g1576621/Y              -       B->Y  R     NOR2BX1LVT         1  0.5    25    32     804    (-,-) 
  g1576535/Y              -       C0->Y F     OAI211X1LVT        1  0.4    52    47     851    (-,-) 
  g1576457/Y              -       B->Y  R     NOR2BX1LVT         1  0.5    25    32     884    (-,-) 
  g1576379/Y              -       C0->Y F     OAI211X1LVT        1  0.4    52    47     931    (-,-) 
  g1576301/Y              -       B->Y  R     NOR2BX1LVT         1  0.5    25    32     964    (-,-) 
  g1576227/Y              -       C0->Y F     OAI211X1LVT        1  0.4    52    47    1011    (-,-) 
  g1576167/Y              -       B->Y  R     NOR2BX1LVT         1  0.5    25    32    1044    (-,-) 
  g1576107/Y              -       C0->Y F     OAI211X1LVT        1  0.4    52    47    1091    (-,-) 
  g1576047/Y              -       B->Y  R     NOR2BX1LVT         1  0.5    25    32    1124    (-,-) 
  g1575987/Y              -       C0->Y F     OAI211X1LVT        1  0.4    52    47    1171    (-,-) 
  g1575927/Y              -       B->Y  R     NOR2BX1LVT         1  0.5    25    32    1204    (-,-) 
  g1575867/Y              -       C0->Y F     OAI211X1LVT        1  0.4    52    47    1251    (-,-) 
  g1575807/Y              -       B->Y  R     NOR2BX1LVT         1  0.5    25    32    1283    (-,-) 
  g1575747/Y              -       C0->Y F     OAI211X1LVT        1  0.4    52    47    1331    (-,-) 
  g1575687/Y              -       B->Y  R     NOR2BX1LVT         1  0.5    25    32    1363    (-,-) 
  g1575627/Y              -       C0->Y F     OAI211X1LVT        1  0.4    52    47    1411    (-,-) 
  g1575568/Y              -       B->Y  R     NOR2BX1LVT         1  0.5    25    32    1443    (-,-) 
  g1575508/Y              -       C0->Y F     OAI211X1LVT        1  0.4    52    47    1491    (-,-) 
  g1575448/Y              -       B->Y  R     NOR2BX1LVT         1  0.5    25    32    1523    (-,-) 
  g1575388/Y              -       C0->Y F     OAI211X1LVT        1  0.4    52    47    1570    (-,-) 
  g1575328/Y              -       B->Y  R     NOR2BX1LVT         1  0.5    25    32    1603    (-,-) 
  g1575268/Y              -       C0->Y F     OAI211X1LVT        1  0.4    52    47    1650    (-,-) 
  g1575208/Y              -       B->Y  R     NOR2BX1LVT         1  0.5    25    32    1683    (-,-) 
  g1575148/Y              -       C0->Y F     OAI211X1LVT        1  0.4    52    47    1730    (-,-) 
  g1575088/Y              -       B->Y  R     NOR2BX1LVT         1  0.5    25    32    1763    (-,-) 
  g1575028/Y              -       C0->Y F     OAI211X1LVT        1  0.4    52    47    1810    (-,-) 
  g1574968/Y              -       B->Y  R     NOR2BX1LVT         1  0.5    25    32    1843    (-,-) 
  g1574908/Y              -       C0->Y F     OAI211X1LVT        1  0.4    52    47    1890    (-,-) 
  g1574848/Y              -       B->Y  R     NOR2BX1LVT         1  0.5    25    32    1923    (-,-) 
  g1574788/Y              -       C0->Y F     OAI211X1LVT        1  0.4    52    47    1970    (-,-) 
  g1574728/Y              -       B->Y  R     NOR2BX1LVT         1  0.5    25    32    2002    (-,-) 
  g1574668/Y              -       C0->Y F     OAI211X1LVT        1  0.4    52    47    2050    (-,-) 
  g1574608/Y              -       B->Y  R     NOR2BX1LVT         1  0.5    25    32    2082    (-,-) 
  g1574547/Y              -       C0->Y F     OAI211X1LVT        1  0.4    52    47    2130    (-,-) 
  g1574487/Y              -       B->Y  R     NOR2BX1LVT         1  0.5    25    32    2162    (-,-) 
  g1574427/Y              -       C0->Y F     OAI211X1LVT        1  0.4    52    47    2210    (-,-) 
  g1574367/Y              -       B->Y  R     NOR2BX1LVT         1  0.5    25    32    2242    (-,-) 
  g1574306/Y              -       C0->Y F     OAI211X1LVT        1  0.4    52    47    2290    (-,-) 
  g1574246/Y              -       B->Y  R     NOR2BX1LVT         1  0.5    25    32    2322    (-,-) 
  g1574186/Y              -       C0->Y F     OAI211X1LVT        1  0.4    52    47    2370    (-,-) 
  g1574126/Y              -       B->Y  R     NOR2BX1LVT         1  0.5    25    32    2402    (-,-) 
  g1574066/Y              -       C0->Y F     OAI211X1LVT        1  0.4    52    47    2449    (-,-) 
  g1574007/Y              -       B->Y  R     NOR2BX1LVT         1  0.5    25    32    2482    (-,-) 
  g1573947/Y              -       C0->Y F     OAI211X1LVT        1  0.4    52    47    2529    (-,-) 
  g1573887/Y              -       B->Y  R     NOR2BX1LVT         1  0.5    25    32    2562    (-,-) 
  g1573827/Y              -       C0->Y F     OAI211X1LVT        1  0.4    52    47    2609    (-,-) 
  g1573767/Y              -       B->Y  R     NOR2BX1LVT         1  0.5    25    32    2642    (-,-) 
  g1573707/Y              -       C0->Y F     OAI211X1LVT        1  0.4    52    47    2689    (-,-) 
  g1573647/Y              -       B->Y  R     NOR2BX1LVT         1  0.5    25    32    2722    (-,-) 
  g1573587/Y              -       C0->Y F     OAI211X1LVT        1  0.4    52    47    2769    (-,-) 
  g1573527/Y              -       B->Y  R     NOR2BX1LVT         1  0.5    25    32    2802    (-,-) 
  g1573467/Y              -       C0->Y F     OAI211X1LVT        1  0.4    52    47    2849    (-,-) 
  g1573407/Y              -       B->Y  R     NOR2BX1LVT         1  0.5    25    32    2881    (-,-) 
  g1573347/Y              -       C0->Y F     OAI211X1LVT        1  0.4    52    47    2929    (-,-) 
  g1573287/Y              -       B->Y  R     NOR2BX1LVT         1  0.5    25    32    2961    (-,-) 
  g1573227/Y              -       C0->Y F     OAI211X1LVT        1  0.4    52    47    3009    (-,-) 
  g1573167/Y              -       B->Y  R     NOR2BX1LVT         1  0.5    25    32    3041    (-,-) 
  g1573107/Y              -       C0->Y F     OAI211X1LVT        1  0.4    52    47    3089    (-,-) 
  g1573047/Y              -       B->Y  R     NOR2BX1LVT         1  0.5    25    32    3121    (-,-) 
  g1572987/Y              -       C0->Y F     OAI211X1LVT        1  0.4    52    47    3168    (-,-) 
  g1572927/Y              -       B->Y  R     NOR2BX1LVT         1  0.5    25    32    3201    (-,-) 
  g1572867/Y              -       C0->Y F     OAI211X1LVT        1  0.4    52    47    3248    (-,-) 
  g1572807/Y              -       B->Y  R     NOR2BX1LVT         1  0.5    25    32    3281    (-,-) 
  g1572747/Y              -       C0->Y F     OAI211X1LVT        1  0.4    52    47    3328    (-,-) 
  g1572687/Y              -       B->Y  R     NOR2BX1LVT         1  0.5    25    32    3361    (-,-) 
  g1572627/Y              -       C0->Y F     OAI211X1LVT        1  0.4    52    47    3408    (-,-) 
  g1572567/Y              -       B->Y  R     NOR2BX1LVT         1  0.5    25    32    3441    (-,-) 
  g1572507/Y              -       C0->Y F     OAI211X1LVT        1  0.4    52    47    3488    (-,-) 
  g1572447/Y              -       B->Y  R     NOR2BX1LVT         1  0.5    25    32    3521    (-,-) 
  g1572388/Y              -       C0->Y F     OAI211X1LVT        1  0.4    52    47    3568    (-,-) 
  g1572328/Y              -       B->Y  R     NOR2BX1LVT         1  0.5    25    32    3600    (-,-) 
  g1572268/Y              -       C0->Y F     OAI211X1LVT        1  0.4    52    47    3648    (-,-) 
  g1572208/Y              -       B->Y  R     NOR2BX1LVT         1  0.5    25    32    3680    (-,-) 
  g1572149/Y              -       C0->Y F     OAI211X1LVT        1  0.4    52    47    3728    (-,-) 
  g1572089/Y              -       B->Y  R     NOR2BX1LVT         1  0.5    25    32    3760    (-,-) 
  g1572029/Y              -       C0->Y F     OAI211X1LVT        1  0.4    52    47    3808    (-,-) 
  g1571969/Y              -       B->Y  R     NOR2BX1LVT         1  0.5    25    32    3840    (-,-) 
  g1571909/Y              -       C0->Y F     OAI211X1LVT        1  0.4    52    47    3888    (-,-) 
  g1571849/Y              -       B->Y  R     NOR2BX1LVT         1  0.5    25    32    3920    (-,-) 
  g1571789/Y              -       C0->Y F     OAI211X1LVT        1  0.4    52    47    3968    (-,-) 
  g1571729/Y              -       B->Y  R     NOR2BX1LVT         1  0.5    25    32    4000    (-,-) 
  g1571669/Y              -       C0->Y F     OAI211X1LVT        1  0.4    52    47    4047    (-,-) 
  g1571609/Y              -       B->Y  R     NOR2BX1LVT         1  0.5    25    32    4080    (-,-) 
  g1571549/Y              -       C0->Y F     OAI211X1LVT        1  0.4    52    47    4127    (-,-) 
  g1571489/Y              -       B->Y  R     NOR2BX1LVT         1  0.5    25    32    4160    (-,-) 
  g1571429/Y              -       C0->Y F     OAI211X1LVT        1  0.4    52    47    4207    (-,-) 
  g1571369/Y              -       B->Y  R     NOR2BX1LVT         1  0.5    25    32    4240    (-,-) 
  g1571309/Y              -       C0->Y F     OAI211X1LVT        1  0.4    52    47    4287    (-,-) 
  g1571249/Y              -       B->Y  R     NOR2BX1LVT         1  0.5    25    32    4320    (-,-) 
  g1571189/Y              -       C0->Y F     OAI211X1LVT        1  0.4    52    47    4367    (-,-) 
  g1571129/Y              -       B->Y  R     NOR2BX1LVT         1  0.5    25    32    4400    (-,-) 
  g1571069/Y              -       C0->Y F     OAI211X1LVT        1  0.4    52    47    4447    (-,-) 
  g1571009/Y              -       B->Y  R     NOR2BX1LVT         1  0.5    25    32    4479    (-,-) 
  g1570949/Y              -       C0->Y F     OAI211X1LVT        1  0.4    52    47    4527    (-,-) 
  g1570888/Y              -       B->Y  R     NOR2BX1LVT         1  0.5    25    32    4559    (-,-) 
  g1570828/Y              -       C0->Y F     OAI211X1LVT        1  0.4    52    47    4607    (-,-) 
  g1570768/Y              -       C0->Y R     AOI221X1LVT        1  0.3    47    48    4654    (-,-) 
  g1570708/Y              -       B->Y  F     NAND4XLLVT         1  0.4    79    82    4736    (-,-) 
  g1570648/Y              -       C0->Y R     AOI221X1LVT        1  0.3    50    57    4793    (-,-) 
  g1570588/Y              -       B->Y  F     NAND4XLLVT         1  0.4    79    82    4875    (-,-) 
  g1570528/Y              -       C0->Y R     AOI221X1LVT        1  0.3    50    57    4932    (-,-) 
  g1570468/Y              -       B->Y  F     NAND4XLLVT         1  0.4    79    82    5015    (-,-) 
  g1570409/Y              -       C0->Y R     AOI221X1LVT        1  0.3    50    57    5072    (-,-) 
  g1570349/Y              -       B->Y  F     NAND4XLLVT         1  0.4    79    82    5154    (-,-) 
  g1570289/Y              -       C0->Y R     AOI221X1LVT        1  0.3    50    57    5211    (-,-) 
  g1570229/Y              -       B->Y  F     NAND4XLLVT         1  0.4    79    82    5294    (-,-) 
  g1570169/Y              -       C0->Y R     AOI221X1LVT        1  0.3    50    57    5351    (-,-) 
  g1570109/Y              -       B->Y  F     NAND4XLLVT         1  0.4    79    82    5433    (-,-) 
  g1570049/Y              -       C0->Y R     AOI221X1LVT        1  0.3    50    57    5490    (-,-) 
  g1569989/Y              -       B->Y  F     NAND4XLLVT         1  0.4    79    82    5572    (-,-) 
  g1569929/Y              -       C0->Y R     AOI221X1LVT        1  0.3    50    57    5630    (-,-) 
  g1569869/Y              -       B->Y  F     NAND4XLLVT         1  0.4    79    82    5712    (-,-) 
  g1569809/Y              -       C0->Y R     AOI221X1LVT        1  0.3    50    57    5769    (-,-) 
  g1569748/Y              -       B->Y  F     NAND4XLLVT         1  0.4    79    82    5851    (-,-) 
  g1569688/Y              -       C0->Y R     AOI221X1LVT        1  0.3    50    57    5908    (-,-) 
  g1569628/Y              -       B->Y  F     NAND4XLLVT         1  0.4    79    82    5991    (-,-) 
  g1569568/Y              -       C0->Y R     AOI221X1LVT        1  0.3    50    57    6048    (-,-) 
  g1569509/Y              -       B->Y  F     NAND4XLLVT         1  0.4    79    82    6130    (-,-) 
  g1569449/Y              -       C0->Y R     AOI221X1LVT        1  0.3    50    57    6187    (-,-) 
  g1569389/Y              -       B->Y  F     NAND4XLLVT         1  0.4    79    82    6270    (-,-) 
  g1569329/Y              -       C0->Y R     AOI221X1LVT        1  0.3    50    57    6327    (-,-) 
  g1569268/Y              -       B->Y  F     NAND4XLLVT         1  0.4    79    82    6409    (-,-) 
  g1569208/Y              -       C0->Y R     AOI221X1LVT        1  0.3    50    57    6466    (-,-) 
  g1569148/Y              -       B->Y  F     NAND4XLLVT         1  0.4    79    82    6548    (-,-) 
  g1569089/Y              -       C0->Y R     AOI221X1LVT        1  0.3    50    57    6605    (-,-) 
  g1569029/Y              -       B->Y  F     NAND4XLLVT         1  0.4    79    82    6688    (-,-) 
  g1568968/Y              -       C0->Y R     AOI221X1LVT        1  0.3    50    57    6745    (-,-) 
  g1568909/Y              -       B->Y  F     NAND4XLLVT         1  0.4    79    82    6827    (-,-) 
  g1568849/Y              -       C0->Y R     AOI221X1LVT        1  0.3    50    57    6884    (-,-) 
  g1568721/Y              -       B->Y  F     NAND4XLLVT         5  1.7   174   138    7022    (-,-) 
  g1484074/Y              -       D->Y  R     NAND4XLLVT         4  1.6    63    94    7116    (-,-) 
  g1481550/Y              -       B->Y  F     NOR2X1LVT          4  1.0    28    36    7152    (-,-) 
  g1481311/Y              -       B->Y  F     AND2X1LVT         15  3.0    37    49    7201    (-,-) 
  g1487323/Y              -       AN->Y F     NOR2BX1LVT         2  0.4    14    34    7235    (-,-) 
  g1479605/Y              -       A->Y  F     AND3XLLVT         32  8.2   166   118    7353    (-,-) 
  g1478601/Y              -       B->Y  R     NAND2XLLVT         1  0.3    32    75    7427    (-,-) 
  g1464781/Y              -       A->Y  F     NAND4XLLVT         1  0.4    79    80    7507    (-,-) 
  g1464300/Y              -       C0->Y R     AOI221X1LVT        1  0.3    50    57    7564    (-,-) 
  g1463819/Y              -       B->Y  F     NAND4XLLVT         1  0.4    79    82    7646    (-,-) 
  g1463361/Y              -       C0->Y R     AOI221X1LVT        1  0.3    50    57    7704    (-,-) 
  g1462859/Y              -       B->Y  F     NAND4XLLVT         1  0.4    79    82    7786    (-,-) 
  g1462400/Y              -       C0->Y R     AOI221X1LVT        1  0.3    50    57    7843    (-,-) 
  g1461918/Y              -       B->Y  F     NAND4XLLVT         1  0.4    79    82    7925    (-,-) 
  g1461437/Y              -       C0->Y R     AOI221X1LVT        1  0.3    50    57    7982    (-,-) 
  g1460957/Y              -       B->Y  F     NAND4XLLVT         1  0.4    79    82    8065    (-,-) 
  g1460476/Y              -       C0->Y R     AOI221X1LVT        1  0.3    50    57    8122    (-,-) 
  g1459996/Y              -       B->Y  F     NAND4XLLVT         1  0.4    79    82    8204    (-,-) 
  g1459515/Y              -       C0->Y R     AOI221X1LVT        1  0.3    50    57    8261    (-,-) 
  g1459043/Y              -       B->Y  F     NAND4XLLVT         1  0.4    79    82    8344    (-,-) 
  g1458588/Y              -       C0->Y R     AOI221X1LVT        1  0.3    50    57    8401    (-,-) 
  g1458142/Y              -       B->Y  F     NAND4XLLVT         1  0.4    79    82    8483    (-,-) 
  g1457713/Y              -       C0->Y R     AOI221X1LVT        1  0.3    50    57    8540    (-,-) 
  g1457362/Y              -       B->Y  F     NAND4XLLVT         1  0.4    79    82    8622    (-,-) 
  g1457020/Y              -       C0->Y R     AOI221X1LVT        1  0.3    50    57    8679    (-,-) 
  g1456742/Y              -       B->Y  F     NAND4XLLVT         1  0.4    79    82    8762    (-,-) 
  g1456454/Y              -       C0->Y R     AOI221X1LVT        1  0.3    50    57    8819    (-,-) 
  g1456182/Y              -       B->Y  F     NAND4XLLVT         1  0.4    79    82    8901    (-,-) 
  g1455920/Y              -       C0->Y R     AOI221X1LVT        1  0.3    50    57    8958    (-,-) 
  g1455662/Y              -       B->Y  F     NAND4XLLVT         1  0.4    79    82    9040    (-,-) 
  g1455399/Y              -       C0->Y R     AOI221X1LVT        1  0.3    50    57    9098    (-,-) 
  g1455142/Y              -       B->Y  F     NAND4XLLVT         1  0.4    79    82    9180    (-,-) 
  g1454917/Y              -       C0->Y R     AOI221X1LVT        1  0.3    50    57    9237    (-,-) 
  g1454712/Y              -       B->Y  F     NAND4XLLVT         1  0.4    79    82    9320    (-,-) 
  g1454593/Y              -       D->Y  R     NOR4X1LVT          1  0.5    58    54    9374    (-,-) 
  g1454537/Y              -       B0->Y F     OAI211X1LVT        1  0.4    54    64    9438    (-,-) 
  u_cpu_u_pc/g156__5107/Y -       B1->Y R     AOI22X1LVT         1  0.3    38    37    9476    (-,-) 
  u_cpu_u_pc/g123__1666/Y -       B->Y  F     NOR2XLLVT          1  0.2    16    24    9500    (-,-) 
  u_cpu_u_pc/PC_reg[28]/D -       -     F     DFFSX2LVT          1    -     -     0    9500    (-,-) 
#----------------------------------------------------------------------------------------------------

