2026/05/11 22:38:45 WARNING This OS does not appear to be a Cadence supported Linux configuration.
2026/05/11 22:38:45 For more info, please run CheckSysConf in <cdsRoot/tools.lnx86/bin/checkSysConf <productId>
TMPDIR is being set to /tmp/genus_temp_823220_server_sanit.mee24_komyip/genus_temp_831327_server_sanit.mee24_QwVvBL
Cadence Genus(TM) Synthesis Solution.
Copyright 2022 Cadence Design Systems, Inc. All rights reserved worldwide.
Cadence and the Cadence logo are registered trademarks and Genus is a trademark
of Cadence Design Systems, Inc. in the United States and other countries.

[22:38:45.447425] Configured Lic search path (21.01-s002): 5280@server

Version: 21.14-s082_1, built Thu Jun 23 02:02:08 PDT 2022
Options: -batch -files synth_with_mem.tcl 
Date:    Mon May 11 22:38:45 2026
Host:    server (x86_64 w/Linux 4.18.0-425.3.1.el8.x86_64) (8cores*16cpus*1physical cpu*Intel(R) Core(TM) i7-10700 CPU @ 2.90GHz 16384KB) (32492436KB)
PID:     831327
OS:      Red Hat Enterprise Linux release 8.7 (Ootpa)


[22:38:45.303010] Periodic Lic check successful
[22:38:45.303016] Feature usage summary:
[22:38:45.303016] Genus_Synthesis
Checking out license: Genus_Synthesis


***********************************************************************************************************
***********************************************************************************************************



Loading tool scripts...Using chipware dir from user defined $CW_DIR environment variable set to /home/install/GENUS211/tools.lnx86/lib/chipware
Using chipware simulation model dir from user defined $CW_DIR_SIM environment variable set to /home/install/GENUS211/tools.lnx86/lib/chipware/sim

Finished loading tool scripts (5 seconds elapsed).

#@ Processing -files option
@genus 1> source synth_with_mem.tcl
#@ Begin verbose source ./synth_with_mem.tcl
@file(synth_with_mem.tcl) 12: set_db init_lib_search_path /home/install/FOUNDRY/lan/flow/t1u1/reference_libs/GPDK045/gsclib045_all_v4.4/gsclib045_lvt/timing/
  Setting attribute of root '/': 'init_lib_search_path' = /home/install/FOUNDRY/lan/flow/t1u1/reference_libs/GPDK045/gsclib045_all_v4.4/gsclib045_lvt/timing/
@file(synth_with_mem.tcl) 13: set_db library slow_vdd1v2_basicCells_lvt.lib

Threads Configured:3

  Message Summary for Library slow_vdd1v2_basicCells_lvt.lib:
  ***********************************************************
  Missing a function attribute in the output pin definition. [LBR-518]: 1
  ***********************************************************
 
Info    : Created nominal operating condition. [LBR-412]
        : Operating condition '_nominal_' was created for the PVT values (1.000000, 1.080000, 125.000000) in library 'slow_vdd1v2_basicCells_lvt.lib'.
        : The nominal operating condition is represented, either by the nominal PVT values specified in the library source (via nom_process,nom_voltage and nom_temperature respectively), or by the default PVT values (1.0,1.0,1.0).
Warning : Library cell has no output pins defined. [LBR-9]
        : Library cell 'ANTENNALVT' must have an output pin.
        : Add the missing output pin(s), then reload the library. Else the library cell will be marked as timing model i.e. unusable. Timing_model means that the cell does not have any defined function. If there is no output pin, Genus will mark library cell as unusable i.e. the attribute 'usable' will be marked to 'false' on the libcell. Therefore, the cell is not used for mapping and it will not be picked up from the library for synthesis. If you query the attribute 'unusable_reason' on the libcell; result will be: 'Library cell has no output pins.'Note: The message LBR-9 is only for the logical pins and not for the power_ground pins. Genus will depend upon the output function defined in the pin group (output pin) of the cell, to use it for mapping. The pg_pin will not have any function defined.
Warning : Libcell has no area attribute.  Defaulting to 0 area. [LBR-43]
        : Assigning 0 area to library cell 'slow_vdd1v2/ANTENNALVT'.
        : Specify a valid area value for the libcell.
Warning : Library cell has no output pins defined. [LBR-9]
        : Library cell 'ANTENNALVT' must have an output pin.
Warning : Libcell has no area attribute.  Defaulting to 0 area. [LBR-43]
        : Assigning 0 area to library cell 'slow_vdd1v2/DFFNSRX4LVT'.
Warning : Libcell has no area attribute.  Defaulting to 0 area. [LBR-43]
        : Assigning 0 area to library cell 'slow_vdd1v2/DFFSX2LVT'.
  Setting attribute of root '/': 'library' = slow_vdd1v2_basicCells_lvt.lib
@file(synth_with_mem.tcl) 16: read_hdl -sv vproc_pkg.sv
@file(synth_with_mem.tcl) 17: read_hdl -sv vproc_config.sv
@file(synth_with_mem.tcl) 18: read_hdl -sv vproc_xif.sv
@file(synth_with_mem.tcl) 21: read_hdl -sv my_pkg.sv
@file(synth_with_mem.tcl) 22: read_hdl -sv adder.sv
@file(synth_with_mem.tcl) 23: read_hdl -sv alu.sv
@file(synth_with_mem.tcl) 24: read_hdl -sv barrel_shifter.sv
@file(synth_with_mem.tcl) 25: read_hdl -sv mux2.sv
@file(synth_with_mem.tcl) 26: read_hdl -sv mux3.sv
@file(synth_with_mem.tcl) 27: read_hdl -sv mux4.sv
@file(synth_with_mem.tcl) 28: read_hdl -sv extend.sv
@file(synth_with_mem.tcl) 29: read_hdl -sv pc.sv
@file(synth_with_mem.tcl) 30: read_hdl -sv pc_src.sv
@file(synth_with_mem.tcl) 31: read_hdl -sv reg_file.sv
@file(synth_with_mem.tcl) 32: read_hdl -sv control_unit.sv
@file(synth_with_mem.tcl) 33: read_hdl -sv hazard_unit.sv
@file(synth_with_mem.tcl) 34: read_hdl -sv decode_reg.sv
@file(synth_with_mem.tcl) 35: read_hdl -sv execute_reg.sv
@file(synth_with_mem.tcl) 36: read_hdl -sv memory_reg.sv
@file(synth_with_mem.tcl) 37: read_hdl -sv writeback_reg.sv
@file(synth_with_mem.tcl) 38: read_hdl -sv load_unit.sv
@file(synth_with_mem.tcl) 39: read_hdl -sv store_unit.sv
@file(synth_with_mem.tcl) 40: read_hdl -sv multiplier_1c.sv
@file(synth_with_mem.tcl) 41: read_hdl -sv multiplier_16c.sv
@file(synth_with_mem.tcl) 42: read_hdl -sv divider_1c.sv
@file(synth_with_mem.tcl) 43: read_hdl -sv divider_32c.sv
@file(synth_with_mem.tcl) 44: read_hdl -sv btb.sv
@file(synth_with_mem.tcl) 45: read_hdl -sv pht.sv
@file(synth_with_mem.tcl) 46: read_hdl -sv gbh.sv
@file(synth_with_mem.tcl) 47: read_hdl -sv gshare.sv
@file(synth_with_mem.tcl) 50: read_hdl -sv i_mem_synth.sv
  (* ram_style = "block" *) logic [31:0] IMEM [0:WORDS-1];
     |
Warning : Unused attribute. [VLOGPT-506]
        : Attribute 'ram_style' in file 'i_mem_synth.sv' on line 28, column 6.
@file(synth_with_mem.tcl) 51: read_hdl -sv d_mem_synth.sv
  (* ram_style = "block" *) logic [31:0] DMEM [0:WORDS-1];
     |
Warning : Unused attribute. [VLOGPT-506]
        : Attribute 'ram_style' in file 'd_mem_synth.sv' on line 29, column 6.
@file(synth_with_mem.tcl) 54: read_hdl -sv vproc_vregfile.sv
@file(synth_with_mem.tcl) 55: read_hdl -sv vproc_vregpack.sv
@file(synth_with_mem.tcl) 56: read_hdl -sv vproc_vregunpack.sv
@file(synth_with_mem.tcl) 57: read_hdl -sv vproc_vreg_wr_mux.sv
    function static int unsigned MAX_WR_ATTEMPTS(int unsigned PIPE_IDX);
                  |
Warning : Ignoring 'static' lifetime qualifier. [VLOGPT-122]
        : in file 'vproc_vreg_wr_mux.sv' on line 36, column 19.
        : For synthesis, all declarations in subprograms, packages, programs etc are treated as automatic.  Therefore an explicit 'static' lifetime qualifier has no effect.
@file(synth_with_mem.tcl) 58: read_hdl -sv vproc_pending_wr.sv
@file(synth_with_mem.tcl) 59: read_hdl -sv vproc_queue.sv
@file(synth_with_mem.tcl) 60: read_hdl -sv vproc_result.sv
@file(synth_with_mem.tcl) 61: read_hdl -sv vproc_alu.sv
@file(synth_with_mem.tcl) 62: read_hdl -sv vproc_mul_block.sv
@file(synth_with_mem.tcl) 63: read_hdl -sv vproc_mul.sv
@file(synth_with_mem.tcl) 64: read_hdl -sv vproc_sld.sv
@file(synth_with_mem.tcl) 65: read_hdl -sv vproc_elem.sv
@file(synth_with_mem.tcl) 66: read_hdl -sv vproc_lsu.sv
@file(synth_with_mem.tcl) 67: read_hdl -sv vproc_decoder.sv
@file(synth_with_mem.tcl) 68: read_hdl -sv vproc_dispatcher.sv
@file(synth_with_mem.tcl) 69: read_hdl -sv vproc_unit_mux.sv
@file(synth_with_mem.tcl) 70: read_hdl -sv vproc_unit_wrapper.sv
@file(synth_with_mem.tcl) 71: read_hdl -sv vproc_pipeline.sv
@file(synth_with_mem.tcl) 72: read_hdl -sv vproc_pipeline_wrapper.sv
@file(synth_with_mem.tcl) 73: read_hdl -sv vproc_top.sv
@file(synth_with_mem.tcl) 74: read_hdl -sv vproc_core.sv
    function static ASSIGN_VADDR_RD_W_RET_T ASSIGN_VADDR_RD_W();
                  |
Warning : Ignoring 'static' lifetime qualifier. [VLOGPT-122]
        : in file 'vproc_core.sv' on line 126, column 19.
    function static ASSIGN_VADDR_WR_W_RET_T ASSIGN_VADDR_WR_W();
                  |
Warning : Ignoring 'static' lifetime qualifier. [VLOGPT-122]
        : in file 'vproc_core.sv' on line 131, column 19.
    function static int unsigned MAX_VPORT_RD_SLICE(
                  |
Warning : Ignoring 'static' lifetime qualifier. [VLOGPT-122]
        : in file 'vproc_core.sv' on line 140, column 19.
    function static int unsigned MAX_VPORT_WR_SLICE(
                  |
Warning : Ignoring 'static' lifetime qualifier. [VLOGPT-122]
        : in file 'vproc_core.sv' on line 150, column 19.
@file(synth_with_mem.tcl) 77: read_hdl -sv vicuna_wrapper.sv
@file(synth_with_mem.tcl) 78: read_hdl -sv rv32im.sv
@file(synth_with_mem.tcl) 79: read_hdl -sv rv32im_top_synth.sv
@file(synth_with_mem.tcl) 82: elaborate rv32im_top
  Library has 324 usable logic and 128 usable sequential lib-cells.
Info    : Elaborating Design. [ELAB-1]
        : Elaborating top-level block 'rv32im_top' from file 'rv32im_top_synth.sv'.
Warning : Using default parameter value for module elaboration. [CDFG-818]
        : Elaborating block 'rv32im_top' with default parameters value.
Warning : Unreachable statements for case item. [CDFG-472]
        : Case item 'default' in module 'control_unit' in file 'control_unit.sv' on line 124.
Warning : Unreachable statements for case item. [CDFG-472]
        : Case item 'default' in module 'control_unit' in file 'control_unit.sv' on line 136.
Warning : Unreachable statements for case item. [CDFG-472]
        : Case item 'default' in module 'barrel_shifter' in file 'barrel_shifter.sv' on line 14.
Warning : Removing unused register. [CDFG-508]
        : Removing unused flip-flop register 'C' in module 'multiplier_16c' in file 'multiplier_16c.sv' on line 16.
        : Genus removes the flip-flop or latch inferred for an unused signal or variable. To preserve the flip-flop or latch, set the hdl_preserve_unused_registers attribute to true or use a pragma in the RTL.
Warning : Unreachable statements for case item. [CDFG-472]
        : Case item 'default' in module 'divider_32c' in file 'divider_32c.sv' on line 29.
Warning : Unreachable statements for case item. [CDFG-472]
        : Case item 'default' in module 'vicuna_wrapper' in file 'vicuna_wrapper.sv' on line 111.
Warning : Unreachable statements for case item. [CDFG-472]
        : Case item 'default' in module 'vproc_decoder_CFG_VL_W7_XIF_MEM_W32_ALIGNED_UNITSTRIDE0_DONT_CARE_ZERO1' in file 'vproc_decoder.sv' on line 166.
Warning : Unreachable statements for case item. [CDFG-472]
        : Case item 'default' in module 'vproc_decoder_CFG_VL_W7_XIF_MEM_W32_ALIGNED_UNITSTRIDE0_DONT_CARE_ZERO1' in file 'vproc_decoder.sv' on line 1605.
Warning : Unreachable statements for case item. [CDFG-472]
        : Case item 'default' in module 'vproc_decoder_CFG_VL_W7_XIF_MEM_W32_ALIGNED_UNITSTRIDE0_DONT_CARE_ZERO1' in file 'vproc_decoder.sv' on line 1634.
Warning : Loop condition is always false. [CDFG-485]
        : 'for' loop condition is always false in file 'vproc_vregfile.sv' on line 74.
        : Loop body will not be synthesized.
Warning : Loop condition is always false. [CDFG-485]
        : 'for' loop condition is always false in file 'vproc_vregfile.sv' on line 91.
Warning : Loop condition is always false. [CDFG-485]
        : 'for' loop condition is always false in file 'vproc_vregfile.sv' on line 177.
Warning : Loop condition is always false. [CDFG-485]
        : 'for' loop condition is always false in file 'vproc_vregfile.sv' on line 177.
Warning : Detected non-positive value for replication prefix. [CDFG-236]
        : Prefix value = 0; replication evaluates to null in file 'vproc_core.sv' on line 925, column 95.
        : The prefix expression of a replication generally must evaluate to a positive constant.  The value of a replication with a non-positive prefix depends on the setting of the attribute 'hdl_zero_replicate_is_null'.  If true, the replication is treated as a zero-width expression.  If false, the replication evaluates to 1'b0.
Warning : Unreachable statements for case item. [CDFG-472]
        : Case item 'default' in module 'vproc_pipeline_VREG_W128_CFG_VL_W7_XIF_ID_W1_XIF_ID_CNT2_UNITS31_MAX_VPORT_W128_MAX_VADDR_W5_VPORT_CNT1_VPORT_W128_VADDR_W5_VPORT_BUFFER1_MAX_OP_W32_OP_CNT6_OP_Wx000000200000002000000020000000200000000100000004_OP_STAGEx000000030000000100000002000000030000000300000003_OP_SRCx000000000000000000000000000000000000000000000001_OP_DYN_ADDR_SRC1_OP_DYN_ADDR8_OP_MASK48_OP_XREG2_OP_NARROW3_OP_ALLOW_ELEMWISE35_OP_ALWAYS_ELEMWISE16_OP_ALT_COUNTER1_OP_ALWAYS_VREG0_UNPACK_STAGES4_MAX_RES_W32_RES_CNT2_RES_Wx0000002000000004_RES_MASK2_RES_NARROW1_RES_ALLOW_ELEMWISE1_RES_ALWAYS_ELEMWISE0_RES_ALWAYS_VREG0_FIELD_COUNT_USED1_FIELD_OP1_VLSU_QUEUE_SZ4_VLSU_FLAGS0_MUL_TYPE0_INIT_STATE_Ttype_3_state_t_190_27_DONT_CARE_ZERO1_xif_mem_if_vproc_xif_X_ID_WIDTH1_X_MEM_WIDTH32_coproc_mem_xif_memres_if_vproc_xif_X_ID_WIDTH1_X_MEM_WIDTH32_coproc_mem_result' in file 'vproc_pipeline.sv' on line 304.
Warning : Loop condition is always false. [CDFG-485]
        : 'for' loop condition is always false in file 'vproc_pipeline.sv' on line 348.
Warning : Unreachable statements for case item. [CDFG-472]
        : Case item 'default' in module 'vproc_pipeline_VREG_W128_CFG_VL_W7_XIF_ID_W1_XIF_ID_CNT2_UNITS31_MAX_VPORT_W128_MAX_VADDR_W5_VPORT_CNT1_VPORT_W128_VADDR_W5_VPORT_BUFFER1_MAX_OP_W32_OP_CNT6_OP_Wx000000200000002000000020000000200000000100000004_OP_STAGEx000000030000000100000002000000030000000300000003_OP_SRCx000000000000000000000000000000000000000000000001_OP_DYN_ADDR_SRC1_OP_DYN_ADDR8_OP_MASK48_OP_XREG2_OP_NARROW3_OP_ALLOW_ELEMWISE35_OP_ALWAYS_ELEMWISE16_OP_ALT_COUNTER1_OP_ALWAYS_VREG0_UNPACK_STAGES4_MAX_RES_W32_RES_CNT2_RES_Wx0000002000000004_RES_MASK2_RES_NARROW1_RES_ALLOW_ELEMWISE1_RES_ALWAYS_ELEMWISE0_RES_ALWAYS_VREG0_FIELD_COUNT_USED1_FIELD_OP1_VLSU_QUEUE_SZ4_VLSU_FLAGS0_MUL_TYPE0_INIT_STATE_Ttype_3_state_t_190_27_DONT_CARE_ZERO1_xif_mem_if_vproc_xif_X_ID_WIDTH1_X_MEM_WIDTH32_coproc_mem_xif_memres_if_vproc_xif_X_ID_WIDTH1_X_MEM_WIDTH32_coproc_mem_result' in file 'vproc_pipeline.sv' on line 405.
Warning : Unreachable statements for case item. [CDFG-472]
        : Case item 'default' in module 'vproc_pipeline_VREG_W128_CFG_VL_W7_XIF_ID_W1_XIF_ID_CNT2_UNITS31_MAX_VPORT_W128_MAX_VADDR_W5_VPORT_CNT1_VPORT_W128_VADDR_W5_VPORT_BUFFER1_MAX_OP_W32_OP_CNT6_OP_Wx000000200000002000000020000000200000000100000004_OP_STAGEx000000030000000100000002000000030000000300000003_OP_SRCx000000000000000000000000000000000000000000000001_OP_DYN_ADDR_SRC1_OP_DYN_ADDR8_OP_MASK48_OP_XREG2_OP_NARROW3_OP_ALLOW_ELEMWISE35_OP_ALWAYS_ELEMWISE16_OP_ALT_COUNTER1_OP_ALWAYS_VREG0_UNPACK_STAGES4_MAX_RES_W32_RES_CNT2_RES_Wx0000002000000004_RES_MASK2_RES_NARROW1_RES_ALLOW_ELEMWISE1_RES_ALWAYS_ELEMWISE0_RES_ALWAYS_VREG0_FIELD_COUNT_USED1_FIELD_OP1_VLSU_QUEUE_SZ4_VLSU_FLAGS0_MUL_TYPE0_INIT_STATE_Ttype_3_state_t_190_27_DONT_CARE_ZERO1_xif_mem_if_vproc_xif_X_ID_WIDTH1_X_MEM_WIDTH32_coproc_mem_xif_memres_if_vproc_xif_X_ID_WIDTH1_X_MEM_WIDTH32_coproc_mem_result' in file 'vproc_pipeline.sv' on line 405.
Warning : Unreachable statements for case item. [CDFG-472]
        : Case item 'default' in module 'vproc_pipeline_VREG_W128_CFG_VL_W7_XIF_ID_W1_XIF_ID_CNT2_UNITS31_MAX_VPORT_W128_MAX_VADDR_W5_VPORT_CNT1_VPORT_W128_VADDR_W5_VPORT_BUFFER1_MAX_OP_W32_OP_CNT6_OP_Wx000000200000002000000020000000200000000100000004_OP_STAGEx000000030000000100000002000000030000000300000003_OP_SRCx000000000000000000000000000000000000000000000001_OP_DYN_ADDR_SRC1_OP_DYN_ADDR8_OP_MASK48_OP_XREG2_OP_NARROW3_OP_ALLOW_ELEMWISE35_OP_ALWAYS_ELEMWISE16_OP_ALT_COUNTER1_OP_ALWAYS_VREG0_UNPACK_STAGES4_MAX_RES_W32_RES_CNT2_RES_Wx0000002000000004_RES_MASK2_RES_NARROW1_RES_ALLOW_ELEMWISE1_RES_ALWAYS_ELEMWISE0_RES_ALWAYS_VREG0_FIELD_COUNT_USED1_FIELD_OP1_VLSU_QUEUE_SZ4_VLSU_FLAGS0_MUL_TYPE0_INIT_STATE_Ttype_3_state_t_190_27_DONT_CARE_ZERO1_xif_mem_if_vproc_xif_X_ID_WIDTH1_X_MEM_WIDTH32_coproc_mem_xif_memres_if_vproc_xif_X_ID_WIDTH1_X_MEM_WIDTH32_coproc_mem_result' in file 'vproc_pipeline.sv' on line 405.
Warning : Unreachable statements for case item. [CDFG-472]
        : Case item 'default' in module 'vproc_pipeline_VREG_W128_CFG_VL_W7_XIF_ID_W1_XIF_ID_CNT2_UNITS31_MAX_VPORT_W128_MAX_VADDR_W5_VPORT_CNT1_VPORT_W128_VADDR_W5_VPORT_BUFFER1_MAX_OP_W32_OP_CNT6_OP_Wx000000200000002000000020000000200000000100000004_OP_STAGEx000000030000000100000002000000030000000300000003_OP_SRCx000000000000000000000000000000000000000000000001_OP_DYN_ADDR_SRC1_OP_DYN_ADDR8_OP_MASK48_OP_XREG2_OP_NARROW3_OP_ALLOW_ELEMWISE35_OP_ALWAYS_ELEMWISE16_OP_ALT_COUNTER1_OP_ALWAYS_VREG0_UNPACK_STAGES4_MAX_RES_W32_RES_CNT2_RES_Wx0000002000000004_RES_MASK2_RES_NARROW1_RES_ALLOW_ELEMWISE1_RES_ALWAYS_ELEMWISE0_RES_ALWAYS_VREG0_FIELD_COUNT_USED1_FIELD_OP1_VLSU_QUEUE_SZ4_VLSU_FLAGS0_MUL_TYPE0_INIT_STATE_Ttype_3_state_t_190_27_DONT_CARE_ZERO1_xif_mem_if_vproc_xif_X_ID_WIDTH1_X_MEM_WIDTH32_coproc_mem_xif_memres_if_vproc_xif_X_ID_WIDTH1_X_MEM_WIDTH32_coproc_mem_result' in file 'vproc_pipeline.sv' on line 497.
Warning : Unreachable statements for case item. [CDFG-472]
        : Case item 'default' in module 'vproc_pipeline_VREG_W128_CFG_VL_W7_XIF_ID_W1_XIF_ID_CNT2_UNITS31_MAX_VPORT_W128_MAX_VADDR_W5_VPORT_CNT1_VPORT_W128_VADDR_W5_VPORT_BUFFER1_MAX_OP_W32_OP_CNT6_OP_Wx000000200000002000000020000000200000000100000004_OP_STAGEx000000030000000100000002000000030000000300000003_OP_SRCx000000000000000000000000000000000000000000000001_OP_DYN_ADDR_SRC1_OP_DYN_ADDR8_OP_MASK48_OP_XREG2_OP_NARROW3_OP_ALLOW_ELEMWISE35_OP_ALWAYS_ELEMWISE16_OP_ALT_COUNTER1_OP_ALWAYS_VREG0_UNPACK_STAGES4_MAX_RES_W32_RES_CNT2_RES_Wx0000002000000004_RES_MASK2_RES_NARROW1_RES_ALLOW_ELEMWISE1_RES_ALWAYS_ELEMWISE0_RES_ALWAYS_VREG0_FIELD_COUNT_USED1_FIELD_OP1_VLSU_QUEUE_SZ4_VLSU_FLAGS0_MUL_TYPE0_INIT_STATE_Ttype_3_state_t_190_27_DONT_CARE_ZERO1_xif_mem_if_vproc_xif_X_ID_WIDTH1_X_MEM_WIDTH32_coproc_mem_xif_memres_if_vproc_xif_X_ID_WIDTH1_X_MEM_WIDTH32_coproc_mem_result' in file 'vproc_pipeline.sv' on line 539.
Warning : Unreachable statements for case item. [CDFG-472]
        : Case item 'default' in module 'vproc_pipeline_VREG_W128_CFG_VL_W7_XIF_ID_W1_XIF_ID_CNT2_UNITS31_MAX_VPORT_W128_MAX_VADDR_W5_VPORT_CNT1_VPORT_W128_VADDR_W5_VPORT_BUFFER1_MAX_OP_W32_OP_CNT6_OP_Wx000000200000002000000020000000200000000100000004_OP_STAGEx000000030000000100000002000000030000000300000003_OP_SRCx000000000000000000000000000000000000000000000001_OP_DYN_ADDR_SRC1_OP_DYN_ADDR8_OP_MASK48_OP_XREG2_OP_NARROW3_OP_ALLOW_ELEMWISE35_OP_ALWAYS_ELEMWISE16_OP_ALT_COUNTER1_OP_ALWAYS_VREG0_UNPACK_STAGES4_MAX_RES_W32_RES_CNT2_RES_Wx0000002000000004_RES_MASK2_RES_NARROW1_RES_ALLOW_ELEMWISE1_RES_ALWAYS_ELEMWISE0_RES_ALWAYS_VREG0_FIELD_COUNT_USED1_FIELD_OP1_VLSU_QUEUE_SZ4_VLSU_FLAGS0_MUL_TYPE0_INIT_STATE_Ttype_3_state_t_190_27_DONT_CARE_ZERO1_xif_mem_if_vproc_xif_X_ID_WIDTH1_X_MEM_WIDTH32_coproc_mem_xif_memres_if_vproc_xif_X_ID_WIDTH1_X_MEM_WIDTH32_coproc_mem_result' in file 'vproc_pipeline.sv' on line 577.
Warning : Unreachable statements for case item. [CDFG-472]
        : Case item 'default' in module 'vproc_pipeline_VREG_W128_CFG_VL_W7_XIF_ID_W1_XIF_ID_CNT2_UNITS31_MAX_VPORT_W128_MAX_VADDR_W5_VPORT_CNT1_VPORT_W128_VADDR_W5_VPORT_BUFFER1_MAX_OP_W32_OP_CNT6_OP_Wx000000200000002000000020000000200000000100000004_OP_STAGEx000000030000000100000002000000030000000300000003_OP_SRCx000000000000000000000000000000000000000000000001_OP_DYN_ADDR_SRC1_OP_DYN_ADDR8_OP_MASK48_OP_XREG2_OP_NARROW3_OP_ALLOW_ELEMWISE35_OP_ALWAYS_ELEMWISE16_OP_ALT_COUNTER1_OP_ALWAYS_VREG0_UNPACK_STAGES4_MAX_RES_W32_RES_CNT2_RES_Wx0000002000000004_RES_MASK2_RES_NARROW1_RES_ALLOW_ELEMWISE1_RES_ALWAYS_ELEMWISE0_RES_ALWAYS_VREG0_FIELD_COUNT_USED1_FIELD_OP1_VLSU_QUEUE_SZ4_VLSU_FLAGS0_MUL_TYPE0_INIT_STATE_Ttype_3_state_t_190_27_DONT_CARE_ZERO1_xif_mem_if_vproc_xif_X_ID_WIDTH1_X_MEM_WIDTH32_coproc_mem_xif_memres_if_vproc_xif_X_ID_WIDTH1_X_MEM_WIDTH32_coproc_mem_result' in file 'vproc_pipeline.sv' on line 595.
Warning : Unreachable statements for case item. [CDFG-472]
        : Case item 'default' in module 'vproc_pipeline_VREG_W128_CFG_VL_W7_XIF_ID_W1_XIF_ID_CNT2_UNITS31_MAX_VPORT_W128_MAX_VADDR_W5_VPORT_CNT1_VPORT_W128_VADDR_W5_VPORT_BUFFER1_MAX_OP_W32_OP_CNT6_OP_Wx000000200000002000000020000000200000000100000004_OP_STAGEx000000030000000100000002000000030000000300000003_OP_SRCx000000000000000000000000000000000000000000000001_OP_DYN_ADDR_SRC1_OP_DYN_ADDR8_OP_MASK48_OP_XREG2_OP_NARROW3_OP_ALLOW_ELEMWISE35_OP_ALWAYS_ELEMWISE16_OP_ALT_COUNTER1_OP_ALWAYS_VREG0_UNPACK_STAGES4_MAX_RES_W32_RES_CNT2_RES_Wx0000002000000004_RES_MASK2_RES_NARROW1_RES_ALLOW_ELEMWISE1_RES_ALWAYS_ELEMWISE0_RES_ALWAYS_VREG0_FIELD_COUNT_USED1_FIELD_OP1_VLSU_QUEUE_SZ4_VLSU_FLAGS0_MUL_TYPE0_INIT_STATE_Ttype_3_state_t_190_27_DONT_CARE_ZERO1_xif_mem_if_vproc_xif_X_ID_WIDTH1_X_MEM_WIDTH32_coproc_mem_xif_memres_if_vproc_xif_X_ID_WIDTH1_X_MEM_WIDTH32_coproc_mem_result' in file 'vproc_pipeline.sv' on line 595.
Warning : Non-static conditional expression in 'for' statement. [CDFG-487]
        : in file 'vproc_pipeline.sv' on line 619.
Warning : Unreachable statements for case item. [CDFG-472]
        : Case item 'default' in module 'vproc_pipeline_VREG_W128_CFG_VL_W7_XIF_ID_W1_XIF_ID_CNT2_UNITS31_MAX_VPORT_W128_MAX_VADDR_W5_VPORT_CNT1_VPORT_W128_VADDR_W5_VPORT_BUFFER1_MAX_OP_W32_OP_CNT6_OP_Wx000000200000002000000020000000200000000100000004_OP_STAGEx000000030000000100000002000000030000000300000003_OP_SRCx000000000000000000000000000000000000000000000001_OP_DYN_ADDR_SRC1_OP_DYN_ADDR8_OP_MASK48_OP_XREG2_OP_NARROW3_OP_ALLOW_ELEMWISE35_OP_ALWAYS_ELEMWISE16_OP_ALT_COUNTER1_OP_ALWAYS_VREG0_UNPACK_STAGES4_MAX_RES_W32_RES_CNT2_RES_Wx0000002000000004_RES_MASK2_RES_NARROW1_RES_ALLOW_ELEMWISE1_RES_ALWAYS_ELEMWISE0_RES_ALWAYS_VREG0_FIELD_COUNT_USED1_FIELD_OP1_VLSU_QUEUE_SZ4_VLSU_FLAGS0_MUL_TYPE0_INIT_STATE_Ttype_3_state_t_190_27_DONT_CARE_ZERO1_xif_mem_if_vproc_xif_X_ID_WIDTH1_X_MEM_WIDTH32_coproc_mem_xif_memres_if_vproc_xif_X_ID_WIDTH1_X_MEM_WIDTH32_coproc_mem_result' in file 'vproc_pipeline.sv' on line 710.
Warning : Detected non-positive value for replication prefix. [CDFG-236]
        : Prefix value = 0; replication evaluates to null in file 'vproc_vregunpack.sv' on line 256, column 46.
Warning : Detected non-positive value for replication prefix. [CDFG-236]
        : Prefix value = 0; replication evaluates to null in file 'vproc_vregunpack.sv' on line 273, column 54.
Warning : Detected non-positive value for replication prefix. [CDFG-236]
        : Prefix value = 0; replication evaluates to null in file 'vproc_vregunpack.sv' on line 273, column 54.
Warning : Detected non-positive value for replication prefix. [CDFG-236]
        : Prefix value = 0; replication evaluates to null in file 'vproc_vregunpack.sv' on line 273, column 54.
Warning : Detected non-positive value for replication prefix. [CDFG-236]
        : Prefix value = 0; replication evaluates to null in file 'vproc_vregunpack.sv' on line 273, column 54.
Warning : Detected non-positive value for replication prefix. [CDFG-236]
        : Prefix value = 0; replication evaluates to null in file 'vproc_vregunpack.sv' on line 273, column 54.
Warning : Removing unused register. [CDFG-508]
        : Removing unused latch register 'stage_0[op_data][0]' in module 'vproc_vregunpack_MAX_VPORT_W128_MAX_VADDR_W5_VPORT_CNT1_VPORT_W128_VADDR_W5_VPORT_BUFFER1_VPORT_V0_W128_MAX_OP_W32_OP_CNT6_OP_Wx000000200000002000000020000000200000000100000004_OP_STAGEx000000030000000100000002000000030000000300000003_OP_SRCx000000000000000000000000000000000000000000000001_OP_DYN_ADDR_SRC1_OP_DYN_ADDR8_OP_MASK48_OP_XREG2_OP_NARROW3_OP_ALLOW_ELEMWISE35_OP_ALWAYS_ELEMWISE16_OP_HOLD_FLAG2_UNPACK_STAGES4_FLAGS_Ttype_vproc_pkg_unpack_flags_314_23_CTRL_DATA_W81_DONT_CARE_ZERO1' in file 'vproc_vregunpack.sv' on line 103.
Warning : Removing unused register. [CDFG-508]
        : Removing unused latch register 'stage_0[op_data][1]' in module 'vproc_vregunpack_MAX_VPORT_W128_MAX_VADDR_W5_VPORT_CNT1_VPORT_W128_VADDR_W5_VPORT_BUFFER1_VPORT_V0_W128_MAX_OP_W32_OP_CNT6_OP_Wx000000200000002000000020000000200000000100000004_OP_STAGEx000000030000000100000002000000030000000300000003_OP_SRCx000000000000000000000000000000000000000000000001_OP_DYN_ADDR_SRC1_OP_DYN_ADDR8_OP_MASK48_OP_XREG2_OP_NARROW3_OP_ALLOW_ELEMWISE35_OP_ALWAYS_ELEMWISE16_OP_HOLD_FLAG2_UNPACK_STAGES4_FLAGS_Ttype_vproc_pkg_unpack_flags_314_23_CTRL_DATA_W81_DONT_CARE_ZERO1' in file 'vproc_vregunpack.sv' on line 103.
Warning : Removing unused register. [CDFG-508]
        : Removing unused latch register 'stage_0[op_data][2]' in module 'vproc_vregunpack_MAX_VPORT_W128_MAX_VADDR_W5_VPORT_CNT1_VPORT_W128_VADDR_W5_VPORT_BUFFER1_VPORT_V0_W128_MAX_OP_W32_OP_CNT6_OP_Wx000000200000002000000020000000200000000100000004_OP_STAGEx000000030000000100000002000000030000000300000003_OP_SRCx000000000000000000000000000000000000000000000001_OP_DYN_ADDR_SRC1_OP_DYN_ADDR8_OP_MASK48_OP_XREG2_OP_NARROW3_OP_ALLOW_ELEMWISE35_OP_ALWAYS_ELEMWISE16_OP_HOLD_FLAG2_UNPACK_STAGES4_FLAGS_Ttype_vproc_pkg_unpack_flags_314_23_CTRL_DATA_W81_DONT_CARE_ZERO1' in file 'vproc_vregunpack.sv' on line 103.
Warning : Removing unused register. [CDFG-508]
        : Removing unused latch register 'stage_0[op_data][3]' in module 'vproc_vregunpack_MAX_VPORT_W128_MAX_VADDR_W5_VPORT_CNT1_VPORT_W128_VADDR_W5_VPORT_BUFFER1_VPORT_V0_W128_MAX_OP_W32_OP_CNT6_OP_Wx000000200000002000000020000000200000000100000004_OP_STAGEx000000030000000100000002000000030000000300000003_OP_SRCx000000000000000000000000000000000000000000000001_OP_DYN_ADDR_SRC1_OP_DYN_ADDR8_OP_MASK48_OP_XREG2_OP_NARROW3_OP_ALLOW_ELEMWISE35_OP_ALWAYS_ELEMWISE16_OP_HOLD_FLAG2_UNPACK_STAGES4_FLAGS_Ttype_vproc_pkg_unpack_flags_314_23_CTRL_DATA_W81_DONT_CARE_ZERO1' in file 'vproc_vregunpack.sv' on line 103.
Warning : Removing unused register. [CDFG-508]
        : Removing unused latch register 'stage_0[op_data][4]' in module 'vproc_vregunpack_MAX_VPORT_W128_MAX_VADDR_W5_VPORT_CNT1_VPORT_W128_VADDR_W5_VPORT_BUFFER1_VPORT_V0_W128_MAX_OP_W32_OP_CNT6_OP_Wx000000200000002000000020000000200000000100000004_OP_STAGEx000000030000000100000002000000030000000300000003_OP_SRCx000000000000000000000000000000000000000000000001_OP_DYN_ADDR_SRC1_OP_DYN_ADDR8_OP_MASK48_OP_XREG2_OP_NARROW3_OP_ALLOW_ELEMWISE35_OP_ALWAYS_ELEMWISE16_OP_HOLD_FLAG2_UNPACK_STAGES4_FLAGS_Ttype_vproc_pkg_unpack_flags_314_23_CTRL_DATA_W81_DONT_CARE_ZERO1' in file 'vproc_vregunpack.sv' on line 103.
Warning : Removing unused register. [CDFG-508]
        : Removing unused latch register 'stage_0[op_data][5]' in module 'vproc_vregunpack_MAX_VPORT_W128_MAX_VADDR_W5_VPORT_CNT1_VPORT_W128_VADDR_W5_VPORT_BUFFER1_VPORT_V0_W128_MAX_OP_W32_OP_CNT6_OP_Wx000000200000002000000020000000200000000100000004_OP_STAGEx000000030000000100000002000000030000000300000003_OP_SRCx000000000000000000000000000000000000000000000001_OP_DYN_ADDR_SRC1_OP_DYN_ADDR8_OP_MASK48_OP_XREG2_OP_NARROW3_OP_ALLOW_ELEMWISE35_OP_ALWAYS_ELEMWISE16_OP_HOLD_FLAG2_UNPACK_STAGES4_FLAGS_Ttype_vproc_pkg_unpack_flags_314_23_CTRL_DATA_W81_DONT_CARE_ZERO1' in file 'vproc_vregunpack.sv' on line 103.
Warning : Removing unused register. [CDFG-508]
        : Removing unused latch register 'stage_0[op_buffer][0]' in module 'vproc_vregunpack_MAX_VPORT_W128_MAX_VADDR_W5_VPORT_CNT1_VPORT_W128_VADDR_W5_VPORT_BUFFER1_VPORT_V0_W128_MAX_OP_W32_OP_CNT6_OP_Wx000000200000002000000020000000200000000100000004_OP_STAGEx000000030000000100000002000000030000000300000003_OP_SRCx000000000000000000000000000000000000000000000001_OP_DYN_ADDR_SRC1_OP_DYN_ADDR8_OP_MASK48_OP_XREG2_OP_NARROW3_OP_ALLOW_ELEMWISE35_OP_ALWAYS_ELEMWISE16_OP_HOLD_FLAG2_UNPACK_STAGES4_FLAGS_Ttype_vproc_pkg_unpack_flags_314_23_CTRL_DATA_W81_DONT_CARE_ZERO1' in file 'vproc_vregunpack.sv' on line 103.
Warning : Removing unused register. [CDFG-508]
        : Removing unused latch register 'stage_0[op_buffer][1]' in module 'vproc_vregunpack_MAX_VPORT_W128_MAX_VADDR_W5_VPORT_CNT1_VPORT_W128_VADDR_W5_VPORT_BUFFER1_VPORT_V0_W128_MAX_OP_W32_OP_CNT6_OP_Wx000000200000002000000020000000200000000100000004_OP_STAGEx000000030000000100000002000000030000000300000003_OP_SRCx000000000000000000000000000000000000000000000001_OP_DYN_ADDR_SRC1_OP_DYN_ADDR8_OP_MASK48_OP_XREG2_OP_NARROW3_OP_ALLOW_ELEMWISE35_OP_ALWAYS_ELEMWISE16_OP_HOLD_FLAG2_UNPACK_STAGES4_FLAGS_Ttype_vproc_pkg_unpack_flags_314_23_CTRL_DATA_W81_DONT_CARE_ZERO1' in file 'vproc_vregunpack.sv' on line 103.
Warning : Removing unused register. [CDFG-508]
        : Removing unused latch register 'stage_0[op_buffer][2]' in module 'vproc_vregunpack_MAX_VPORT_W128_MAX_VADDR_W5_VPORT_CNT1_VPORT_W128_VADDR_W5_VPORT_BUFFER1_VPORT_V0_W128_MAX_OP_W32_OP_CNT6_OP_Wx000000200000002000000020000000200000000100000004_OP_STAGEx000000030000000100000002000000030000000300000003_OP_SRCx000000000000000000000000000000000000000000000001_OP_DYN_ADDR_SRC1_OP_DYN_ADDR8_OP_MASK48_OP_XREG2_OP_NARROW3_OP_ALLOW_ELEMWISE35_OP_ALWAYS_ELEMWISE16_OP_HOLD_FLAG2_UNPACK_STAGES4_FLAGS_Ttype_vproc_pkg_unpack_flags_314_23_CTRL_DATA_W81_DONT_CARE_ZERO1' in file 'vproc_vregunpack.sv' on line 103.
Warning : Removing unused register. [CDFG-508]
        : Removing unused latch register 'stage_0[op_buffer][3]' in module 'vproc_vregunpack_MAX_VPORT_W128_MAX_VADDR_W5_VPORT_CNT1_VPORT_W128_VADDR_W5_VPORT_BUFFER1_VPORT_V0_W128_MAX_OP_W32_OP_CNT6_OP_Wx000000200000002000000020000000200000000100000004_OP_STAGEx000000030000000100000002000000030000000300000003_OP_SRCx000000000000000000000000000000000000000000000001_OP_DYN_ADDR_SRC1_OP_DYN_ADDR8_OP_MASK48_OP_XREG2_OP_NARROW3_OP_ALLOW_ELEMWISE35_OP_ALWAYS_ELEMWISE16_OP_HOLD_FLAG2_UNPACK_STAGES4_FLAGS_Ttype_vproc_pkg_unpack_flags_314_23_CTRL_DATA_W81_DONT_CARE_ZERO1' in file 'vproc_vregunpack.sv' on line 103.
Warning : Removing unused register. [CDFG-508]
        : Removing unused latch register 'stage_0[op_buffer][4]' in module 'vproc_vregunpack_MAX_VPORT_W128_MAX_VADDR_W5_VPORT_CNT1_VPORT_W128_VADDR_W5_VPORT_BUFFER1_VPORT_V0_W128_MAX_OP_W32_OP_CNT6_OP_Wx000000200000002000000020000000200000000100000004_OP_STAGEx000000030000000100000002000000030000000300000003_OP_SRCx000000000000000000000000000000000000000000000001_OP_DYN_ADDR_SRC1_OP_DYN_ADDR8_OP_MASK48_OP_XREG2_OP_NARROW3_OP_ALLOW_ELEMWISE35_OP_ALWAYS_ELEMWISE16_OP_HOLD_FLAG2_UNPACK_STAGES4_FLAGS_Ttype_vproc_pkg_unpack_flags_314_23_CTRL_DATA_W81_DONT_CARE_ZERO1' in file 'vproc_vregunpack.sv' on line 103.
Warning : Removing unused register. [CDFG-508]
        : Removing unused latch register 'stage_0[op_buffer][5]' in module 'vproc_vregunpack_MAX_VPORT_W128_MAX_VADDR_W5_VPORT_CNT1_VPORT_W128_VADDR_W5_VPORT_BUFFER1_VPORT_V0_W128_MAX_OP_W32_OP_CNT6_OP_Wx000000200000002000000020000000200000000100000004_OP_STAGEx000000030000000100000002000000030000000300000003_OP_SRCx000000000000000000000000000000000000000000000001_OP_DYN_ADDR_SRC1_OP_DYN_ADDR8_OP_MASK48_OP_XREG2_OP_NARROW3_OP_ALLOW_ELEMWISE35_OP_ALWAYS_ELEMWISE16_OP_HOLD_FLAG2_UNPACK_STAGES4_FLAGS_Ttype_vproc_pkg_unpack_flags_314_23_CTRL_DATA_W81_DONT_CARE_ZERO1' in file 'vproc_vregunpack.sv' on line 103.
Warning : Removing unused register. [CDFG-508]
        : Removing unused latch register 'stage_0[op_xval][0]' in module 'vproc_vregunpack_MAX_VPORT_W128_MAX_VADDR_W5_VPORT_CNT1_VPORT_W128_VADDR_W5_VPORT_BUFFER1_VPORT_V0_W128_MAX_OP_W32_OP_CNT6_OP_Wx000000200000002000000020000000200000000100000004_OP_STAGEx000000030000000100000002000000030000000300000003_OP_SRCx000000000000000000000000000000000000000000000001_OP_DYN_ADDR_SRC1_OP_DYN_ADDR8_OP_MASK48_OP_XREG2_OP_NARROW3_OP_ALLOW_ELEMWISE35_OP_ALWAYS_ELEMWISE16_OP_HOLD_FLAG2_UNPACK_STAGES4_FLAGS_Ttype_vproc_pkg_unpack_flags_314_23_CTRL_DATA_W81_DONT_CARE_ZERO1' in file 'vproc_vregunpack.sv' on line 103.
Warning : Removing unused register. [CDFG-508]
        : Removing unused latch register 'stage_0[op_xval][2]' in module 'vproc_vregunpack_MAX_VPORT_W128_MAX_VADDR_W5_VPORT_CNT1_VPORT_W128_VADDR_W5_VPORT_BUFFER1_VPORT_V0_W128_MAX_OP_W32_OP_CNT6_OP_Wx000000200000002000000020000000200000000100000004_OP_STAGEx000000030000000100000002000000030000000300000003_OP_SRCx000000000000000000000000000000000000000000000001_OP_DYN_ADDR_SRC1_OP_DYN_ADDR8_OP_MASK48_OP_XREG2_OP_NARROW3_OP_ALLOW_ELEMWISE35_OP_ALWAYS_ELEMWISE16_OP_HOLD_FLAG2_UNPACK_STAGES4_FLAGS_Ttype_vproc_pkg_unpack_flags_314_23_CTRL_DATA_W81_DONT_CARE_ZERO1' in file 'vproc_vregunpack.sv' on line 103.
Warning : Removing unused register. [CDFG-508]
        : Removing unused latch register 'stage_0[op_xval][3]' in module 'vproc_vregunpack_MAX_VPORT_W128_MAX_VADDR_W5_VPORT_CNT1_VPORT_W128_VADDR_W5_VPORT_BUFFER1_VPORT_V0_W128_MAX_OP_W32_OP_CNT6_OP_Wx000000200000002000000020000000200000000100000004_OP_STAGEx000000030000000100000002000000030000000300000003_OP_SRCx000000000000000000000000000000000000000000000001_OP_DYN_ADDR_SRC1_OP_DYN_ADDR8_OP_MASK48_OP_XREG2_OP_NARROW3_OP_ALLOW_ELEMWISE35_OP_ALWAYS_ELEMWISE16_OP_HOLD_FLAG2_UNPACK_STAGES4_FLAGS_Ttype_vproc_pkg_unpack_flags_314_23_CTRL_DATA_W81_DONT_CARE_ZERO1' in file 'vproc_vregunpack.sv' on line 103.
Warning : Removing unused register. [CDFG-508]
        : Removing unused latch register 'stage_0[op_xval][4]' in module 'vproc_vregunpack_MAX_VPORT_W128_MAX_VADDR_W5_VPORT_CNT1_VPORT_W128_VADDR_W5_VPORT_BUFFER1_VPORT_V0_W128_MAX_OP_W32_OP_CNT6_OP_Wx000000200000002000000020000000200000000100000004_OP_STAGEx000000030000000100000002000000030000000300000003_OP_SRCx000000000000000000000000000000000000000000000001_OP_DYN_ADDR_SRC1_OP_DYN_ADDR8_OP_MASK48_OP_XREG2_OP_NARROW3_OP_ALLOW_ELEMWISE35_OP_ALWAYS_ELEMWISE16_OP_HOLD_FLAG2_UNPACK_STAGES4_FLAGS_Ttype_vproc_pkg_unpack_flags_314_23_CTRL_DATA_W81_DONT_CARE_ZERO1' in file 'vproc_vregunpack.sv' on line 103.
Warning : Removing unused register. [CDFG-508]
        : Removing unused latch register 'stage_0[op_xval][5]' in module 'vproc_vregunpack_MAX_VPORT_W128_MAX_VADDR_W5_VPORT_CNT1_VPORT_W128_VADDR_W5_VPORT_BUFFER1_VPORT_V0_W128_MAX_OP_W32_OP_CNT6_OP_Wx000000200000002000000020000000200000000100000004_OP_STAGEx000000030000000100000002000000030000000300000003_OP_SRCx000000000000000000000000000000000000000000000001_OP_DYN_ADDR_SRC1_OP_DYN_ADDR8_OP_MASK48_OP_XREG2_OP_NARROW3_OP_ALLOW_ELEMWISE35_OP_ALWAYS_ELEMWISE16_OP_HOLD_FLAG2_UNPACK_STAGES4_FLAGS_Ttype_vproc_pkg_unpack_flags_314_23_CTRL_DATA_W81_DONT_CARE_ZERO1' in file 'vproc_vregunpack.sv' on line 103.
Warning : Removing unused register. [CDFG-508]
        : Removing unused latch register 'stage_0[op_flags][0][vreg]' in module 'vproc_vregunpack_MAX_VPORT_W128_MAX_VADDR_W5_VPORT_CNT1_VPORT_W128_VADDR_W5_VPORT_BUFFER1_VPORT_V0_W128_MAX_OP_W32_OP_CNT6_OP_Wx000000200000002000000020000000200000000100000004_OP_STAGEx000000030000000100000002000000030000000300000003_OP_SRCx000000000000000000000000000000000000000000000001_OP_DYN_ADDR_SRC1_OP_DYN_ADDR8_OP_MASK48_OP_XREG2_OP_NARROW3_OP_ALLOW_ELEMWISE35_OP_ALWAYS_ELEMWISE16_OP_HOLD_FLAG2_UNPACK_STAGES4_FLAGS_Ttype_vproc_pkg_unpack_flags_314_23_CTRL_DATA_W81_DONT_CARE_ZERO1' in file 'vproc_vregunpack.sv' on line 103.
Warning : Removing unused register. [CDFG-508]
        : Removing unused latch register 'stage_0[op_flags][0][hold]' in module 'vproc_vregunpack_MAX_VPORT_W128_MAX_VADDR_W5_VPORT_CNT1_VPORT_W128_VADDR_W5_VPORT_BUFFER1_VPORT_V0_W128_MAX_OP_W32_OP_CNT6_OP_Wx000000200000002000000020000000200000000100000004_OP_STAGEx000000030000000100000002000000030000000300000003_OP_SRCx000000000000000000000000000000000000000000000001_OP_DYN_ADDR_SRC1_OP_DYN_ADDR8_OP_MASK48_OP_XREG2_OP_NARROW3_OP_ALLOW_ELEMWISE35_OP_ALWAYS_ELEMWISE16_OP_HOLD_FLAG2_UNPACK_STAGES4_FLAGS_Ttype_vproc_pkg_unpack_flags_314_23_CTRL_DATA_W81_DONT_CARE_ZERO1' in file 'vproc_vregunpack.sv' on line 103.
Warning : Maximum message print count reached. [MESG-11]
        : Maximum print count of '20' reached for message 'CDFG-508'.
Warning : Detected non-positive value for replication prefix. [CDFG-236]
        : Prefix value = 0; replication evaluates to null in file 'vproc_lsu.sv' on line 261, column 47.
Warning : Detected non-positive value for replication prefix. [CDFG-236]
        : Prefix value = 0; replication evaluates to null in file 'vproc_lsu.sv' on line 270, column 56.
Warning : Unreachable statements for case item. [CDFG-472]
        : Case item 'default' in module 'vproc_alu_ALU_OP_W32_CTRL_Ttype_7_ctrl_t_671_27_DONT_CARE_ZERO1' in file 'vproc_alu.sv' on line 224.
Warning : Unreachable statements for case item. [CDFG-472]
        : Case item 'default' in module 'vproc_alu_ALU_OP_W32_CTRL_Ttype_7_ctrl_t_671_27_DONT_CARE_ZERO1' in file 'vproc_alu.sv' on line 224.
Warning : Maximum message print count reached. [MESG-11]
        : Maximum print count of '20' reached for message 'CDFG-472'.
Warning : Non-static conditional expression in 'for' statement. [CDFG-487]
        : in file 'vproc_alu.sv' on line 440.
Warning : Non-static conditional expression in 'for' statement. [CDFG-487]
        : in file 'vproc_alu.sv' on line 450.
Warning : Non-static conditional expression in 'for' statement. [CDFG-487]
        : in file 'vproc_alu.sv' on line 460.
Warning : Detected non-positive value for replication prefix. [CDFG-236]
        : Prefix value = 0; replication evaluates to null in file 'vproc_sld.sv' on line 130, column 94.
Warning : Detected non-positive value for replication prefix. [CDFG-236]
        : Prefix value = 0; replication evaluates to null in file 'vproc_sld.sv' on line 131, column 94.
Warning : Detected non-positive value for replication prefix. [CDFG-236]
        : Prefix value = 0; replication evaluates to null in file 'vproc_sld.sv' on line 137, column 94.
Warning : Detected non-positive value for replication prefix. [CDFG-236]
        : Prefix value = 0; replication evaluates to null in file 'vproc_sld.sv' on line 138, column 94.
Warning : Detected non-positive value for replication prefix. [CDFG-236]
        : Prefix value = 0; replication evaluates to null in file 'vproc_sld.sv' on line 139, column 94.
Warning : Detected non-positive value for replication prefix. [CDFG-236]
        : Prefix value = 0; replication evaluates to null in file 'vproc_vregpack.sv' on line 278, column 94.
Warning : Detected non-positive value for replication prefix. [CDFG-236]
        : Prefix value = 0; replication evaluates to null in file 'vproc_vregpack.sv' on line 279, column 94.
Warning : Loop condition is always false. [CDFG-485]
        : 'for' loop condition is always false in file 'vproc_vreg_wr_mux.sv' on line 38.
Warning : Loop condition is always false. [CDFG-485]
        : 'for' loop condition is always false in file 'vproc_vreg_wr_mux.sv' on line 70.
Warning : Loop condition is always false. [CDFG-485]
        : 'for' loop condition is always false in file 'vproc_vreg_wr_mux.sv' on line 135.
Warning : Undriven module output port. [ELABUTL-123]
        : Undriven bits of output port 'xreg_valid_o' in module 'vproc_unit_wrapper_UNIT0_XIF_ID_W1_XIF_ID_CNT2_VREG_W128_OP_CNT6_MAX_OP_W32_RES_CNT2_MAX_RES_W32_VLSU_QUEUE_SZ4_VLSU_FLAGS0_MUL_TYPE0_CTRL_Ttype_5_ctrl_t_671_27_COUNTER_Ttype_5_counter_t_108_26_COUNTER_W8_DONT_CARE_ZERO1_xif_mem_if_vproc_xif_X_ID_WIDTH1_X_MEM_WIDTH32_coproc_mem_xif_memres_if_vproc_xif_X_ID_WIDTH1_X_MEM_WIDTH32_coproc_mem_result' in file 'vproc_unit_wrapper.sv' on line 58, column 66, hid = 0.
Warning : Undriven module output port. [ELABUTL-123]
        : Undriven bits of output port 'xreg_id_o' in module 'vproc_unit_wrapper_UNIT0_XIF_ID_W1_XIF_ID_CNT2_VREG_W128_OP_CNT6_MAX_OP_W32_RES_CNT2_MAX_RES_W32_VLSU_QUEUE_SZ4_VLSU_FLAGS0_MUL_TYPE0_CTRL_Ttype_5_ctrl_t_671_27_COUNTER_Ttype_5_counter_t_108_26_COUNTER_W8_DONT_CARE_ZERO1_xif_mem_if_vproc_xif_X_ID_WIDTH1_X_MEM_WIDTH32_coproc_mem_xif_memres_if_vproc_xif_X_ID_WIDTH1_X_MEM_WIDTH32_coproc_mem_result' in file 'vproc_unit_wrapper.sv' on line 60, column 63, hid = 0.
Warning : Undriven module output port. [ELABUTL-123]
        : Undriven bits of output port 'xreg_addr_o' in module 'vproc_unit_wrapper_UNIT0_XIF_ID_W1_XIF_ID_CNT2_VREG_W128_OP_CNT6_MAX_OP_W32_RES_CNT2_MAX_RES_W32_VLSU_QUEUE_SZ4_VLSU_FLAGS0_MUL_TYPE0_CTRL_Ttype_5_ctrl_t_671_27_COUNTER_Ttype_5_counter_t_108_26_COUNTER_W8_DONT_CARE_ZERO1_xif_mem_if_vproc_xif_X_ID_WIDTH1_X_MEM_WIDTH32_coproc_mem_xif_memres_if_vproc_xif_X_ID_WIDTH1_X_MEM_WIDTH32_coproc_mem_result' in file 'vproc_unit_wrapper.sv' on line 61, column 65, hid = 0.
Warning : Undriven module output port. [ELABUTL-123]
        : Undriven bits of output port 'xreg_data_o' in module 'vproc_unit_wrapper_UNIT0_XIF_ID_W1_XIF_ID_CNT2_VREG_W128_OP_CNT6_MAX_OP_W32_RES_CNT2_MAX_RES_W32_VLSU_QUEUE_SZ4_VLSU_FLAGS0_MUL_TYPE0_CTRL_Ttype_5_ctrl_t_671_27_COUNTER_Ttype_5_counter_t_108_26_COUNTER_W8_DONT_CARE_ZERO1_xif_mem_if_vproc_xif_X_ID_WIDTH1_X_MEM_WIDTH32_coproc_mem_xif_memres_if_vproc_xif_X_ID_WIDTH1_X_MEM_WIDTH32_coproc_mem_result' in file 'vproc_unit_wrapper.sv' on line 63, column 5, hid = 0.
Warning : Undriven module output port. [ELABUTL-123]
        : Undriven bits of output port 'pending_load_o' in module 'vproc_unit_wrapper_UNIT1_XIF_ID_W1_XIF_ID_CNT2_VREG_W128_OP_CNT6_MAX_OP_W32_RES_CNT2_MAX_RES_W32_VLSU_QUEUE_SZ4_VLSU_FLAGS0_MUL_TYPE0_CTRL_Ttype_5_ctrl_t_671_27_COUNTER_Ttype_5_counter_t_108_26_COUNTER_W8_DONT_CARE_ZERO1_xif_mem_if_vproc_xif_X_ID_WIDTH1_X_MEM_WIDTH32_coproc_mem_xif_memres_if_vproc_xif_X_ID_WIDTH1_X_MEM_WIDTH32_coproc_mem_result' in file 'vproc_unit_wrapper.sv' on line 42, column 68, hid = 0.
Warning : Undriven module output port. [ELABUTL-123]
        : Undriven bits of output port 'pending_store_o' in module 'vproc_unit_wrapper_UNIT1_XIF_ID_W1_XIF_ID_CNT2_VREG_W128_OP_CNT6_MAX_OP_W32_RES_CNT2_MAX_RES_W32_VLSU_QUEUE_SZ4_VLSU_FLAGS0_MUL_TYPE0_CTRL_Ttype_5_ctrl_t_671_27_COUNTER_Ttype_5_counter_t_108_26_COUNTER_W8_DONT_CARE_ZERO1_xif_mem_if_vproc_xif_X_ID_WIDTH1_X_MEM_WIDTH32_coproc_mem_xif_memres_if_vproc_xif_X_ID_WIDTH1_X_MEM_WIDTH32_coproc_mem_result' in file 'vproc_unit_wrapper.sv' on line 43, column 69, hid = 0.
Warning : Undriven module output port. [ELABUTL-123]
        : Undriven bits of output port 'xif_mem_if_mem_valid' in module 'vproc_unit_wrapper_UNIT1_XIF_ID_W1_XIF_ID_CNT2_VREG_W128_OP_CNT6_MAX_OP_W32_RES_CNT2_MAX_RES_W32_VLSU_QUEUE_SZ4_VLSU_FLAGS0_MUL_TYPE0_CTRL_Ttype_5_ctrl_t_671_27_COUNTER_Ttype_5_counter_t_108_26_COUNTER_W8_DONT_CARE_ZERO1_xif_mem_if_vproc_xif_X_ID_WIDTH1_X_MEM_WIDTH32_coproc_mem_xif_memres_if_vproc_xif_X_ID_WIDTH1_X_MEM_WIDTH32_coproc_mem_result'.
Warning : Undriven module output port. [ELABUTL-123]
        : Undriven bits of output port 'xif_mem_if_mem_req[spec]' in module 'vproc_unit_wrapper_UNIT1_XIF_ID_W1_XIF_ID_CNT2_VREG_W128_OP_CNT6_MAX_OP_W32_RES_CNT2_MAX_RES_W32_VLSU_QUEUE_SZ4_VLSU_FLAGS0_MUL_TYPE0_CTRL_Ttype_5_ctrl_t_671_27_COUNTER_Ttype_5_counter_t_108_26_COUNTER_W8_DONT_CARE_ZERO1_xif_mem_if_vproc_xif_X_ID_WIDTH1_X_MEM_WIDTH32_coproc_mem_xif_memres_if_vproc_xif_X_ID_WIDTH1_X_MEM_WIDTH32_coproc_mem_result' in file 'vproc_xif.sv' on line 90, column 32, hid = 0.
Warning : Undriven module output port. [ELABUTL-123]
        : Undriven bits of output port 'xif_mem_if_mem_req[last]' in module 'vproc_unit_wrapper_UNIT1_XIF_ID_W1_XIF_ID_CNT2_VREG_W128_OP_CNT6_MAX_OP_W32_RES_CNT2_MAX_RES_W32_VLSU_QUEUE_SZ4_VLSU_FLAGS0_MUL_TYPE0_CTRL_Ttype_5_ctrl_t_671_27_COUNTER_Ttype_5_counter_t_108_26_COUNTER_W8_DONT_CARE_ZERO1_xif_mem_if_vproc_xif_X_ID_WIDTH1_X_MEM_WIDTH32_coproc_mem_xif_memres_if_vproc_xif_X_ID_WIDTH1_X_MEM_WIDTH32_coproc_mem_result' in file 'vproc_xif.sv' on line 90, column 32, hid = 0.
Warning : Undriven module output port. [ELABUTL-123]
        : Undriven bits of output port 'xif_mem_if_mem_req[wdata]' in module 'vproc_unit_wrapper_UNIT1_XIF_ID_W1_XIF_ID_CNT2_VREG_W128_OP_CNT6_MAX_OP_W32_RES_CNT2_MAX_RES_W32_VLSU_QUEUE_SZ4_VLSU_FLAGS0_MUL_TYPE0_CTRL_Ttype_5_ctrl_t_671_27_COUNTER_Ttype_5_counter_t_108_26_COUNTER_W8_DONT_CARE_ZERO1_xif_mem_if_vproc_xif_X_ID_WIDTH1_X_MEM_WIDTH32_coproc_mem_xif_memres_if_vproc_xif_X_ID_WIDTH1_X_MEM_WIDTH32_coproc_mem_result' in file 'vproc_xif.sv' on line 90, column 32, hid = 0.
Warning : Undriven module output port. [ELABUTL-123]
        : Undriven bits of output port 'xif_mem_if_mem_req[attr]' in module 'vproc_unit_wrapper_UNIT1_XIF_ID_W1_XIF_ID_CNT2_VREG_W128_OP_CNT6_MAX_OP_W32_RES_CNT2_MAX_RES_W32_VLSU_QUEUE_SZ4_VLSU_FLAGS0_MUL_TYPE0_CTRL_Ttype_5_ctrl_t_671_27_COUNTER_Ttype_5_counter_t_108_26_COUNTER_W8_DONT_CARE_ZERO1_xif_mem_if_vproc_xif_X_ID_WIDTH1_X_MEM_WIDTH32_coproc_mem_xif_memres_if_vproc_xif_X_ID_WIDTH1_X_MEM_WIDTH32_coproc_mem_result' in file 'vproc_xif.sv' on line 90, column 32, hid = 0.
Warning : Undriven module output port. [ELABUTL-123]
        : Undriven bits of output port 'xif_mem_if_mem_req[be]' in module 'vproc_unit_wrapper_UNIT1_XIF_ID_W1_XIF_ID_CNT2_VREG_W128_OP_CNT6_MAX_OP_W32_RES_CNT2_MAX_RES_W32_VLSU_QUEUE_SZ4_VLSU_FLAGS0_MUL_TYPE0_CTRL_Ttype_5_ctrl_t_671_27_COUNTER_Ttype_5_counter_t_108_26_COUNTER_W8_DONT_CARE_ZERO1_xif_mem_if_vproc_xif_X_ID_WIDTH1_X_MEM_WIDTH32_coproc_mem_xif_memres_if_vproc_xif_X_ID_WIDTH1_X_MEM_WIDTH32_coproc_mem_result' in file 'vproc_xif.sv' on line 90, column 32, hid = 0.
Warning : Undriven module output port. [ELABUTL-123]
        : Undriven bits of output port 'xif_mem_if_mem_req[size]' in module 'vproc_unit_wrapper_UNIT1_XIF_ID_W1_XIF_ID_CNT2_VREG_W128_OP_CNT6_MAX_OP_W32_RES_CNT2_MAX_RES_W32_VLSU_QUEUE_SZ4_VLSU_FLAGS0_MUL_TYPE0_CTRL_Ttype_5_ctrl_t_671_27_COUNTER_Ttype_5_counter_t_108_26_COUNTER_W8_DONT_CARE_ZERO1_xif_mem_if_vproc_xif_X_ID_WIDTH1_X_MEM_WIDTH32_coproc_mem_xif_memres_if_vproc_xif_X_ID_WIDTH1_X_MEM_WIDTH32_coproc_mem_result' in file 'vproc_xif.sv' on line 90, column 32, hid = 0.
Warning : Undriven module output port. [ELABUTL-123]
        : Undriven bits of output port 'xif_mem_if_mem_req[we]' in module 'vproc_unit_wrapper_UNIT1_XIF_ID_W1_XIF_ID_CNT2_VREG_W128_OP_CNT6_MAX_OP_W32_RES_CNT2_MAX_RES_W32_VLSU_QUEUE_SZ4_VLSU_FLAGS0_MUL_TYPE0_CTRL_Ttype_5_ctrl_t_671_27_COUNTER_Ttype_5_counter_t_108_26_COUNTER_W8_DONT_CARE_ZERO1_xif_mem_if_vproc_xif_X_ID_WIDTH1_X_MEM_WIDTH32_coproc_mem_xif_memres_if_vproc_xif_X_ID_WIDTH1_X_MEM_WIDTH32_coproc_mem_result' in file 'vproc_xif.sv' on line 90, column 32, hid = 0.
Warning : Undriven module output port. [ELABUTL-123]
        : Undriven bits of output port 'xif_mem_if_mem_req[mode]' in module 'vproc_unit_wrapper_UNIT1_XIF_ID_W1_XIF_ID_CNT2_VREG_W128_OP_CNT6_MAX_OP_W32_RES_CNT2_MAX_RES_W32_VLSU_QUEUE_SZ4_VLSU_FLAGS0_MUL_TYPE0_CTRL_Ttype_5_ctrl_t_671_27_COUNTER_Ttype_5_counter_t_108_26_COUNTER_W8_DONT_CARE_ZERO1_xif_mem_if_vproc_xif_X_ID_WIDTH1_X_MEM_WIDTH32_coproc_mem_xif_memres_if_vproc_xif_X_ID_WIDTH1_X_MEM_WIDTH32_coproc_mem_result' in file 'vproc_xif.sv' on line 90, column 32, hid = 0.
Warning : Undriven module output port. [ELABUTL-123]
        : Undriven bits of output port 'xif_mem_if_mem_req[addr]' in module 'vproc_unit_wrapper_UNIT1_XIF_ID_W1_XIF_ID_CNT2_VREG_W128_OP_CNT6_MAX_OP_W32_RES_CNT2_MAX_RES_W32_VLSU_QUEUE_SZ4_VLSU_FLAGS0_MUL_TYPE0_CTRL_Ttype_5_ctrl_t_671_27_COUNTER_Ttype_5_counter_t_108_26_COUNTER_W8_DONT_CARE_ZERO1_xif_mem_if_vproc_xif_X_ID_WIDTH1_X_MEM_WIDTH32_coproc_mem_xif_memres_if_vproc_xif_X_ID_WIDTH1_X_MEM_WIDTH32_coproc_mem_result' in file 'vproc_xif.sv' on line 90, column 32, hid = 0.
Warning : Undriven module output port. [ELABUTL-123]
        : Undriven bits of output port 'xif_mem_if_mem_req[id]' in module 'vproc_unit_wrapper_UNIT1_XIF_ID_W1_XIF_ID_CNT2_VREG_W128_OP_CNT6_MAX_OP_W32_RES_CNT2_MAX_RES_W32_VLSU_QUEUE_SZ4_VLSU_FLAGS0_MUL_TYPE0_CTRL_Ttype_5_ctrl_t_671_27_COUNTER_Ttype_5_counter_t_108_26_COUNTER_W8_DONT_CARE_ZERO1_xif_mem_if_vproc_xif_X_ID_WIDTH1_X_MEM_WIDTH32_coproc_mem_xif_memres_if_vproc_xif_X_ID_WIDTH1_X_MEM_WIDTH32_coproc_mem_result' in file 'vproc_xif.sv' on line 90, column 32, hid = 0.
Warning : Undriven module output port. [ELABUTL-123]
        : Undriven bits of output port 'trans_complete_valid_o' in module 'vproc_unit_wrapper_UNIT1_XIF_ID_W1_XIF_ID_CNT2_VREG_W128_OP_CNT6_MAX_OP_W32_RES_CNT2_MAX_RES_W32_VLSU_QUEUE_SZ4_VLSU_FLAGS0_MUL_TYPE0_CTRL_Ttype_5_ctrl_t_671_27_COUNTER_Ttype_5_counter_t_108_26_COUNTER_W8_DONT_CARE_ZERO1_xif_mem_if_vproc_xif_X_ID_WIDTH1_X_MEM_WIDTH32_coproc_mem_xif_memres_if_vproc_xif_X_ID_WIDTH1_X_MEM_WIDTH32_coproc_mem_result' in file 'vproc_unit_wrapper.sv' on line 52, column 76, hid = 0.
Warning : Undriven module output port. [ELABUTL-123]
        : Undriven bits of output port 'trans_complete_id_o' in module 'vproc_unit_wrapper_UNIT1_XIF_ID_W1_XIF_ID_CNT2_VREG_W128_OP_CNT6_MAX_OP_W32_RES_CNT2_MAX_RES_W32_VLSU_QUEUE_SZ4_VLSU_FLAGS0_MUL_TYPE0_CTRL_Ttype_5_ctrl_t_671_27_COUNTER_Ttype_5_counter_t_108_26_COUNTER_W8_DONT_CARE_ZERO1_xif_mem_if_vproc_xif_X_ID_WIDTH1_X_MEM_WIDTH32_coproc_mem_xif_memres_if_vproc_xif_X_ID_WIDTH1_X_MEM_WIDTH32_coproc_mem_result' in file 'vproc_unit_wrapper.sv' on line 54, column 73, hid = 0.
Warning : Undriven module output port. [ELABUTL-123]
        : Undriven bits of output port 'trans_complete_exc_o' in module 'vproc_unit_wrapper_UNIT1_XIF_ID_W1_XIF_ID_CNT2_VREG_W128_OP_CNT6_MAX_OP_W32_RES_CNT2_MAX_RES_W32_VLSU_QUEUE_SZ4_VLSU_FLAGS0_MUL_TYPE0_CTRL_Ttype_5_ctrl_t_671_27_COUNTER_Ttype_5_counter_t_108_26_COUNTER_W8_DONT_CARE_ZERO1_xif_mem_if_vproc_xif_X_ID_WIDTH1_X_MEM_WIDTH32_coproc_mem_xif_memres_if_vproc_xif_X_ID_WIDTH1_X_MEM_WIDTH32_coproc_mem_result' in file 'vproc_unit_wrapper.sv' on line 55, column 74, hid = 0.
Warning : Maximum message print count reached. [MESG-11]
        : Maximum print count of '20' reached for message 'ELABUTL-123'.
Warning : Undriven module input port. [ELABUTL-127]
        : Undriven bits of port 'xreg_ready_i' of instance 'genblk1[0].genblk1.unit' of module 'vproc_unit_wrapper_UNIT0_XIF_ID_W1_XIF_ID_CNT2_VREG_W128_OP_CNT6_MAX_OP_W32_RES_CNT2_MAX_RES_W32_VLSU_QUEUE_SZ4_VLSU_FLAGS0_MUL_TYPE0_CTRL_Ttype_5_ctrl_t_671_27_COUNTER_Ttype_5_counter_t_108_26_COUNTER_W8_DONT_CARE_ZERO1_xif_mem_if_vproc_xif_X_ID_WIDTH1_X_MEM_WIDTH32_coproc_mem_xif_memres_if_vproc_xif_X_ID_WIDTH1_X_MEM_WIDTH32_coproc_mem_result' in file 'vproc_unit_mux.sv' on line 134, column 24, hid = 0.
        : Run check_design to check 'Undriven Port(s)/Pin(s)' section for all undriven module input ports. It is better to double confirm with designer if these undriven ports are expected. During syn_gen the undriven ports are controlled by attribute 'hdl_unconnected_value', the default value is 0.
Warning : Undriven module input port. [ELABUTL-127]
        : Undriven bits of port 'xif_mem_if_mem_ready' of instance 'genblk1[1].genblk1.unit' of module 'vproc_unit_wrapper_UNIT1_XIF_ID_W1_XIF_ID_CNT2_VREG_W128_OP_CNT6_MAX_OP_W32_RES_CNT2_MAX_RES_W32_VLSU_QUEUE_SZ4_VLSU_FLAGS0_MUL_TYPE0_CTRL_Ttype_5_ctrl_t_671_27_COUNTER_Ttype_5_counter_t_108_26_COUNTER_W8_DONT_CARE_ZERO1_xif_mem_if_vproc_xif_X_ID_WIDTH1_X_MEM_WIDTH32_coproc_mem_xif_memres_if_vproc_xif_X_ID_WIDTH1_X_MEM_WIDTH32_coproc_mem_result' in file 'vproc_unit_mux.sv' on line 134, column 24, hid = 0.
Warning : Undriven module input port. [ELABUTL-127]
        : Undriven bits of port 'xif_mem_if_mem_resp[dbg]' of instance 'genblk1[1].genblk1.unit' of module 'vproc_unit_wrapper_UNIT1_XIF_ID_W1_XIF_ID_CNT2_VREG_W128_OP_CNT6_MAX_OP_W32_RES_CNT2_MAX_RES_W32_VLSU_QUEUE_SZ4_VLSU_FLAGS0_MUL_TYPE0_CTRL_Ttype_5_ctrl_t_671_27_COUNTER_Ttype_5_counter_t_108_26_COUNTER_W8_DONT_CARE_ZERO1_xif_mem_if_vproc_xif_X_ID_WIDTH1_X_MEM_WIDTH32_coproc_mem_xif_memres_if_vproc_xif_X_ID_WIDTH1_X_MEM_WIDTH32_coproc_mem_result' in file 'vproc_unit_mux.sv' on line 134, column 24, hid = 0.
Warning : Undriven module input port. [ELABUTL-127]
        : Undriven bits of port 'xif_mem_if_mem_resp[exccode]' of instance 'genblk1[1].genblk1.unit' of module 'vproc_unit_wrapper_UNIT1_XIF_ID_W1_XIF_ID_CNT2_VREG_W128_OP_CNT6_MAX_OP_W32_RES_CNT2_MAX_RES_W32_VLSU_QUEUE_SZ4_VLSU_FLAGS0_MUL_TYPE0_CTRL_Ttype_5_ctrl_t_671_27_COUNTER_Ttype_5_counter_t_108_26_COUNTER_W8_DONT_CARE_ZERO1_xif_mem_if_vproc_xif_X_ID_WIDTH1_X_MEM_WIDTH32_coproc_mem_xif_memres_if_vproc_xif_X_ID_WIDTH1_X_MEM_WIDTH32_coproc_mem_result' in file 'vproc_unit_mux.sv' on line 134, column 24, hid = 0.
Warning : Undriven module input port. [ELABUTL-127]
        : Undriven bits of port 'xif_mem_if_mem_resp[exc]' of instance 'genblk1[1].genblk1.unit' of module 'vproc_unit_wrapper_UNIT1_XIF_ID_W1_XIF_ID_CNT2_VREG_W128_OP_CNT6_MAX_OP_W32_RES_CNT2_MAX_RES_W32_VLSU_QUEUE_SZ4_VLSU_FLAGS0_MUL_TYPE0_CTRL_Ttype_5_ctrl_t_671_27_COUNTER_Ttype_5_counter_t_108_26_COUNTER_W8_DONT_CARE_ZERO1_xif_mem_if_vproc_xif_X_ID_WIDTH1_X_MEM_WIDTH32_coproc_mem_xif_memres_if_vproc_xif_X_ID_WIDTH1_X_MEM_WIDTH32_coproc_mem_result' in file 'vproc_unit_mux.sv' on line 134, column 24, hid = 0.
Warning : Undriven module input port. [ELABUTL-127]
        : Undriven bits of port 'xif_memres_if_mem_result_valid' of instance 'genblk1[1].genblk1.unit' of module 'vproc_unit_wrapper_UNIT1_XIF_ID_W1_XIF_ID_CNT2_VREG_W128_OP_CNT6_MAX_OP_W32_RES_CNT2_MAX_RES_W32_VLSU_QUEUE_SZ4_VLSU_FLAGS0_MUL_TYPE0_CTRL_Ttype_5_ctrl_t_671_27_COUNTER_Ttype_5_counter_t_108_26_COUNTER_W8_DONT_CARE_ZERO1_xif_mem_if_vproc_xif_X_ID_WIDTH1_X_MEM_WIDTH32_coproc_mem_xif_memres_if_vproc_xif_X_ID_WIDTH1_X_MEM_WIDTH32_coproc_mem_result' in file 'vproc_unit_mux.sv' on line 134, column 24, hid = 0.
Warning : Undriven module input port. [ELABUTL-127]
        : Undriven bits of port 'xif_memres_if_mem_result[dbg]' of instance 'genblk1[1].genblk1.unit' of module 'vproc_unit_wrapper_UNIT1_XIF_ID_W1_XIF_ID_CNT2_VREG_W128_OP_CNT6_MAX_OP_W32_RES_CNT2_MAX_RES_W32_VLSU_QUEUE_SZ4_VLSU_FLAGS0_MUL_TYPE0_CTRL_Ttype_5_ctrl_t_671_27_COUNTER_Ttype_5_counter_t_108_26_COUNTER_W8_DONT_CARE_ZERO1_xif_mem_if_vproc_xif_X_ID_WIDTH1_X_MEM_WIDTH32_coproc_mem_xif_memres_if_vproc_xif_X_ID_WIDTH1_X_MEM_WIDTH32_coproc_mem_result' in file 'vproc_unit_mux.sv' on line 134, column 24, hid = 0.
Warning : Undriven module input port. [ELABUTL-127]
        : Undriven bits of port 'xif_memres_if_mem_result[err]' of instance 'genblk1[1].genblk1.unit' of module 'vproc_unit_wrapper_UNIT1_XIF_ID_W1_XIF_ID_CNT2_VREG_W128_OP_CNT6_MAX_OP_W32_RES_CNT2_MAX_RES_W32_VLSU_QUEUE_SZ4_VLSU_FLAGS0_MUL_TYPE0_CTRL_Ttype_5_ctrl_t_671_27_COUNTER_Ttype_5_counter_t_108_26_COUNTER_W8_DONT_CARE_ZERO1_xif_mem_if_vproc_xif_X_ID_WIDTH1_X_MEM_WIDTH32_coproc_mem_xif_memres_if_vproc_xif_X_ID_WIDTH1_X_MEM_WIDTH32_coproc_mem_result' in file 'vproc_unit_mux.sv' on line 134, column 24, hid = 0.
Warning : Undriven module input port. [ELABUTL-127]
        : Undriven bits of port 'xif_memres_if_mem_result[rdata]' of instance 'genblk1[1].genblk1.unit' of module 'vproc_unit_wrapper_UNIT1_XIF_ID_W1_XIF_ID_CNT2_VREG_W128_OP_CNT6_MAX_OP_W32_RES_CNT2_MAX_RES_W32_VLSU_QUEUE_SZ4_VLSU_FLAGS0_MUL_TYPE0_CTRL_Ttype_5_ctrl_t_671_27_COUNTER_Ttype_5_counter_t_108_26_COUNTER_W8_DONT_CARE_ZERO1_xif_mem_if_vproc_xif_X_ID_WIDTH1_X_MEM_WIDTH32_coproc_mem_xif_memres_if_vproc_xif_X_ID_WIDTH1_X_MEM_WIDTH32_coproc_mem_result' in file 'vproc_unit_mux.sv' on line 134, column 24, hid = 0.
Warning : Undriven module input port. [ELABUTL-127]
        : Undriven bits of port 'xif_memres_if_mem_result[id]' of instance 'genblk1[1].genblk1.unit' of module 'vproc_unit_wrapper_UNIT1_XIF_ID_W1_XIF_ID_CNT2_VREG_W128_OP_CNT6_MAX_OP_W32_RES_CNT2_MAX_RES_W32_VLSU_QUEUE_SZ4_VLSU_FLAGS0_MUL_TYPE0_CTRL_Ttype_5_ctrl_t_671_27_COUNTER_Ttype_5_counter_t_108_26_COUNTER_W8_DONT_CARE_ZERO1_xif_mem_if_vproc_xif_X_ID_WIDTH1_X_MEM_WIDTH32_coproc_mem_xif_memres_if_vproc_xif_X_ID_WIDTH1_X_MEM_WIDTH32_coproc_mem_result' in file 'vproc_unit_mux.sv' on line 134, column 24, hid = 0.
Warning : Undriven module input port. [ELABUTL-127]
        : Undriven bits of port 'trans_complete_ready_i' of instance 'genblk1[1].genblk1.unit' of module 'vproc_unit_wrapper_UNIT1_XIF_ID_W1_XIF_ID_CNT2_VREG_W128_OP_CNT6_MAX_OP_W32_RES_CNT2_MAX_RES_W32_VLSU_QUEUE_SZ4_VLSU_FLAGS0_MUL_TYPE0_CTRL_Ttype_5_ctrl_t_671_27_COUNTER_Ttype_5_counter_t_108_26_COUNTER_W8_DONT_CARE_ZERO1_xif_mem_if_vproc_xif_X_ID_WIDTH1_X_MEM_WIDTH32_coproc_mem_xif_memres_if_vproc_xif_X_ID_WIDTH1_X_MEM_WIDTH32_coproc_mem_result' in file 'vproc_unit_mux.sv' on line 134, column 24, hid = 0.
Warning : Undriven module input port. [ELABUTL-127]
        : Undriven bits of port 'xreg_ready_i' of instance 'genblk1[1].genblk1.unit' of module 'vproc_unit_wrapper_UNIT1_XIF_ID_W1_XIF_ID_CNT2_VREG_W128_OP_CNT6_MAX_OP_W32_RES_CNT2_MAX_RES_W32_VLSU_QUEUE_SZ4_VLSU_FLAGS0_MUL_TYPE0_CTRL_Ttype_5_ctrl_t_671_27_COUNTER_Ttype_5_counter_t_108_26_COUNTER_W8_DONT_CARE_ZERO1_xif_mem_if_vproc_xif_X_ID_WIDTH1_X_MEM_WIDTH32_coproc_mem_xif_memres_if_vproc_xif_X_ID_WIDTH1_X_MEM_WIDTH32_coproc_mem_result' in file 'vproc_unit_mux.sv' on line 134, column 24, hid = 0.
Warning : Undriven module input port. [ELABUTL-127]
        : Undriven bits of port 'xif_mem_if_mem_ready' of instance 'genblk1[2].genblk1.unit' of module 'vproc_unit_wrapper_UNIT2_XIF_ID_W1_XIF_ID_CNT2_VREG_W128_OP_CNT6_MAX_OP_W32_RES_CNT2_MAX_RES_W32_VLSU_QUEUE_SZ4_VLSU_FLAGS0_MUL_TYPE0_CTRL_Ttype_5_ctrl_t_671_27_COUNTER_Ttype_5_counter_t_108_26_COUNTER_W8_DONT_CARE_ZERO1_xif_mem_if_vproc_xif_X_ID_WIDTH1_X_MEM_WIDTH32_coproc_mem_xif_memres_if_vproc_xif_X_ID_WIDTH1_X_MEM_WIDTH32_coproc_mem_result' in file 'vproc_unit_mux.sv' on line 134, column 24, hid = 0.
Warning : Undriven module input port. [ELABUTL-127]
        : Undriven bits of port 'xif_mem_if_mem_resp[dbg]' of instance 'genblk1[2].genblk1.unit' of module 'vproc_unit_wrapper_UNIT2_XIF_ID_W1_XIF_ID_CNT2_VREG_W128_OP_CNT6_MAX_OP_W32_RES_CNT2_MAX_RES_W32_VLSU_QUEUE_SZ4_VLSU_FLAGS0_MUL_TYPE0_CTRL_Ttype_5_ctrl_t_671_27_COUNTER_Ttype_5_counter_t_108_26_COUNTER_W8_DONT_CARE_ZERO1_xif_mem_if_vproc_xif_X_ID_WIDTH1_X_MEM_WIDTH32_coproc_mem_xif_memres_if_vproc_xif_X_ID_WIDTH1_X_MEM_WIDTH32_coproc_mem_result' in file 'vproc_unit_mux.sv' on line 134, column 24, hid = 0.
Warning : Undriven module input port. [ELABUTL-127]
        : Undriven bits of port 'xif_mem_if_mem_resp[exccode]' of instance 'genblk1[2].genblk1.unit' of module 'vproc_unit_wrapper_UNIT2_XIF_ID_W1_XIF_ID_CNT2_VREG_W128_OP_CNT6_MAX_OP_W32_RES_CNT2_MAX_RES_W32_VLSU_QUEUE_SZ4_VLSU_FLAGS0_MUL_TYPE0_CTRL_Ttype_5_ctrl_t_671_27_COUNTER_Ttype_5_counter_t_108_26_COUNTER_W8_DONT_CARE_ZERO1_xif_mem_if_vproc_xif_X_ID_WIDTH1_X_MEM_WIDTH32_coproc_mem_xif_memres_if_vproc_xif_X_ID_WIDTH1_X_MEM_WIDTH32_coproc_mem_result' in file 'vproc_unit_mux.sv' on line 134, column 24, hid = 0.
Warning : Undriven module input port. [ELABUTL-127]
        : Undriven bits of port 'xif_mem_if_mem_resp[exc]' of instance 'genblk1[2].genblk1.unit' of module 'vproc_unit_wrapper_UNIT2_XIF_ID_W1_XIF_ID_CNT2_VREG_W128_OP_CNT6_MAX_OP_W32_RES_CNT2_MAX_RES_W32_VLSU_QUEUE_SZ4_VLSU_FLAGS0_MUL_TYPE0_CTRL_Ttype_5_ctrl_t_671_27_COUNTER_Ttype_5_counter_t_108_26_COUNTER_W8_DONT_CARE_ZERO1_xif_mem_if_vproc_xif_X_ID_WIDTH1_X_MEM_WIDTH32_coproc_mem_xif_memres_if_vproc_xif_X_ID_WIDTH1_X_MEM_WIDTH32_coproc_mem_result' in file 'vproc_unit_mux.sv' on line 134, column 24, hid = 0.
Warning : Undriven module input port. [ELABUTL-127]
        : Undriven bits of port 'xif_memres_if_mem_result_valid' of instance 'genblk1[2].genblk1.unit' of module 'vproc_unit_wrapper_UNIT2_XIF_ID_W1_XIF_ID_CNT2_VREG_W128_OP_CNT6_MAX_OP_W32_RES_CNT2_MAX_RES_W32_VLSU_QUEUE_SZ4_VLSU_FLAGS0_MUL_TYPE0_CTRL_Ttype_5_ctrl_t_671_27_COUNTER_Ttype_5_counter_t_108_26_COUNTER_W8_DONT_CARE_ZERO1_xif_mem_if_vproc_xif_X_ID_WIDTH1_X_MEM_WIDTH32_coproc_mem_xif_memres_if_vproc_xif_X_ID_WIDTH1_X_MEM_WIDTH32_coproc_mem_result' in file 'vproc_unit_mux.sv' on line 134, column 24, hid = 0.
Warning : Undriven module input port. [ELABUTL-127]
        : Undriven bits of port 'xif_memres_if_mem_result[dbg]' of instance 'genblk1[2].genblk1.unit' of module 'vproc_unit_wrapper_UNIT2_XIF_ID_W1_XIF_ID_CNT2_VREG_W128_OP_CNT6_MAX_OP_W32_RES_CNT2_MAX_RES_W32_VLSU_QUEUE_SZ4_VLSU_FLAGS0_MUL_TYPE0_CTRL_Ttype_5_ctrl_t_671_27_COUNTER_Ttype_5_counter_t_108_26_COUNTER_W8_DONT_CARE_ZERO1_xif_mem_if_vproc_xif_X_ID_WIDTH1_X_MEM_WIDTH32_coproc_mem_xif_memres_if_vproc_xif_X_ID_WIDTH1_X_MEM_WIDTH32_coproc_mem_result' in file 'vproc_unit_mux.sv' on line 134, column 24, hid = 0.
Warning : Undriven module input port. [ELABUTL-127]
        : Undriven bits of port 'xif_memres_if_mem_result[err]' of instance 'genblk1[2].genblk1.unit' of module 'vproc_unit_wrapper_UNIT2_XIF_ID_W1_XIF_ID_CNT2_VREG_W128_OP_CNT6_MAX_OP_W32_RES_CNT2_MAX_RES_W32_VLSU_QUEUE_SZ4_VLSU_FLAGS0_MUL_TYPE0_CTRL_Ttype_5_ctrl_t_671_27_COUNTER_Ttype_5_counter_t_108_26_COUNTER_W8_DONT_CARE_ZERO1_xif_mem_if_vproc_xif_X_ID_WIDTH1_X_MEM_WIDTH32_coproc_mem_xif_memres_if_vproc_xif_X_ID_WIDTH1_X_MEM_WIDTH32_coproc_mem_result' in file 'vproc_unit_mux.sv' on line 134, column 24, hid = 0.
Warning : Undriven module input port. [ELABUTL-127]
        : Undriven bits of port 'xif_memres_if_mem_result[rdata]' of instance 'genblk1[2].genblk1.unit' of module 'vproc_unit_wrapper_UNIT2_XIF_ID_W1_XIF_ID_CNT2_VREG_W128_OP_CNT6_MAX_OP_W32_RES_CNT2_MAX_RES_W32_VLSU_QUEUE_SZ4_VLSU_FLAGS0_MUL_TYPE0_CTRL_Ttype_5_ctrl_t_671_27_COUNTER_Ttype_5_counter_t_108_26_COUNTER_W8_DONT_CARE_ZERO1_xif_mem_if_vproc_xif_X_ID_WIDTH1_X_MEM_WIDTH32_coproc_mem_xif_memres_if_vproc_xif_X_ID_WIDTH1_X_MEM_WIDTH32_coproc_mem_result' in file 'vproc_unit_mux.sv' on line 134, column 24, hid = 0.
Warning : Maximum message print count reached. [MESG-11]
        : Maximum print count of '20' reached for message 'ELABUTL-127'.
Warning : Undriven signal detected. [ELABUTL-125]
        : Undriven bits of signal 'IMEM[0]' in module 'i_mem_SIZE_POW210_BASE_ADDR0' in file 'i_mem_synth.sv' on line 36, column 13, hid = 0.
        : The undriven signal handling can be controlled by setting the attribute 'hdl_unconnected_value' before syn_generic command.
Warning : Undriven signal detected. [ELABUTL-125]
        : Undriven bits of signal 'IMEM[1]' in module 'i_mem_SIZE_POW210_BASE_ADDR0' in file 'i_mem_synth.sv' on line 36, column 13, hid = 0.
Warning : Undriven signal detected. [ELABUTL-125]
        : Undriven bits of signal 'IMEM[2]' in module 'i_mem_SIZE_POW210_BASE_ADDR0' in file 'i_mem_synth.sv' on line 36, column 13, hid = 0.
Warning : Undriven signal detected. [ELABUTL-125]
        : Undriven bits of signal 'IMEM[3]' in module 'i_mem_SIZE_POW210_BASE_ADDR0' in file 'i_mem_synth.sv' on line 36, column 13, hid = 0.
Warning : Undriven signal detected. [ELABUTL-125]
        : Undriven bits of signal 'IMEM[4]' in module 'i_mem_SIZE_POW210_BASE_ADDR0' in file 'i_mem_synth.sv' on line 36, column 13, hid = 0.
Warning : Undriven signal detected. [ELABUTL-125]
        : Undriven bits of signal 'IMEM[5]' in module 'i_mem_SIZE_POW210_BASE_ADDR0' in file 'i_mem_synth.sv' on line 36, column 13, hid = 0.
Warning : Undriven signal detected. [ELABUTL-125]
        : Undriven bits of signal 'IMEM[6]' in module 'i_mem_SIZE_POW210_BASE_ADDR0' in file 'i_mem_synth.sv' on line 36, column 13, hid = 0.
Warning : Undriven signal detected. [ELABUTL-125]
        : Undriven bits of signal 'IMEM[7]' in module 'i_mem_SIZE_POW210_BASE_ADDR0' in file 'i_mem_synth.sv' on line 36, column 13, hid = 0.
Warning : Undriven signal detected. [ELABUTL-125]
        : Undriven bits of signal 'IMEM[8]' in module 'i_mem_SIZE_POW210_BASE_ADDR0' in file 'i_mem_synth.sv' on line 36, column 13, hid = 0.
Warning : Undriven signal detected. [ELABUTL-125]
        : Undriven bits of signal 'IMEM[9]' in module 'i_mem_SIZE_POW210_BASE_ADDR0' in file 'i_mem_synth.sv' on line 36, column 13, hid = 0.
Warning : Undriven signal detected. [ELABUTL-125]
        : Undriven bits of signal 'IMEM[10]' in module 'i_mem_SIZE_POW210_BASE_ADDR0' in file 'i_mem_synth.sv' on line 36, column 13, hid = 0.
Warning : Undriven signal detected. [ELABUTL-125]
        : Undriven bits of signal 'IMEM[11]' in module 'i_mem_SIZE_POW210_BASE_ADDR0' in file 'i_mem_synth.sv' on line 36, column 13, hid = 0.
Warning : Undriven signal detected. [ELABUTL-125]
        : Undriven bits of signal 'IMEM[12]' in module 'i_mem_SIZE_POW210_BASE_ADDR0' in file 'i_mem_synth.sv' on line 36, column 13, hid = 0.
Warning : Undriven signal detected. [ELABUTL-125]
        : Undriven bits of signal 'IMEM[13]' in module 'i_mem_SIZE_POW210_BASE_ADDR0' in file 'i_mem_synth.sv' on line 36, column 13, hid = 0.
Warning : Undriven signal detected. [ELABUTL-125]
        : Undriven bits of signal 'IMEM[14]' in module 'i_mem_SIZE_POW210_BASE_ADDR0' in file 'i_mem_synth.sv' on line 36, column 13, hid = 0.
Warning : Undriven signal detected. [ELABUTL-125]
        : Undriven bits of signal 'IMEM[15]' in module 'i_mem_SIZE_POW210_BASE_ADDR0' in file 'i_mem_synth.sv' on line 36, column 13, hid = 0.
Warning : Undriven signal detected. [ELABUTL-125]
        : Undriven bits of signal 'IMEM[16]' in module 'i_mem_SIZE_POW210_BASE_ADDR0' in file 'i_mem_synth.sv' on line 36, column 13, hid = 0.
Warning : Undriven signal detected. [ELABUTL-125]
        : Undriven bits of signal 'IMEM[17]' in module 'i_mem_SIZE_POW210_BASE_ADDR0' in file 'i_mem_synth.sv' on line 36, column 13, hid = 0.
Warning : Undriven signal detected. [ELABUTL-125]
        : Undriven bits of signal 'IMEM[18]' in module 'i_mem_SIZE_POW210_BASE_ADDR0' in file 'i_mem_synth.sv' on line 36, column 13, hid = 0.
Warning : Undriven signal detected. [ELABUTL-125]
        : Undriven bits of signal 'IMEM[19]' in module 'i_mem_SIZE_POW210_BASE_ADDR0' in file 'i_mem_synth.sv' on line 36, column 13, hid = 0.
Warning : Maximum message print count reached. [MESG-11]
        : Maximum print count of '20' reached for message 'ELABUTL-125'.
Info    : Done Elaborating Design. [ELAB-3]
        : Done elaborating 'rv32im_top'.
Checking for analog nets...
Check completed for analog nets.
Checking for source RTL...
Check completed for source RTL.
Running Unified Mux Engine Tricks...
Rejected mux_IMEM[A]_36_13 : has multidriven pins.

Completed Unified Mux Engine Tricks

Stage: post_elab
--------------------------------------------------------
| Trick             | Accepts | Rejects | Runtime (ms) | 
--------------------------------------------------------
| ume_constant_bmux |       0 |       0 |        13.00 | 
--------------------------------------------------------
Starting clip mux common data inputs [v1.0] (stage: post_elab, startdef: rv32im_top, recur: true)
Completed clip mux common data inputs (accepts: 1, rejects: 0, runtime: 0.017s)
Starting clip the non-user hierarchies [v2.0] (stage: post_elab, startdef: rv32im_top, recur: true)
Completed clip the non-user hierarchies (accepts: 5, rejects: 0, runtime: 0.017s)

Stage: post_elab
---------------------------------------------------------
| Transform          | Accepts | Rejects | Runtime (ms) | 
---------------------------------------------------------
| hlo_clip_mux_input |       1 |       0 |        17.00 | 
| hlo_clip           |       5 |       0 |        17.00 | 
---------------------------------------------------------
UM:   flow.cputime  flow.realtime  timing.setup.tns  timing.setup.wns  snapshot
UM:*                                                                   elaborate
@file(synth_with_mem.tcl) 85: create_clock -name clk -period 10 [get_ports clk]
@file(synth_with_mem.tcl) 86: set_clock_uncertainty 0.1 [get_clocks clk]
@file(synth_with_mem.tcl) 89: set_input_delay 2.0 -clock clk [all_inputs -no_clocks]
@file(synth_with_mem.tcl) 90: set_output_delay 2.0 -clock clk [all_outputs]
@file(synth_with_mem.tcl) 93: syn_gen -effort low
Info    : Undriven module output port. [ELABUTL-128]
        : Assuming a logic '0' value for undriven bits of output port 'xreg_valid_o' in module 'vproc_unit_wrapper_UNIT0_XIF_ID_W1_XIF_ID_CNT2_VREG_W128_OP_CNT6_MAX_OP_W32_RES_CNT2_MAX_RES_W32_VLSU_QUEUE_SZ4_VLSU_FLAGS0_MUL_TYPE0_CTRL_Ttype_5_ctrl_t_671_27_COUNTER_Ttype_5_counter_t_108_26_COUNTER_W8_DONT_CARE_ZERO1_xif_mem_if_vproc_xif_X_ID_WIDTH1_X_MEM_WIDTH32_coproc_mem_xif_memres_if_vproc_xif_X_ID_WIDTH1_X_MEM_WIDTH32_coproc_mem_result'.
        : The 'hdl_unconnected_value' attribute controls treatment of undriven output port.
Info    : Undriven module output port. [ELABUTL-128]
        : Assuming a logic '0' value for undriven bits of output port 'xreg_id_o' in module 'vproc_unit_wrapper_UNIT0_XIF_ID_W1_XIF_ID_CNT2_VREG_W128_OP_CNT6_MAX_OP_W32_RES_CNT2_MAX_RES_W32_VLSU_QUEUE_SZ4_VLSU_FLAGS0_MUL_TYPE0_CTRL_Ttype_5_ctrl_t_671_27_COUNTER_Ttype_5_counter_t_108_26_COUNTER_W8_DONT_CARE_ZERO1_xif_mem_if_vproc_xif_X_ID_WIDTH1_X_MEM_WIDTH32_coproc_mem_xif_memres_if_vproc_xif_X_ID_WIDTH1_X_MEM_WIDTH32_coproc_mem_result'.
Info    : Undriven module output port. [ELABUTL-128]
        : Assuming a logic '0' value for undriven bits of output port 'xreg_addr_o' in module 'vproc_unit_wrapper_UNIT0_XIF_ID_W1_XIF_ID_CNT2_VREG_W128_OP_CNT6_MAX_OP_W32_RES_CNT2_MAX_RES_W32_VLSU_QUEUE_SZ4_VLSU_FLAGS0_MUL_TYPE0_CTRL_Ttype_5_ctrl_t_671_27_COUNTER_Ttype_5_counter_t_108_26_COUNTER_W8_DONT_CARE_ZERO1_xif_mem_if_vproc_xif_X_ID_WIDTH1_X_MEM_WIDTH32_coproc_mem_xif_memres_if_vproc_xif_X_ID_WIDTH1_X_MEM_WIDTH32_coproc_mem_result'.
Info    : Undriven module output port. [ELABUTL-128]
        : Assuming a logic '0' value for undriven bits of output port 'xreg_data_o' in module 'vproc_unit_wrapper_UNIT0_XIF_ID_W1_XIF_ID_CNT2_VREG_W128_OP_CNT6_MAX_OP_W32_RES_CNT2_MAX_RES_W32_VLSU_QUEUE_SZ4_VLSU_FLAGS0_MUL_TYPE0_CTRL_Ttype_5_ctrl_t_671_27_COUNTER_Ttype_5_counter_t_108_26_COUNTER_W8_DONT_CARE_ZERO1_xif_mem_if_vproc_xif_X_ID_WIDTH1_X_MEM_WIDTH32_coproc_mem_xif_memres_if_vproc_xif_X_ID_WIDTH1_X_MEM_WIDTH32_coproc_mem_result'.
Info    : Undriven module output port. [ELABUTL-128]
        : Assuming a logic '0' value for undriven bits of output port 'pending_load_o' in module 'vproc_unit_wrapper_UNIT1_XIF_ID_W1_XIF_ID_CNT2_VREG_W128_OP_CNT6_MAX_OP_W32_RES_CNT2_MAX_RES_W32_VLSU_QUEUE_SZ4_VLSU_FLAGS0_MUL_TYPE0_CTRL_Ttype_5_ctrl_t_671_27_COUNTER_Ttype_5_counter_t_108_26_COUNTER_W8_DONT_CARE_ZERO1_xif_mem_if_vproc_xif_X_ID_WIDTH1_X_MEM_WIDTH32_coproc_mem_xif_memres_if_vproc_xif_X_ID_WIDTH1_X_MEM_WIDTH32_coproc_mem_result'.
Info    : Undriven module output port. [ELABUTL-128]
        : Assuming a logic '0' value for undriven bits of output port 'pending_store_o' in module 'vproc_unit_wrapper_UNIT1_XIF_ID_W1_XIF_ID_CNT2_VREG_W128_OP_CNT6_MAX_OP_W32_RES_CNT2_MAX_RES_W32_VLSU_QUEUE_SZ4_VLSU_FLAGS0_MUL_TYPE0_CTRL_Ttype_5_ctrl_t_671_27_COUNTER_Ttype_5_counter_t_108_26_COUNTER_W8_DONT_CARE_ZERO1_xif_mem_if_vproc_xif_X_ID_WIDTH1_X_MEM_WIDTH32_coproc_mem_xif_memres_if_vproc_xif_X_ID_WIDTH1_X_MEM_WIDTH32_coproc_mem_result'.
Info    : Undriven module output port. [ELABUTL-128]
        : Assuming a logic '0' value for undriven bits of output port 'xif_mem_if_mem_valid' in module 'vproc_unit_wrapper_UNIT1_XIF_ID_W1_XIF_ID_CNT2_VREG_W128_OP_CNT6_MAX_OP_W32_RES_CNT2_MAX_RES_W32_VLSU_QUEUE_SZ4_VLSU_FLAGS0_MUL_TYPE0_CTRL_Ttype_5_ctrl_t_671_27_COUNTER_Ttype_5_counter_t_108_26_COUNTER_W8_DONT_CARE_ZERO1_xif_mem_if_vproc_xif_X_ID_WIDTH1_X_MEM_WIDTH32_coproc_mem_xif_memres_if_vproc_xif_X_ID_WIDTH1_X_MEM_WIDTH32_coproc_mem_result'.
Info    : Undriven module output port. [ELABUTL-128]
        : Assuming a logic '0' value for undriven bits of output port 'xif_mem_if_mem_req[spec]' in module 'vproc_unit_wrapper_UNIT1_XIF_ID_W1_XIF_ID_CNT2_VREG_W128_OP_CNT6_MAX_OP_W32_RES_CNT2_MAX_RES_W32_VLSU_QUEUE_SZ4_VLSU_FLAGS0_MUL_TYPE0_CTRL_Ttype_5_ctrl_t_671_27_COUNTER_Ttype_5_counter_t_108_26_COUNTER_W8_DONT_CARE_ZERO1_xif_mem_if_vproc_xif_X_ID_WIDTH1_X_MEM_WIDTH32_coproc_mem_xif_memres_if_vproc_xif_X_ID_WIDTH1_X_MEM_WIDTH32_coproc_mem_result'.
Info    : Undriven module output port. [ELABUTL-128]
        : Assuming a logic '0' value for undriven bits of output port 'xif_mem_if_mem_req[last]' in module 'vproc_unit_wrapper_UNIT1_XIF_ID_W1_XIF_ID_CNT2_VREG_W128_OP_CNT6_MAX_OP_W32_RES_CNT2_MAX_RES_W32_VLSU_QUEUE_SZ4_VLSU_FLAGS0_MUL_TYPE0_CTRL_Ttype_5_ctrl_t_671_27_COUNTER_Ttype_5_counter_t_108_26_COUNTER_W8_DONT_CARE_ZERO1_xif_mem_if_vproc_xif_X_ID_WIDTH1_X_MEM_WIDTH32_coproc_mem_xif_memres_if_vproc_xif_X_ID_WIDTH1_X_MEM_WIDTH32_coproc_mem_result'.
Info    : Undriven module output port. [ELABUTL-128]
        : Assuming a logic '0' value for undriven bits of output port 'xif_mem_if_mem_req[wdata]' in module 'vproc_unit_wrapper_UNIT1_XIF_ID_W1_XIF_ID_CNT2_VREG_W128_OP_CNT6_MAX_OP_W32_RES_CNT2_MAX_RES_W32_VLSU_QUEUE_SZ4_VLSU_FLAGS0_MUL_TYPE0_CTRL_Ttype_5_ctrl_t_671_27_COUNTER_Ttype_5_counter_t_108_26_COUNTER_W8_DONT_CARE_ZERO1_xif_mem_if_vproc_xif_X_ID_WIDTH1_X_MEM_WIDTH32_coproc_mem_xif_memres_if_vproc_xif_X_ID_WIDTH1_X_MEM_WIDTH32_coproc_mem_result'.
Info    : Undriven module output port. [ELABUTL-128]
        : Assuming a logic '0' value for undriven bits of output port 'xif_mem_if_mem_req[attr]' in module 'vproc_unit_wrapper_UNIT1_XIF_ID_W1_XIF_ID_CNT2_VREG_W128_OP_CNT6_MAX_OP_W32_RES_CNT2_MAX_RES_W32_VLSU_QUEUE_SZ4_VLSU_FLAGS0_MUL_TYPE0_CTRL_Ttype_5_ctrl_t_671_27_COUNTER_Ttype_5_counter_t_108_26_COUNTER_W8_DONT_CARE_ZERO1_xif_mem_if_vproc_xif_X_ID_WIDTH1_X_MEM_WIDTH32_coproc_mem_xif_memres_if_vproc_xif_X_ID_WIDTH1_X_MEM_WIDTH32_coproc_mem_result'.
Info    : Undriven module output port. [ELABUTL-128]
        : Assuming a logic '0' value for undriven bits of output port 'xif_mem_if_mem_req[be]' in module 'vproc_unit_wrapper_UNIT1_XIF_ID_W1_XIF_ID_CNT2_VREG_W128_OP_CNT6_MAX_OP_W32_RES_CNT2_MAX_RES_W32_VLSU_QUEUE_SZ4_VLSU_FLAGS0_MUL_TYPE0_CTRL_Ttype_5_ctrl_t_671_27_COUNTER_Ttype_5_counter_t_108_26_COUNTER_W8_DONT_CARE_ZERO1_xif_mem_if_vproc_xif_X_ID_WIDTH1_X_MEM_WIDTH32_coproc_mem_xif_memres_if_vproc_xif_X_ID_WIDTH1_X_MEM_WIDTH32_coproc_mem_result'.
Info    : Undriven module output port. [ELABUTL-128]
        : Assuming a logic '0' value for undriven bits of output port 'xif_mem_if_mem_req[size]' in module 'vproc_unit_wrapper_UNIT1_XIF_ID_W1_XIF_ID_CNT2_VREG_W128_OP_CNT6_MAX_OP_W32_RES_CNT2_MAX_RES_W32_VLSU_QUEUE_SZ4_VLSU_FLAGS0_MUL_TYPE0_CTRL_Ttype_5_ctrl_t_671_27_COUNTER_Ttype_5_counter_t_108_26_COUNTER_W8_DONT_CARE_ZERO1_xif_mem_if_vproc_xif_X_ID_WIDTH1_X_MEM_WIDTH32_coproc_mem_xif_memres_if_vproc_xif_X_ID_WIDTH1_X_MEM_WIDTH32_coproc_mem_result'.
Info    : Undriven module output port. [ELABUTL-128]
        : Assuming a logic '0' value for undriven bits of output port 'xif_mem_if_mem_req[we]' in module 'vproc_unit_wrapper_UNIT1_XIF_ID_W1_XIF_ID_CNT2_VREG_W128_OP_CNT6_MAX_OP_W32_RES_CNT2_MAX_RES_W32_VLSU_QUEUE_SZ4_VLSU_FLAGS0_MUL_TYPE0_CTRL_Ttype_5_ctrl_t_671_27_COUNTER_Ttype_5_counter_t_108_26_COUNTER_W8_DONT_CARE_ZERO1_xif_mem_if_vproc_xif_X_ID_WIDTH1_X_MEM_WIDTH32_coproc_mem_xif_memres_if_vproc_xif_X_ID_WIDTH1_X_MEM_WIDTH32_coproc_mem_result'.
Info    : Undriven module output port. [ELABUTL-128]
        : Assuming a logic '0' value for undriven bits of output port 'xif_mem_if_mem_req[mode]' in module 'vproc_unit_wrapper_UNIT1_XIF_ID_W1_XIF_ID_CNT2_VREG_W128_OP_CNT6_MAX_OP_W32_RES_CNT2_MAX_RES_W32_VLSU_QUEUE_SZ4_VLSU_FLAGS0_MUL_TYPE0_CTRL_Ttype_5_ctrl_t_671_27_COUNTER_Ttype_5_counter_t_108_26_COUNTER_W8_DONT_CARE_ZERO1_xif_mem_if_vproc_xif_X_ID_WIDTH1_X_MEM_WIDTH32_coproc_mem_xif_memres_if_vproc_xif_X_ID_WIDTH1_X_MEM_WIDTH32_coproc_mem_result'.
Info    : Undriven module output port. [ELABUTL-128]
        : Assuming a logic '0' value for undriven bits of output port 'xif_mem_if_mem_req[addr]' in module 'vproc_unit_wrapper_UNIT1_XIF_ID_W1_XIF_ID_CNT2_VREG_W128_OP_CNT6_MAX_OP_W32_RES_CNT2_MAX_RES_W32_VLSU_QUEUE_SZ4_VLSU_FLAGS0_MUL_TYPE0_CTRL_Ttype_5_ctrl_t_671_27_COUNTER_Ttype_5_counter_t_108_26_COUNTER_W8_DONT_CARE_ZERO1_xif_mem_if_vproc_xif_X_ID_WIDTH1_X_MEM_WIDTH32_coproc_mem_xif_memres_if_vproc_xif_X_ID_WIDTH1_X_MEM_WIDTH32_coproc_mem_result'.
Info    : Undriven module output port. [ELABUTL-128]
        : Assuming a logic '0' value for undriven bits of output port 'xif_mem_if_mem_req[id]' in module 'vproc_unit_wrapper_UNIT1_XIF_ID_W1_XIF_ID_CNT2_VREG_W128_OP_CNT6_MAX_OP_W32_RES_CNT2_MAX_RES_W32_VLSU_QUEUE_SZ4_VLSU_FLAGS0_MUL_TYPE0_CTRL_Ttype_5_ctrl_t_671_27_COUNTER_Ttype_5_counter_t_108_26_COUNTER_W8_DONT_CARE_ZERO1_xif_mem_if_vproc_xif_X_ID_WIDTH1_X_MEM_WIDTH32_coproc_mem_xif_memres_if_vproc_xif_X_ID_WIDTH1_X_MEM_WIDTH32_coproc_mem_result'.
Info    : Undriven module output port. [ELABUTL-128]
        : Assuming a logic '0' value for undriven bits of output port 'trans_complete_valid_o' in module 'vproc_unit_wrapper_UNIT1_XIF_ID_W1_XIF_ID_CNT2_VREG_W128_OP_CNT6_MAX_OP_W32_RES_CNT2_MAX_RES_W32_VLSU_QUEUE_SZ4_VLSU_FLAGS0_MUL_TYPE0_CTRL_Ttype_5_ctrl_t_671_27_COUNTER_Ttype_5_counter_t_108_26_COUNTER_W8_DONT_CARE_ZERO1_xif_mem_if_vproc_xif_X_ID_WIDTH1_X_MEM_WIDTH32_coproc_mem_xif_memres_if_vproc_xif_X_ID_WIDTH1_X_MEM_WIDTH32_coproc_mem_result'.
Info    : Undriven module output port. [ELABUTL-128]
        : Assuming a logic '0' value for undriven bits of output port 'trans_complete_id_o' in module 'vproc_unit_wrapper_UNIT1_XIF_ID_W1_XIF_ID_CNT2_VREG_W128_OP_CNT6_MAX_OP_W32_RES_CNT2_MAX_RES_W32_VLSU_QUEUE_SZ4_VLSU_FLAGS0_MUL_TYPE0_CTRL_Ttype_5_ctrl_t_671_27_COUNTER_Ttype_5_counter_t_108_26_COUNTER_W8_DONT_CARE_ZERO1_xif_mem_if_vproc_xif_X_ID_WIDTH1_X_MEM_WIDTH32_coproc_mem_xif_memres_if_vproc_xif_X_ID_WIDTH1_X_MEM_WIDTH32_coproc_mem_result'.
Info    : Undriven module output port. [ELABUTL-128]
        : Assuming a logic '0' value for undriven bits of output port 'trans_complete_exc_o' in module 'vproc_unit_wrapper_UNIT1_XIF_ID_W1_XIF_ID_CNT2_VREG_W128_OP_CNT6_MAX_OP_W32_RES_CNT2_MAX_RES_W32_VLSU_QUEUE_SZ4_VLSU_FLAGS0_MUL_TYPE0_CTRL_Ttype_5_ctrl_t_671_27_COUNTER_Ttype_5_counter_t_108_26_COUNTER_W8_DONT_CARE_ZERO1_xif_mem_if_vproc_xif_X_ID_WIDTH1_X_MEM_WIDTH32_coproc_mem_xif_memres_if_vproc_xif_X_ID_WIDTH1_X_MEM_WIDTH32_coproc_mem_result'.
Warning : Maximum message print count reached. [MESG-11]
        : Maximum print count of '20' reached for message 'ELABUTL-128'.
Info    : Undriven module input port. [ELABUTL-131]
        : Assuming a logic '0' value for undriven bits of port 'xreg_ready_i' of instance 'genblk1[0].genblk1.unit' of module 'vproc_unit_wrapper_UNIT0_XIF_ID_W1_XIF_ID_CNT2_VREG_W128_OP_CNT6_MAX_OP_W32_RES_CNT2_MAX_RES_W32_VLSU_QUEUE_SZ4_VLSU_FLAGS0_MUL_TYPE0_CTRL_Ttype_5_ctrl_t_671_27_COUNTER_Ttype_5_counter_t_108_26_COUNTER_W8_DONT_CARE_ZERO1_xif_mem_if_vproc_xif_X_ID_WIDTH1_X_MEM_WIDTH32_coproc_mem_xif_memres_if_vproc_xif_X_ID_WIDTH1_X_MEM_WIDTH32_coproc_mem_result'.
        : The 'hdl_unconnected_value' attribute controls treatment of undriven input port.
Info    : Undriven module input port. [ELABUTL-131]
        : Assuming a logic '0' value for undriven bits of port 'xif_mem_if_mem_ready' of instance 'genblk1[1].genblk1.unit' of module 'vproc_unit_wrapper_UNIT1_XIF_ID_W1_XIF_ID_CNT2_VREG_W128_OP_CNT6_MAX_OP_W32_RES_CNT2_MAX_RES_W32_VLSU_QUEUE_SZ4_VLSU_FLAGS0_MUL_TYPE0_CTRL_Ttype_5_ctrl_t_671_27_COUNTER_Ttype_5_counter_t_108_26_COUNTER_W8_DONT_CARE_ZERO1_xif_mem_if_vproc_xif_X_ID_WIDTH1_X_MEM_WIDTH32_coproc_mem_xif_memres_if_vproc_xif_X_ID_WIDTH1_X_MEM_WIDTH32_coproc_mem_result'.
Info    : Undriven module input port. [ELABUTL-131]
        : Assuming a logic '0' value for undriven bits of port 'xif_mem_if_mem_resp[dbg]' of instance 'genblk1[1].genblk1.unit' of module 'vproc_unit_wrapper_UNIT1_XIF_ID_W1_XIF_ID_CNT2_VREG_W128_OP_CNT6_MAX_OP_W32_RES_CNT2_MAX_RES_W32_VLSU_QUEUE_SZ4_VLSU_FLAGS0_MUL_TYPE0_CTRL_Ttype_5_ctrl_t_671_27_COUNTER_Ttype_5_counter_t_108_26_COUNTER_W8_DONT_CARE_ZERO1_xif_mem_if_vproc_xif_X_ID_WIDTH1_X_MEM_WIDTH32_coproc_mem_xif_memres_if_vproc_xif_X_ID_WIDTH1_X_MEM_WIDTH32_coproc_mem_result'.
Info    : Undriven module input port. [ELABUTL-131]
        : Assuming a logic '0' value for undriven bits of port 'xif_mem_if_mem_resp[exccode]' of instance 'genblk1[1].genblk1.unit' of module 'vproc_unit_wrapper_UNIT1_XIF_ID_W1_XIF_ID_CNT2_VREG_W128_OP_CNT6_MAX_OP_W32_RES_CNT2_MAX_RES_W32_VLSU_QUEUE_SZ4_VLSU_FLAGS0_MUL_TYPE0_CTRL_Ttype_5_ctrl_t_671_27_COUNTER_Ttype_5_counter_t_108_26_COUNTER_W8_DONT_CARE_ZERO1_xif_mem_if_vproc_xif_X_ID_WIDTH1_X_MEM_WIDTH32_coproc_mem_xif_memres_if_vproc_xif_X_ID_WIDTH1_X_MEM_WIDTH32_coproc_mem_result'.
Info    : Undriven module input port. [ELABUTL-131]
        : Assuming a logic '0' value for undriven bits of port 'xif_mem_if_mem_resp[exc]' of instance 'genblk1[1].genblk1.unit' of module 'vproc_unit_wrapper_UNIT1_XIF_ID_W1_XIF_ID_CNT2_VREG_W128_OP_CNT6_MAX_OP_W32_RES_CNT2_MAX_RES_W32_VLSU_QUEUE_SZ4_VLSU_FLAGS0_MUL_TYPE0_CTRL_Ttype_5_ctrl_t_671_27_COUNTER_Ttype_5_counter_t_108_26_COUNTER_W8_DONT_CARE_ZERO1_xif_mem_if_vproc_xif_X_ID_WIDTH1_X_MEM_WIDTH32_coproc_mem_xif_memres_if_vproc_xif_X_ID_WIDTH1_X_MEM_WIDTH32_coproc_mem_result'.
Info    : Undriven module input port. [ELABUTL-131]
        : Assuming a logic '0' value for undriven bits of port 'xif_memres_if_mem_result_valid' of instance 'genblk1[1].genblk1.unit' of module 'vproc_unit_wrapper_UNIT1_XIF_ID_W1_XIF_ID_CNT2_VREG_W128_OP_CNT6_MAX_OP_W32_RES_CNT2_MAX_RES_W32_VLSU_QUEUE_SZ4_VLSU_FLAGS0_MUL_TYPE0_CTRL_Ttype_5_ctrl_t_671_27_COUNTER_Ttype_5_counter_t_108_26_COUNTER_W8_DONT_CARE_ZERO1_xif_mem_if_vproc_xif_X_ID_WIDTH1_X_MEM_WIDTH32_coproc_mem_xif_memres_if_vproc_xif_X_ID_WIDTH1_X_MEM_WIDTH32_coproc_mem_result'.
Info    : Undriven module input port. [ELABUTL-131]
        : Assuming a logic '0' value for undriven bits of port 'xif_memres_if_mem_result[dbg]' of instance 'genblk1[1].genblk1.unit' of module 'vproc_unit_wrapper_UNIT1_XIF_ID_W1_XIF_ID_CNT2_VREG_W128_OP_CNT6_MAX_OP_W32_RES_CNT2_MAX_RES_W32_VLSU_QUEUE_SZ4_VLSU_FLAGS0_MUL_TYPE0_CTRL_Ttype_5_ctrl_t_671_27_COUNTER_Ttype_5_counter_t_108_26_COUNTER_W8_DONT_CARE_ZERO1_xif_mem_if_vproc_xif_X_ID_WIDTH1_X_MEM_WIDTH32_coproc_mem_xif_memres_if_vproc_xif_X_ID_WIDTH1_X_MEM_WIDTH32_coproc_mem_result'.
Info    : Undriven module input port. [ELABUTL-131]
        : Assuming a logic '0' value for undriven bits of port 'xif_memres_if_mem_result[err]' of instance 'genblk1[1].genblk1.unit' of module 'vproc_unit_wrapper_UNIT1_XIF_ID_W1_XIF_ID_CNT2_VREG_W128_OP_CNT6_MAX_OP_W32_RES_CNT2_MAX_RES_W32_VLSU_QUEUE_SZ4_VLSU_FLAGS0_MUL_TYPE0_CTRL_Ttype_5_ctrl_t_671_27_COUNTER_Ttype_5_counter_t_108_26_COUNTER_W8_DONT_CARE_ZERO1_xif_mem_if_vproc_xif_X_ID_WIDTH1_X_MEM_WIDTH32_coproc_mem_xif_memres_if_vproc_xif_X_ID_WIDTH1_X_MEM_WIDTH32_coproc_mem_result'.
Info    : Undriven module input port. [ELABUTL-131]
        : Assuming a logic '0' value for undriven bits of port 'xif_memres_if_mem_result[rdata]' of instance 'genblk1[1].genblk1.unit' of module 'vproc_unit_wrapper_UNIT1_XIF_ID_W1_XIF_ID_CNT2_VREG_W128_OP_CNT6_MAX_OP_W32_RES_CNT2_MAX_RES_W32_VLSU_QUEUE_SZ4_VLSU_FLAGS0_MUL_TYPE0_CTRL_Ttype_5_ctrl_t_671_27_COUNTER_Ttype_5_counter_t_108_26_COUNTER_W8_DONT_CARE_ZERO1_xif_mem_if_vproc_xif_X_ID_WIDTH1_X_MEM_WIDTH32_coproc_mem_xif_memres_if_vproc_xif_X_ID_WIDTH1_X_MEM_WIDTH32_coproc_mem_result'.
Info    : Undriven module input port. [ELABUTL-131]
        : Assuming a logic '0' value for undriven bits of port 'xif_memres_if_mem_result[id]' of instance 'genblk1[1].genblk1.unit' of module 'vproc_unit_wrapper_UNIT1_XIF_ID_W1_XIF_ID_CNT2_VREG_W128_OP_CNT6_MAX_OP_W32_RES_CNT2_MAX_RES_W32_VLSU_QUEUE_SZ4_VLSU_FLAGS0_MUL_TYPE0_CTRL_Ttype_5_ctrl_t_671_27_COUNTER_Ttype_5_counter_t_108_26_COUNTER_W8_DONT_CARE_ZERO1_xif_mem_if_vproc_xif_X_ID_WIDTH1_X_MEM_WIDTH32_coproc_mem_xif_memres_if_vproc_xif_X_ID_WIDTH1_X_MEM_WIDTH32_coproc_mem_result'.
Info    : Undriven module input port. [ELABUTL-131]
        : Assuming a logic '0' value for undriven bits of port 'trans_complete_ready_i' of instance 'genblk1[1].genblk1.unit' of module 'vproc_unit_wrapper_UNIT1_XIF_ID_W1_XIF_ID_CNT2_VREG_W128_OP_CNT6_MAX_OP_W32_RES_CNT2_MAX_RES_W32_VLSU_QUEUE_SZ4_VLSU_FLAGS0_MUL_TYPE0_CTRL_Ttype_5_ctrl_t_671_27_COUNTER_Ttype_5_counter_t_108_26_COUNTER_W8_DONT_CARE_ZERO1_xif_mem_if_vproc_xif_X_ID_WIDTH1_X_MEM_WIDTH32_coproc_mem_xif_memres_if_vproc_xif_X_ID_WIDTH1_X_MEM_WIDTH32_coproc_mem_result'.
Info    : Undriven module input port. [ELABUTL-131]
        : Assuming a logic '0' value for undriven bits of port 'xreg_ready_i' of instance 'genblk1[1].genblk1.unit' of module 'vproc_unit_wrapper_UNIT1_XIF_ID_W1_XIF_ID_CNT2_VREG_W128_OP_CNT6_MAX_OP_W32_RES_CNT2_MAX_RES_W32_VLSU_QUEUE_SZ4_VLSU_FLAGS0_MUL_TYPE0_CTRL_Ttype_5_ctrl_t_671_27_COUNTER_Ttype_5_counter_t_108_26_COUNTER_W8_DONT_CARE_ZERO1_xif_mem_if_vproc_xif_X_ID_WIDTH1_X_MEM_WIDTH32_coproc_mem_xif_memres_if_vproc_xif_X_ID_WIDTH1_X_MEM_WIDTH32_coproc_mem_result'.
Info    : Undriven module input port. [ELABUTL-131]
        : Assuming a logic '0' value for undriven bits of port 'xif_mem_if_mem_ready' of instance 'genblk1[2].genblk1.unit' of module 'vproc_unit_wrapper_UNIT2_XIF_ID_W1_XIF_ID_CNT2_VREG_W128_OP_CNT6_MAX_OP_W32_RES_CNT2_MAX_RES_W32_VLSU_QUEUE_SZ4_VLSU_FLAGS0_MUL_TYPE0_CTRL_Ttype_5_ctrl_t_671_27_COUNTER_Ttype_5_counter_t_108_26_COUNTER_W8_DONT_CARE_ZERO1_xif_mem_if_vproc_xif_X_ID_WIDTH1_X_MEM_WIDTH32_coproc_mem_xif_memres_if_vproc_xif_X_ID_WIDTH1_X_MEM_WIDTH32_coproc_mem_result'.
Info    : Undriven module input port. [ELABUTL-131]
        : Assuming a logic '0' value for undriven bits of port 'xif_mem_if_mem_resp[dbg]' of instance 'genblk1[2].genblk1.unit' of module 'vproc_unit_wrapper_UNIT2_XIF_ID_W1_XIF_ID_CNT2_VREG_W128_OP_CNT6_MAX_OP_W32_RES_CNT2_MAX_RES_W32_VLSU_QUEUE_SZ4_VLSU_FLAGS0_MUL_TYPE0_CTRL_Ttype_5_ctrl_t_671_27_COUNTER_Ttype_5_counter_t_108_26_COUNTER_W8_DONT_CARE_ZERO1_xif_mem_if_vproc_xif_X_ID_WIDTH1_X_MEM_WIDTH32_coproc_mem_xif_memres_if_vproc_xif_X_ID_WIDTH1_X_MEM_WIDTH32_coproc_mem_result'.
Info    : Undriven module input port. [ELABUTL-131]
        : Assuming a logic '0' value for undriven bits of port 'xif_mem_if_mem_resp[exccode]' of instance 'genblk1[2].genblk1.unit' of module 'vproc_unit_wrapper_UNIT2_XIF_ID_W1_XIF_ID_CNT2_VREG_W128_OP_CNT6_MAX_OP_W32_RES_CNT2_MAX_RES_W32_VLSU_QUEUE_SZ4_VLSU_FLAGS0_MUL_TYPE0_CTRL_Ttype_5_ctrl_t_671_27_COUNTER_Ttype_5_counter_t_108_26_COUNTER_W8_DONT_CARE_ZERO1_xif_mem_if_vproc_xif_X_ID_WIDTH1_X_MEM_WIDTH32_coproc_mem_xif_memres_if_vproc_xif_X_ID_WIDTH1_X_MEM_WIDTH32_coproc_mem_result'.
Info    : Undriven module input port. [ELABUTL-131]
        : Assuming a logic '0' value for undriven bits of port 'xif_mem_if_mem_resp[exc]' of instance 'genblk1[2].genblk1.unit' of module 'vproc_unit_wrapper_UNIT2_XIF_ID_W1_XIF_ID_CNT2_VREG_W128_OP_CNT6_MAX_OP_W32_RES_CNT2_MAX_RES_W32_VLSU_QUEUE_SZ4_VLSU_FLAGS0_MUL_TYPE0_CTRL_Ttype_5_ctrl_t_671_27_COUNTER_Ttype_5_counter_t_108_26_COUNTER_W8_DONT_CARE_ZERO1_xif_mem_if_vproc_xif_X_ID_WIDTH1_X_MEM_WIDTH32_coproc_mem_xif_memres_if_vproc_xif_X_ID_WIDTH1_X_MEM_WIDTH32_coproc_mem_result'.
Info    : Undriven module input port. [ELABUTL-131]
        : Assuming a logic '0' value for undriven bits of port 'xif_memres_if_mem_result_valid' of instance 'genblk1[2].genblk1.unit' of module 'vproc_unit_wrapper_UNIT2_XIF_ID_W1_XIF_ID_CNT2_VREG_W128_OP_CNT6_MAX_OP_W32_RES_CNT2_MAX_RES_W32_VLSU_QUEUE_SZ4_VLSU_FLAGS0_MUL_TYPE0_CTRL_Ttype_5_ctrl_t_671_27_COUNTER_Ttype_5_counter_t_108_26_COUNTER_W8_DONT_CARE_ZERO1_xif_mem_if_vproc_xif_X_ID_WIDTH1_X_MEM_WIDTH32_coproc_mem_xif_memres_if_vproc_xif_X_ID_WIDTH1_X_MEM_WIDTH32_coproc_mem_result'.
Info    : Undriven module input port. [ELABUTL-131]
        : Assuming a logic '0' value for undriven bits of port 'xif_memres_if_mem_result[dbg]' of instance 'genblk1[2].genblk1.unit' of module 'vproc_unit_wrapper_UNIT2_XIF_ID_W1_XIF_ID_CNT2_VREG_W128_OP_CNT6_MAX_OP_W32_RES_CNT2_MAX_RES_W32_VLSU_QUEUE_SZ4_VLSU_FLAGS0_MUL_TYPE0_CTRL_Ttype_5_ctrl_t_671_27_COUNTER_Ttype_5_counter_t_108_26_COUNTER_W8_DONT_CARE_ZERO1_xif_mem_if_vproc_xif_X_ID_WIDTH1_X_MEM_WIDTH32_coproc_mem_xif_memres_if_vproc_xif_X_ID_WIDTH1_X_MEM_WIDTH32_coproc_mem_result'.
Info    : Undriven module input port. [ELABUTL-131]
        : Assuming a logic '0' value for undriven bits of port 'xif_memres_if_mem_result[err]' of instance 'genblk1[2].genblk1.unit' of module 'vproc_unit_wrapper_UNIT2_XIF_ID_W1_XIF_ID_CNT2_VREG_W128_OP_CNT6_MAX_OP_W32_RES_CNT2_MAX_RES_W32_VLSU_QUEUE_SZ4_VLSU_FLAGS0_MUL_TYPE0_CTRL_Ttype_5_ctrl_t_671_27_COUNTER_Ttype_5_counter_t_108_26_COUNTER_W8_DONT_CARE_ZERO1_xif_mem_if_vproc_xif_X_ID_WIDTH1_X_MEM_WIDTH32_coproc_mem_xif_memres_if_vproc_xif_X_ID_WIDTH1_X_MEM_WIDTH32_coproc_mem_result'.
Info    : Undriven module input port. [ELABUTL-131]
        : Assuming a logic '0' value for undriven bits of port 'xif_memres_if_mem_result[rdata]' of instance 'genblk1[2].genblk1.unit' of module 'vproc_unit_wrapper_UNIT2_XIF_ID_W1_XIF_ID_CNT2_VREG_W128_OP_CNT6_MAX_OP_W32_RES_CNT2_MAX_RES_W32_VLSU_QUEUE_SZ4_VLSU_FLAGS0_MUL_TYPE0_CTRL_Ttype_5_ctrl_t_671_27_COUNTER_Ttype_5_counter_t_108_26_COUNTER_W8_DONT_CARE_ZERO1_xif_mem_if_vproc_xif_X_ID_WIDTH1_X_MEM_WIDTH32_coproc_mem_xif_memres_if_vproc_xif_X_ID_WIDTH1_X_MEM_WIDTH32_coproc_mem_result'.
Warning : Maximum message print count reached. [MESG-11]
        : Maximum print count of '20' reached for message 'ELABUTL-131'.
Info    : Undriven signal detected. [ELABUTL-130]
        : Assuming a logic '0' value for undriven bits of signal 'IMEM[0]' in module 'i_mem_SIZE_POW210_BASE_ADDR0'.
        : The 'hdl_unconnected_value' attribute controls treatment of undriven signal.
Info    : Undriven signal detected. [ELABUTL-130]
        : Assuming a logic '0' value for undriven bits of signal 'IMEM[1]' in module 'i_mem_SIZE_POW210_BASE_ADDR0'.
Info    : Undriven signal detected. [ELABUTL-130]
        : Assuming a logic '0' value for undriven bits of signal 'IMEM[2]' in module 'i_mem_SIZE_POW210_BASE_ADDR0'.
Info    : Undriven signal detected. [ELABUTL-130]
        : Assuming a logic '0' value for undriven bits of signal 'IMEM[3]' in module 'i_mem_SIZE_POW210_BASE_ADDR0'.
Info    : Undriven signal detected. [ELABUTL-130]
        : Assuming a logic '0' value for undriven bits of signal 'IMEM[4]' in module 'i_mem_SIZE_POW210_BASE_ADDR0'.
Info    : Undriven signal detected. [ELABUTL-130]
        : Assuming a logic '0' value for undriven bits of signal 'IMEM[5]' in module 'i_mem_SIZE_POW210_BASE_ADDR0'.
Info    : Undriven signal detected. [ELABUTL-130]
        : Assuming a logic '0' value for undriven bits of signal 'IMEM[6]' in module 'i_mem_SIZE_POW210_BASE_ADDR0'.
Info    : Undriven signal detected. [ELABUTL-130]
        : Assuming a logic '0' value for undriven bits of signal 'IMEM[7]' in module 'i_mem_SIZE_POW210_BASE_ADDR0'.
Info    : Undriven signal detected. [ELABUTL-130]
        : Assuming a logic '0' value for undriven bits of signal 'IMEM[8]' in module 'i_mem_SIZE_POW210_BASE_ADDR0'.
Info    : Undriven signal detected. [ELABUTL-130]
        : Assuming a logic '0' value for undriven bits of signal 'IMEM[9]' in module 'i_mem_SIZE_POW210_BASE_ADDR0'.
Info    : Undriven signal detected. [ELABUTL-130]
        : Assuming a logic '0' value for undriven bits of signal 'IMEM[10]' in module 'i_mem_SIZE_POW210_BASE_ADDR0'.
Info    : Undriven signal detected. [ELABUTL-130]
        : Assuming a logic '0' value for undriven bits of signal 'IMEM[11]' in module 'i_mem_SIZE_POW210_BASE_ADDR0'.
Info    : Undriven signal detected. [ELABUTL-130]
        : Assuming a logic '0' value for undriven bits of signal 'IMEM[12]' in module 'i_mem_SIZE_POW210_BASE_ADDR0'.
Info    : Undriven signal detected. [ELABUTL-130]
        : Assuming a logic '0' value for undriven bits of signal 'IMEM[13]' in module 'i_mem_SIZE_POW210_BASE_ADDR0'.
Info    : Undriven signal detected. [ELABUTL-130]
        : Assuming a logic '0' value for undriven bits of signal 'IMEM[14]' in module 'i_mem_SIZE_POW210_BASE_ADDR0'.
Info    : Undriven signal detected. [ELABUTL-130]
        : Assuming a logic '0' value for undriven bits of signal 'IMEM[15]' in module 'i_mem_SIZE_POW210_BASE_ADDR0'.
Info    : Undriven signal detected. [ELABUTL-130]
        : Assuming a logic '0' value for undriven bits of signal 'IMEM[16]' in module 'i_mem_SIZE_POW210_BASE_ADDR0'.
Info    : Undriven signal detected. [ELABUTL-130]
        : Assuming a logic '0' value for undriven bits of signal 'IMEM[17]' in module 'i_mem_SIZE_POW210_BASE_ADDR0'.
Info    : Undriven signal detected. [ELABUTL-130]
        : Assuming a logic '0' value for undriven bits of signal 'IMEM[18]' in module 'i_mem_SIZE_POW210_BASE_ADDR0'.
Info    : Undriven signal detected. [ELABUTL-130]
        : Assuming a logic '0' value for undriven bits of signal 'IMEM[19]' in module 'i_mem_SIZE_POW210_BASE_ADDR0'.
Warning : Maximum message print count reached. [MESG-11]
        : Maximum print count of '20' reached for message 'ELABUTL-130'.

Stage: pre_early_cg
------------------------------------------------
| Transform | Accepts | Rejects | Runtime (ms) | 
------------------------------------------------
------------------------------------------------
##Generic Timing Info for library domain: _default_ typical gate delay: 49.3 ps std_slew: 8.9 ps std_load: 1.2 fF
Starting mux data reorder optimization [v1.0] (stage: pre_to_gen_setup, startdef: rv32im_top, recur: true)
Completed mux data reorder optimization (accepts: 0, rejects: 0, runtime: 0.100s)

Stage: pre_to_gen_setup
------------------------------------------------------
| Transform       | Accepts | Rejects | Runtime (ms) | 
------------------------------------------------------
| hlo_mux_reorder |       0 |       0 |       100.00 | 
------------------------------------------------------
Info    : Deleting instances not driving any primary outputs. [GLO-34]
        : Deleting 862 sequential instances.
        : Optimizations such as constant propagation or redundancy removal could change the connections so a hierarchical instance does not drive any primary outputs anymore. To see the list of deleted hierarchical instances, set the 'information_level' attribute to 2 or above. If the message is truncated set the message attribute 'truncate' to false to see the complete list. To prevent this optimization, set the 'delete_unloaded_insts' root/subdesign attribute to 'false' or 'preserve' instance attribute to 'true'.
Info    : Deleting instances not driving any primary outputs. [GLO-34]
        : Deleting 827 hierarchical instances.
Info    : Replacing a flip-flop with a logic constant 0. [GLO-12]
        : The instance is 'u_cpu/u_vicuna_wrapper/commit_id_q_reg[0]'.
        : To prevent this optimization, set the 'optimize_constant_0_flops' root attribute to 'false' or 'optimize_constant_0_seq' instance attribute to 'false'. You can also see the complete list of deleted sequential with command "report sequential -deleted" (on Reason "constant0").
Info    : Replacing a flip-flop with a logic constant 0. [GLO-12]
        : The instance is 'u_cpu/u_vicuna_wrapper/u_vicuna/dec_data_q_reg[id][0]'.
Info    : Replacing a flip-flop with a logic constant 0. [GLO-12]
        : The instance is 'u_cpu/u_vicuna_wrapper/u_vicuna/pipe_vreg_pend_rd_to_q_reg[0][0]'.
Info    : Replacing a flip-flop with a logic constant 0. [GLO-12]
        : The instance is 'u_cpu/u_vicuna_wrapper/u_vicuna/pipe_vreg_pend_rd_to_q_reg[0][1]'.
Info    : Replacing a flip-flop with a logic constant 0. [GLO-12]
        : The instance is 'u_cpu/u_vicuna_wrapper/u_vicuna/pipe_vreg_pend_rd_to_q_reg[0][2]'.
Info    : Replacing a flip-flop with a logic constant 0. [GLO-12]
        : The instance is 'u_cpu/u_vicuna_wrapper/u_vicuna/pipe_vreg_pend_rd_to_q_reg[0][3]'.
Info    : Replacing a flip-flop with a logic constant 0. [GLO-12]
        : The instance is 'u_cpu/u_vicuna_wrapper/u_vicuna/pipe_vreg_pend_rd_to_q_reg[0][4]'.
Info    : Replacing a flip-flop with a logic constant 0. [GLO-12]
        : The instance is 'u_cpu/u_vicuna_wrapper/u_vicuna/pipe_vreg_pend_rd_to_q_reg[0][5]'.
Info    : Replacing a flip-flop with a logic constant 0. [GLO-12]
        : The instance is 'u_cpu/u_vicuna_wrapper/u_vicuna/pipe_vreg_pend_rd_to_q_reg[0][6]'.
Info    : Replacing a flip-flop with a logic constant 0. [GLO-12]
        : The instance is 'u_cpu/u_vicuna_wrapper/u_vicuna/pipe_vreg_pend_rd_to_q_reg[0][7]'.
Info    : Replacing a flip-flop with a logic constant 0. [GLO-12]
        : The instance is 'u_cpu/u_vicuna_wrapper/u_vicuna/pipe_vreg_pend_rd_to_q_reg[0][8]'.
Info    : Replacing a flip-flop with a logic constant 0. [GLO-12]
        : The instance is 'u_cpu/u_vicuna_wrapper/u_vicuna/pipe_vreg_pend_rd_to_q_reg[0][9]'.
Info    : Replacing a flip-flop with a logic constant 0. [GLO-12]
        : The instance is 'u_cpu/u_vicuna_wrapper/u_vicuna/pipe_vreg_pend_rd_to_q_reg[0][10]'.
Info    : Replacing a flip-flop with a logic constant 0. [GLO-12]
        : The instance is 'u_cpu/u_vicuna_wrapper/u_vicuna/pipe_vreg_pend_rd_to_q_reg[0][11]'.
Info    : Replacing a flip-flop with a logic constant 0. [GLO-12]
        : The instance is 'u_cpu/u_vicuna_wrapper/u_vicuna/pipe_vreg_pend_rd_to_q_reg[0][12]'.
Info    : Replacing a flip-flop with a logic constant 0. [GLO-12]
        : The instance is 'u_cpu/u_vicuna_wrapper/u_vicuna/pipe_vreg_pend_rd_to_q_reg[0][13]'.
Info    : Replacing a flip-flop with a logic constant 0. [GLO-12]
        : The instance is 'u_cpu/u_vicuna_wrapper/u_vicuna/pipe_vreg_pend_rd_to_q_reg[0][14]'.
Info    : Replacing a flip-flop with a logic constant 0. [GLO-12]
        : The instance is 'u_cpu/u_vicuna_wrapper/u_vicuna/pipe_vreg_pend_rd_to_q_reg[0][15]'.
Info    : Replacing a flip-flop with a logic constant 0. [GLO-12]
        : The instance is 'u_cpu/u_vicuna_wrapper/u_vicuna/pipe_vreg_pend_rd_to_q_reg[0][16]'.
Info    : Replacing a flip-flop with a logic constant 0. [GLO-12]
        : The instance is 'u_cpu/u_vicuna_wrapper/u_vicuna/pipe_vreg_pend_rd_to_q_reg[0][17]'.
Warning : Maximum message print count reached. [MESG-11]
        : Maximum print count of '20' reached for message 'GLO-12'.
Info    : Replacing a flip-flop with a logic constant 1. [GLO-13]
        : The instance is 'u_cpu/u_vicuna_wrapper/u_vicuna/genblk9[0].pipe/genblk2.pipeline/unit_mux/genblk1[1].genblk1.unit/genblk1.alu/operand2_q_reg[0]'.
        : To prevent this optimization, set the 'optimize_constant_1_flops' root attribute to 'false' or 'optimize_constant_1_seq' instance attribute to 'false'.
Info    : Deleting instances not driving any primary outputs. [GLO-34]
        : Deleting 67 sequential instances.
Info    : Deleting instances not driving any primary outputs. [GLO-34]
        : Deleting 57 hierarchical instances.
Info    : Synthesizing. [SYNTH-1]
        : Synthesizing 'rv32im_top' to generic gates using 'low' effort.
PBS_Generic-Start - Elapsed_Time 0, CPU_Time 0.0
stamp 'PBS_Generic-Start' being created for table 'pbs_debug'

  Total Time (Wall) |  Stage Time (Wall)  |   % (Wall)   |    Date - Time     |  Memory   | Stage
--------------------+---------------------+--------------+--------------------+-----------+----------------------
 00:00:55(00:00:53) |  00:00:00(00:00:00) |   0.0(  0.0) |   22:39:41 (May11) |   1.37 GB | PBS_Generic-Start
--------------------+---------------------+--------------+--------------------+-----------+----------------------
Number of threads: 8 * 1   (id: pbs_debug, time_info v1.57)
Info: (*N*) indicates data that was populated from previously saved time_info database
Info: CPU time includes time of parent + longest thread
TNS Restructuring config: no_value at stage: generic applied.
Info    : Partition Based Synthesis execution skipped. [PHYS-752]
        : 'low' effort synthesis done in non-distributed manner. Set synthesize -effort to 'medium' or 'high' to turn on distributed optimization.
Starting mux data reorder optimization [v1.0] (stage: pre_to_gen_setup, startdef: rv32im_top, recur: true)
Completed mux data reorder optimization (accepts: 0, rejects: 0, runtime: 0.264s)

Stage: pre_to_gen_setup
------------------------------------------------------
| Transform       | Accepts | Rejects | Runtime (ms) | 
------------------------------------------------------
| hlo_mux_reorder |       0 |       0 |       264.00 | 
------------------------------------------------------
Info    : Deleting instances not driving any primary outputs. [GLO-34]
        : Deleting 3968 sequential instances.
Info    : Deleting instances not driving any primary outputs. [GLO-34]
        : Deleting 2 hierarchical instances.
Info    : Deleting instances not driving any primary outputs. [GLO-34]
        : Deleting 2 hierarchical instances.
Starting mux data reorder optimization [v1.0] (stage: post_to_gen_setup, startdef: rv32im_top, recur: true)
Completed mux data reorder optimization (accepts: 0, rejects: 0, runtime: 0.077s)

Stage: post_to_gen_setup
------------------------------------------------------
| Transform       | Accepts | Rejects | Runtime (ms) | 
------------------------------------------------------
| hlo_mux_reorder |       0 |       0 |        77.00 | 
------------------------------------------------------
Running Unified Mux Engine Tricks...
Completed Unified Mux Engine Tricks

Stage: pre_hlo_rtlopt
--------------------------------------------
| Trick | Accepts | Rejects | Runtime (ms) | 
--------------------------------------------
--------------------------------------------
Starting infer macro optimization [v1.0] (stage: pre_rtlopt, startdef: rv32im_top, recur: true)
Completed infer macro optimization (accepts: 0, rejects: 195, runtime: 0.436s)
Starting decode mux sandwich optimization [v2.0] (stage: pre_rtlopt, startdef: rv32im_top, recur: true)
Completed decode mux sandwich optimization (accepts: 0, rejects: 0, runtime: 0.006s)
Starting decode mux optimization [v1.0] (stage: pre_rtlopt, startdef: rv32im_top, recur: true)
Completed decode mux optimization (accepts: 0, rejects: 0, runtime: 0.004s)
Starting chop wide muxes [v1.0] (stage: pre_rtlopt, startdef: rv32im_top, recur: true)
Completed chop wide muxes (accepts: 0, rejects: 0, runtime: 0.025s)
Starting common data mux cascade opt [v1.0] (stage: pre_rtlopt, startdef: rv32im_top, recur: true)
Completed common data mux cascade opt (accepts: 0, rejects: 0, runtime: 0.020s)
Starting mux input consolidation [v1.0] (stage: pre_rtlopt, startdef: rv32im_top, recur: true)
Completed mux input consolidation (accepts: 2, rejects: 0, runtime: 0.060s)
Starting constant-data mux optimization [v1.0] (stage: pre_rtlopt, startdef: rv32im_top, recur: true)
Completed constant-data mux optimization (accepts: 0, rejects: 0, runtime: 0.022s)
Starting chain-to-tree inequality transform [v2.0] (stage: pre_rtlopt, startdef: rv32im_top, recur: true)
Completed chain-to-tree inequality transform (accepts: 0, rejects: 8, runtime: 0.514s)
Starting reconvergence optimization [v1.0] (stage: pre_rtlopt, startdef: rv32im_top, recur: true)
Completed reconvergence optimization (accepts: 0, rejects: 0, runtime: 0.019s)
Starting logic restructure optimization [v1.0] (stage: pre_rtlopt, startdef: rv32im_top, recur: true)
Completed logic restructure optimization (accepts: 0, rejects: 0, runtime: 0.127s)
Starting common select mux optimization [v1.0] (stage: pre_rtlopt, startdef: rv32im_top, recur: true)
Completed common select mux optimization (accepts: 0, rejects: 19, runtime: 0.023s)
Starting identity transform [v3.0] (stage: pre_rtlopt, startdef: rv32im_top, recur: true)
Completed identity transform (accepts: 0, rejects: 12, runtime: 0.064s)
Starting reduce operator chain [v1.0] (stage: pre_rtlopt, startdef: rv32im_top, recur: true)
Completed reduce operator chain (accepts: 0, rejects: 0, runtime: 0.005s)
Starting common data mux cascade opt [v1.0] (stage: pre_rtlopt, startdef: rv32im_top, recur: true)
Completed common data mux cascade opt (accepts: 0, rejects: 0, runtime: 0.019s)
Starting mux input consolidation [v1.0] (stage: pre_rtlopt, startdef: rv32im_top, recur: true)
Completed mux input consolidation (accepts: 0, rejects: 0, runtime: 0.059s)
Starting optimize datapath elements [v1.0] (stage: pre_rtlopt, startdef: rv32im_top, recur: true)
Completed optimize datapath elements (accepts: 8, rejects: 0, runtime: 0.006s)
Starting datapath recasting [v1.0] (stage: pre_rtlopt, startdef: rv32im_top, recur: true)
Completed datapath recasting (accepts: 0, rejects: 0, runtime: 0.006s)
Starting clip mux common data inputs [v1.0] (stage: pre_rtlopt, startdef: rv32im_top, recur: true)
Completed clip mux common data inputs (accepts: 13, rejects: 0, runtime: 0.054s)
Starting clip the non-user hierarchies [v2.0] (stage: pre_rtlopt, startdef: rv32im_top, recur: true)
Completed clip the non-user hierarchies (accepts: 0, rejects: 0, runtime: 0.008s)

Stage: pre_rtlopt
----------------------------------------------------------------
| Transform                 | Accepts | Rejects | Runtime (ms) | 
----------------------------------------------------------------
| hlo_infer_macro           |       0 |     195 |       436.00 | 
| hlo_decode_mux_sandwich   |       0 |       0 |         6.00 | 
| hlo_mux_decode            |       0 |       0 |         4.00 | 
| hlo_chop_mux              |       0 |       0 |        25.00 | 
| hlo_mux_cascade_opt       |       0 |       0 |        20.00 | 
| hlo_mux_consolidation     |       2 |       0 |        60.00 | 
| hlo_constant_mux_opt      |       0 |       0 |        22.00 | 
| hlo_inequality_transform  |       0 |       8 |       514.00 | 
| hlo_reconv_opt            |       0 |       0 |        19.00 | 
| hlo_restructure           |       0 |       0 |       127.00 | 
| hlo_common_select_muxopto |       0 |      19 |        23.00 | 
| hlo_identity_transform    |       0 |      12 |        64.00 | 
| hlo_reduce_operator_chain |       0 |       0 |         5.00 | 
| hlo_mux_cascade_opt       |       0 |       0 |        19.00 | 
| hlo_mux_consolidation     |       0 |       0 |        59.00 | 
| hlo_optimize_datapath     |       8 |       0 |         6.00 | 
| hlo_datapath_recast       |       0 |       0 |         6.00 | 
| hlo_clip_mux_input        |      13 |       0 |        54.00 | 
| hlo_clip                  |       0 |       0 |         8.00 | 
----------------------------------------------------------------
Running Unified Mux Engine Tricks...
Completed Unified Mux Engine Tricks

Stage: post_hlo_rtlopt
--------------------------------------------------
| Trick       | Accepts | Rejects | Runtime (ms) | 
--------------------------------------------------
| ume_runtime |       4 |       0 |         5.00 | 
| ume_runtime |       4 |       0 |         4.00 | 
--------------------------------------------------
Number of big hc bmuxes before = 12
Number of non-ctl's : 13
mux_ALUControl_121_10 mux_cmbsop_ALUResultSrc_109_10 mux_ALUControl_136_21 mux_ALUControl_124_25 mux_ALUControl_136_25 mux_ALUControl_153_23 mux_l_sel_80_12 mux_s_sel_62_12 mux_137_148 mux_142_150 mux_ALUControl_123_152 mux_l_sel_78_154 mux_s_sel_61_156 
SOP DEBUG : Module= control_unit, Cluster= ctl_109_10, ctl= 13, Non-ctl= 13
Selected impl_type 1 (pla_form1 (optimized)) for sop cluster ctl_109_10.
Number of non-ctl's : 4
mux_byte_en_32_24 mux_byte_en_41_24 mux_byte_en_28_3 mux_byte_en_30_5 
SOP DEBUG : Module= store_unit, Cluster= ctl_b_sel_32_24, ctl= 4, Non-ctl= 4
Selected impl_type 0 (ctl + 1-hot mux form) for sop cluster ctl_b_sel_32_24.
Number of non-ctl's : 8
g20 g24 g27 mux_next_state_111_15 mux_vicuna_busy_111_15 mux_xif_issue_valid_111_15 mux_xif_result_ready_111_15 mux_xif_issue_valid_113_81 
SOP DEBUG : Module= vicuna_wrapper, Cluster= ctl_state_111_15, ctl= 2, Non-ctl= 8
Selected impl_type 1 (pla_form1 (optimized)) for sop cluster ctl_state_111_15.
Number of non-ctl's : 1
mux_cmbsop_mode_signed_363_22 
SOP DEBUG : Module= vproc_alu_ALU_OP_W32_CTRL_Ttype_7_ctrl_t_671_27_DONT_CARE_ZERO1, Cluster= ctl_363_22, ctl= 1, Non-ctl= 1
Selected impl_type 0 (ctl + 1-hot mux form) for sop cluster ctl_363_22.
Number of non-ctl's : 146
g39 g40 g43 g46 g47 g57 g58 g61 g62 g67 g73 g74 g78 g79 g80 g89 g96 g97 g107 g113 g114 g117 g353 g354 g355 g356 g357 g358 g359 g360 g361 g362 g363 g364 g365 g366 g367 g368 g369 g370 g371 g372 g373 g374 g375 g376 g377 g378 g379 g380 g381 g382 g383 g384 g385 g386 g387 g388 g389 g390 g391 g392 g393 g394 g395 g396 g397 g398 g399 g400 g401 g402 g403 g404 g405 g406 g407 g410 g411 g412 g413 g414 g415 g416 g417 g418 g419 g420 g421 g422 g423 g424 g425 g427 g428 g429 g430 g431 g432 g433 g434 g435 mux_cmbsop_emul_override_186_38 mux_cmbsop_rs1_o[vreg]_251_30 mux_cmbsop_rs2_o[vreg]_166_30 mux_cmbsop_unit_o_1413_42 mux_cmbsop_widenarrow_o_314_28 mux_emul_209_46 mux_emul_314_28 mux_emul_override_166_476 mux_evl_pol_166_478 mux_evl_pol_314_28 mux_instr_illegal_80_24 mux_instr_illegal_158_24 mux_instr_illegal_209_46 mux_instr_illegal_314_28 mux_mode_o[unused]_80_24 mux_mode_o[unused]_158_24 mux_mode_o[unused]_314_28 mux_rs1_o[r][vaddr]_251_30 mux_rs1_o[r][xval]_251_30 mux_rs1_o[vreg]_314_28 mux_rs1_o[xreg]_251_30 mux_rs2_o[r][vaddr]_251_30 mux_rs2_o[r][xval]_251_30 mux_rs2_o[vreg]_314_28 mux_rs2_o[xreg]_251_30 mux_unit_o_314_28 mux_vxrm_o_314_28 mux_cmbsop_emul_1091_42 mux_cmbsop_mode_o[unused]_1401_42 mux_326_438 mux_767_440 mux_773_442 mux_emul_288_446 mux_emul_override_288_448 mux_evl_pol_288_450 mux_instr_illegal_288_452 mux_rd_o[vreg]_288_454 mux_rs1_o[vreg]_288_456 mux_rs2_o[vreg]_288_460 mux_unit_o_288_464 mux_widenarrow_o_288_468 mux_rs1_o[vreg]_1432_458 mux_unit_o_1432_466 mux_rs2_o[vreg]_775_462 
SOP DEBUG : Module= vproc_decoder_CFG_VL_W7_XIF_MEM_W32_ALIGNED_UNITSTRIDE0_DONT_CARE_ZERO1, Cluster= ctl_80_24, ctl= 29, Non-ctl= 146
Selected impl_type 1 (pla_form1 (optimized)) for sop cluster ctl_80_24.
Number of non-ctl's : 22
g120 g121 g122 g123 g124 g125 g126 g127 g128 g129 g132 g133 mux_cmbsop_emul_o_1562_30 mux_emul_o_1470_34 mux_emul_o_1484_34 mux_emul_o_1499_34 mux_emul_o_1513_34 mux_emul_o_1525_34 mux_emul_o_1542_30 mux_emul_invalid_1465_470 mux_emul_invalid_1540_472 mux_emul_o_1540_474 
SOP DEBUG : Module= vproc_decoder_CFG_VL_W7_XIF_MEM_W32_ALIGNED_UNITSTRIDE0_DONT_CARE_ZERO1, Cluster= ctl_1562_30, ctl= 10, Non-ctl= 22
Selected impl_type 1 (pla_form1 (optimized)) for sop cluster ctl_1562_30.
Number of non-ctl's : 1
mux_cmbsop_regaddr_mask_1605_22 
SOP DEBUG : Module= vproc_decoder_CFG_VL_W7_XIF_MEM_W32_ALIGNED_UNITSTRIDE0_DONT_CARE_ZERO1, Cluster= ctl_1605_22, ctl= 1, Non-ctl= 1
Selected impl_type 0 (ctl + 1-hot mux form) for sop cluster ctl_1605_22.
Number of non-ctl's : 2
mux_mode_o[unused]_291_34 mux_mode_o[unused]_297_480 
SOP DEBUG : Module= vproc_decoder_CFG_VL_W7_XIF_MEM_W32_ALIGNED_UNITSTRIDE0_DONT_CARE_ZERO1, Cluster= ctl_rs2_o[r][xval]_291_34, ctl= 2, Non-ctl= 2
Selected impl_type 0 (ctl + 1-hot mux form) for sop cluster ctl_rs2_o[r][xval]_291_34.
Number of non-ctl's : 6
g100 g101 g134 g135 mux_vl_o_1584_30 mux_vsew_o_1557_30 
SOP DEBUG : Module= vproc_decoder_CFG_VL_W7_XIF_MEM_W32_ALIGNED_UNITSTRIDE0_DONT_CARE_ZERO1, Cluster= ctl_vsew_i_1557_30, ctl= 2, Non-ctl= 6
Selected impl_type 0 (ctl + 1-hot mux form) for sop cluster ctl_vsew_i_1557_30.
Number of non-ctl's : 1
mux_1434_444 
SOP DEBUG : Module= vproc_decoder_CFG_VL_W7_XIF_MEM_W32_ALIGNED_UNITSTRIDE0_DONT_CARE_ZERO1, Cluster= g443, ctl= 1, Non-ctl= 1
Selected impl_type 0 (ctl + 1-hot mux form) for sop cluster g443.
Number of non-ctl's : 4
g166 g167 mux_accumulator2_d_266_30 mux_cmbsop_ex1_vsew_32_224_22 
SOP DEBUG : Module= vproc_mul_MUL_OP_W32_MUL_TYPE0_CTRL_Ttype_8_ctrl_t_671_27_DONT_CARE_ZERO1, Cluster= ctl_224_22, ctl= 2, Non-ctl= 4
Selected impl_type 1 (pla_form1 (optimized)) for sop cluster ctl_224_22.
Number of non-ctl's : 1
mux_cmbsop_ex2_vsew_32_295_22 
SOP DEBUG : Module= vproc_mul_MUL_OP_W32_MUL_TYPE0_CTRL_Ttype_8_ctrl_t_671_27_DONT_CARE_ZERO1, Cluster= ctl_295_22, ctl= 1, Non-ctl= 1
Selected impl_type 0 (ctl + 1-hot mux form) for sop cluster ctl_295_22.
Number of non-ctl's : 1
mux_mul_accflag_325_22 
SOP DEBUG : Module= vproc_mul_MUL_OP_W32_MUL_TYPE0_CTRL_Ttype_8_ctrl_t_671_27_DONT_CARE_ZERO1, Cluster= ctl_state_ex2_q[mode][mul][op]_325_22, ctl= 1, Non-ctl= 1
Selected impl_type 0 (ctl + 1-hot mux form) for sop cluster ctl_state_ex2_q[mode][mul][op]_325_22.
Number of non-ctl's : 5
mux_cmbsop__22_7 mux_cmbsop__22_20 mux_cmbsop__55_5 mux_cmbsop__55_31 mux_55_29 
SOP DEBUG : Module= vproc_pending_wr_DONT_CARE_ZERO1, Cluster= ctl_22_6, ctl= 5, Non-ctl= 5
Selected impl_type 0 (ctl + 1-hot mux form) for sop cluster ctl_22_6.
Number of non-ctl's : 0

SOP DEBUG : Module= vproc_pipeline_VREG_W128_CFG_VL_W7_XIF_ID_W1_XIF_ID_CNT2_UNITS31_MAX_VPORT_W128_MAX_VADDR_W5_VPORT_CNT1_VPORT_W128_VADDR_W5_VPORT_BUFFER1_MAX_OP_W32_OP_CNT6_OP_Wx000000200000002000000020000000200000000100000004_OP_STAGEx000000030000000100000002000000030000000300000003_OP_SRCx000000000000000000000000000000000000000000000001_OP_DYN_ADDR_SRC1_OP_DYN_ADDR8_OP_MASK48_OP_XREG2_OP_NARROW3_OP_ALLOW_ELEMWISE35_OP_ALWAYS_ELEMWISE16_OP_ALT_COUNTER1_OP_ALWAYS_VREG0_UNPACK_STAGES4_MAX_RES_W32_RES_CNT2_RES_Wx0000002000000004_RES_MASK2_RES_NARROW1_RES_ALLOW_ELEMWISE1_RES_ALWAYS_ELEMWISE0_RES_ALWAYS_VREG0_FIELD_COUNT_USED1_FIELD_OP1_VLSU_QUEUE_SZ4_VLSU_FLAGS0_MUL_TYPE0_INIT_STATE_Ttype_3_state_t_190_27_DONT_CARE_ZERO1_xif_mem_if_vproc_xif_X_ID_WIDTH1_X_MEM_WIDTH32_coproc_mem_xif_memres_if_vproc_xif_X_ID_WIDTH1_X_MEM_WIDTH32_coproc_mem_result, Cluster= ctl_539_26, ctl= 1, Non-ctl= 0
Selected impl_type 0 (ctl + 1-hot mux form) for sop cluster ctl_539_26.
Number of non-ctl's : 0

SOP DEBUG : Module= vproc_pipeline_VREG_W128_CFG_VL_W7_XIF_ID_W1_XIF_ID_CNT2_UNITS31_MAX_VPORT_W128_MAX_VADDR_W5_VPORT_CNT1_VPORT_W128_VADDR_W5_VPORT_BUFFER1_MAX_OP_W32_OP_CNT6_OP_Wx000000200000002000000020000000200000000100000004_OP_STAGEx000000030000000100000002000000030000000300000003_OP_SRCx000000000000000000000000000000000000000000000001_OP_DYN_ADDR_SRC1_OP_DYN_ADDR8_OP_MASK48_OP_XREG2_OP_NARROW3_OP_ALLOW_ELEMWISE35_OP_ALWAYS_ELEMWISE16_OP_ALT_COUNTER1_OP_ALWAYS_VREG0_UNPACK_STAGES4_MAX_RES_W32_RES_CNT2_RES_Wx0000002000000004_RES_MASK2_RES_NARROW1_RES_ALLOW_ELEMWISE1_RES_ALWAYS_ELEMWISE0_RES_ALWAYS_VREG0_FIELD_COUNT_USED1_FIELD_OP1_VLSU_QUEUE_SZ4_VLSU_FLAGS0_MUL_TYPE0_INIT_STATE_Ttype_3_state_t_190_27_DONT_CARE_ZERO1_xif_mem_if_vproc_xif_X_ID_WIDTH1_X_MEM_WIDTH32_coproc_mem_xif_memres_if_vproc_xif_X_ID_WIDTH1_X_MEM_WIDTH32_coproc_mem_result, Cluster= ctl_539_491, ctl= 1, Non-ctl= 0
Selected impl_type 0 (ctl + 1-hot mux form) for sop cluster ctl_539_491.
Number of non-ctl's : 0

SOP DEBUG : Module= vproc_pipeline_VREG_W128_CFG_VL_W7_XIF_ID_W1_XIF_ID_CNT2_UNITS31_MAX_VPORT_W128_MAX_VADDR_W5_VPORT_CNT1_VPORT_W128_VADDR_W5_VPORT_BUFFER1_MAX_OP_W32_OP_CNT6_OP_Wx000000200000002000000020000000200000000100000004_OP_STAGEx000000030000000100000002000000030000000300000003_OP_SRCx000000000000000000000000000000000000000000000001_OP_DYN_ADDR_SRC1_OP_DYN_ADDR8_OP_MASK48_OP_XREG2_OP_NARROW3_OP_ALLOW_ELEMWISE35_OP_ALWAYS_ELEMWISE16_OP_ALT_COUNTER1_OP_ALWAYS_VREG0_UNPACK_STAGES4_MAX_RES_W32_RES_CNT2_RES_Wx0000002000000004_RES_MASK2_RES_NARROW1_RES_ALLOW_ELEMWISE1_RES_ALWAYS_ELEMWISE0_RES_ALWAYS_VREG0_FIELD_COUNT_USED1_FIELD_OP1_VLSU_QUEUE_SZ4_VLSU_FLAGS0_MUL_TYPE0_INIT_STATE_Ttype_3_state_t_190_27_DONT_CARE_ZERO1_xif_mem_if_vproc_xif_X_ID_WIDTH1_X_MEM_WIDTH32_coproc_mem_xif_memres_if_vproc_xif_X_ID_WIDTH1_X_MEM_WIDTH32_coproc_mem_result, Cluster= ctl_539_493, ctl= 1, Non-ctl= 0
Selected impl_type 0 (ctl + 1-hot mux form) for sop cluster ctl_539_493.
Number of non-ctl's : 0

SOP DEBUG : Module= vproc_pipeline_VREG_W128_CFG_VL_W7_XIF_ID_W1_XIF_ID_CNT2_UNITS31_MAX_VPORT_W128_MAX_VADDR_W5_VPORT_CNT1_VPORT_W128_VADDR_W5_VPORT_BUFFER1_MAX_OP_W32_OP_CNT6_OP_Wx000000200000002000000020000000200000000100000004_OP_STAGEx000000030000000100000002000000030000000300000003_OP_SRCx000000000000000000000000000000000000000000000001_OP_DYN_ADDR_SRC1_OP_DYN_ADDR8_OP_MASK48_OP_XREG2_OP_NARROW3_OP_ALLOW_ELEMWISE35_OP_ALWAYS_ELEMWISE16_OP_ALT_COUNTER1_OP_ALWAYS_VREG0_UNPACK_STAGES4_MAX_RES_W32_RES_CNT2_RES_Wx0000002000000004_RES_MASK2_RES_NARROW1_RES_ALLOW_ELEMWISE1_RES_ALWAYS_ELEMWISE0_RES_ALWAYS_VREG0_FIELD_COUNT_USED1_FIELD_OP1_VLSU_QUEUE_SZ4_VLSU_FLAGS0_MUL_TYPE0_INIT_STATE_Ttype_3_state_t_190_27_DONT_CARE_ZERO1_xif_mem_if_vproc_xif_X_ID_WIDTH1_X_MEM_WIDTH32_coproc_mem_xif_memres_if_vproc_xif_X_ID_WIDTH1_X_MEM_WIDTH32_coproc_mem_result, Cluster= ctl_539_495, ctl= 1, Non-ctl= 0
Selected impl_type 0 (ctl + 1-hot mux form) for sop cluster ctl_539_495.
Number of non-ctl's : 15
mux_cmbsop_elem_flush_228_22 g21 g22 mux_state_init[count_inc]_379_26 g18 g19 g25 g26 mux_state_init[alt_count_init]_337_34 mux_state_init[count_inc]_391_26 mux_state_init[count_inc]_377_85 mux_state_init[count_inc]_385_87 mux_state_init[count_inc]_389_89 mux_state_init[op_flags][3][vreg]_480_91 mux_state_init[alt_count_init]_333_93 
SOP DEBUG : Module= vproc_pipeline_wrapper_VREG_W128_CFG_VL_W7_XIF_ID_W1_XIF_ID_CNT2_UNITS31_MAX_VPORT_W128_MAX_VADDR_W5_VPORT_CNT1_VPORT_W128_VADDR_W5_VPORT_BUFFER1_VPORT_V01_MAX_OP_W32_VLSU_QUEUE_SZ4_VLSU_FLAGS0_MUL_TYPE0_DECODER_DATA_Ttype_1_decoder_data_246_27_DONT_CARE_ZERO1_xif_mem_if_vproc_xif_X_ID_WIDTH1_X_MEM_WIDTH32_coproc_mem_xif_memres_if_vproc_xif_X_ID_WIDTH1_X_MEM_WIDTH32_coproc_mem_result, Cluster= ctl_228_22, ctl= 9, Non-ctl= 15
Selected impl_type 1 (pla_form1 (optimized)) for sop cluster ctl_228_22.
Number of non-ctl's : 1
mux_cmbsop_xif_result_if_result_valid_202_22 
SOP DEBUG : Module= vproc_result_XIF_ID_W1_DONT_CARE_ZERO1_xif_result_if_vproc_xif_X_ID_WIDTH1_X_MEM_WIDTH32_coproc_result, Cluster= ctl_202_22, ctl= 1, Non-ctl= 1
Selected impl_type 0 (ctl + 1-hot mux form) for sop cluster ctl_202_22.
Number of non-ctl's : 3
g148 g149 mux_genblk1.vd_count_d[val]_359_34 
SOP DEBUG : Module= vproc_unit_wrapper_UNIT4_XIF_ID_W1_XIF_ID_CNT2_VREG_W128_OP_CNT6_MAX_OP_W32_RES_CNT2_MAX_RES_W32_VLSU_QUEUE_SZ4_VLSU_FLAGS0_MUL_TYPE0_CTRL_Ttype_5_ctrl_t_671_27_COUNTER_Ttype_5_counter_t_108_26_COUNTER_W8_DONT_CARE_ZERO1_xif_mem_if_vproc_xif_X_ID_WIDTH1_X_MEM_WIDTH32_coproc_mem_xif_memres_if_vproc_xif_X_ID_WIDTH1_X_MEM_WIDTH32_coproc_mem_result, Cluster= ctl_genblk1.unit_out_ctrl[eew]_359_34, ctl= 1, Non-ctl= 3
Selected impl_type 0 (ctl + 1-hot mux form) for sop cluster ctl_genblk1.unit_out_ctrl[eew]_359_34.
Number of non-ctl's : 3
g143 g144 mux_genblk1.instr_speculative_372_30 
SOP DEBUG : Module= vproc_unit_wrapper_UNIT4_XIF_ID_W1_XIF_ID_CNT2_VREG_W128_OP_CNT6_MAX_OP_W32_RES_CNT2_MAX_RES_W32_VLSU_QUEUE_SZ4_VLSU_FLAGS0_MUL_TYPE0_CTRL_Ttype_5_ctrl_t_671_27_COUNTER_Ttype_5_counter_t_108_26_COUNTER_W8_DONT_CARE_ZERO1_xif_mem_if_vproc_xif_X_ID_WIDTH1_X_MEM_WIDTH32_coproc_mem_xif_memres_if_vproc_xif_X_ID_WIDTH1_X_MEM_WIDTH32_coproc_mem_result, Cluster= ctl_instr_state_i[genblk1.unit_out_ctrl[id]]_372_30, ctl= 1, Non-ctl= 3
Selected impl_type 0 (ctl + 1-hot mux form) for sop cluster ctl_instr_state_i[genblk1.unit_out_ctrl[id]]_372_30.
Number of non-ctl's : 3
g153 g154 mux_genblk1.instr_committed_378_30 
SOP DEBUG : Module= vproc_unit_wrapper_UNIT4_XIF_ID_W1_XIF_ID_CNT2_VREG_W128_OP_CNT6_MAX_OP_W32_RES_CNT2_MAX_RES_W32_VLSU_QUEUE_SZ4_VLSU_FLAGS0_MUL_TYPE0_CTRL_Ttype_5_ctrl_t_671_27_COUNTER_Ttype_5_counter_t_108_26_COUNTER_W8_DONT_CARE_ZERO1_xif_mem_if_vproc_xif_X_ID_WIDTH1_X_MEM_WIDTH32_coproc_mem_xif_memres_if_vproc_xif_X_ID_WIDTH1_X_MEM_WIDTH32_coproc_mem_result, Cluster= ctl_instr_state_i[genblk1.unit_out_ctrl[id]]_378_30, ctl= 1, Non-ctl= 3
Selected impl_type 0 (ctl + 1-hot mux form) for sop cluster ctl_instr_state_i[genblk1.unit_out_ctrl[id]]_378_30.
Number of non-ctl's : 17
mux_cmbsop__32_72 mux_cmbsop__32_97 mux_cmbsop__32_99 mux_cmbsop__32_101 mux_cmbsop__32_103 mux_cmbsop__32_105 mux_cmbsop__32_107 mux_cmbsop__32_109 mux_msk_buffer_next[1]_242_184 mux_msk_buffer_next[1]_247_186 mux_msk_buffer_next[1]_247_188 mux_msk_buffer_next[1]_247_190 mux_msk_buffer_next[1]_247_192 mux_msk_buffer_next[1]_247_194 mux_msk_buffer_next[1]_247_196 mux_msk_buffer_next[1]_247_198 mux_msk_buffer_next[1]_247_200 
SOP DEBUG : Module= vproc_vregpack_VPORT_W128_VADDR_W5_MAX_RES_W32_RES_CNT2_RES_Wx0000002000000004_RES_MASK2_RES_NARROW1_RES_ALLOW_ELEMWISE1_RES_ALWAYS_ELEMWISE0_FLAGS_Ttype_vproc_pkg_pack_flags_324_23_INSTR_ID_W1_INSTR_ID_CNT2_DONT_CARE_ZERO1, Cluster= ctl_32_72, ctl= 17, Non-ctl= 17
Selected impl_type 0 (ctl + 1-hot mux form) for sop cluster ctl_32_72.
Number of non-ctl's : 3
g79 g80 mux_instr_speculative_128_22 
SOP DEBUG : Module= vproc_vregpack_VPORT_W128_VADDR_W5_MAX_RES_W32_RES_CNT2_RES_Wx0000002000000004_RES_MASK2_RES_NARROW1_RES_ALLOW_ELEMWISE1_RES_ALWAYS_ELEMWISE0_FLAGS_Ttype_vproc_pkg_pack_flags_324_23_INSTR_ID_W1_INSTR_ID_CNT2_DONT_CARE_ZERO1, Cluster= ctl_instr_state_i[stage_state_q[instr_id]]_128_22, ctl= 1, Non-ctl= 3
Selected impl_type 0 (ctl + 1-hot mux form) for sop cluster ctl_instr_state_i[stage_state_q[instr_id]]_128_22.
Number of non-ctl's : 3
g114 g115 mux_instr_killed_134_22 
SOP DEBUG : Module= vproc_vregpack_VPORT_W128_VADDR_W5_MAX_RES_W32_RES_CNT2_RES_Wx0000002000000004_RES_MASK2_RES_NARROW1_RES_ALLOW_ELEMWISE1_RES_ALWAYS_ELEMWISE0_FLAGS_Ttype_vproc_pkg_pack_flags_324_23_INSTR_ID_W1_INSTR_ID_CNT2_DONT_CARE_ZERO1, Cluster= ctl_instr_state_i[stage_state_q[instr_id]]_134_22, ctl= 1, Non-ctl= 3
Selected impl_type 0 (ctl + 1-hot mux form) for sop cluster ctl_instr_state_i[stage_state_q[instr_id]]_134_22.
Info    : Deleting instances not driving any primary outputs. [GLO-34]
        : Deleting 10 sequential instances.
Info    : Pre-processed datapath logic. [DPOPT-6]
        : Pre-processing optimizations applied to datapath logic in 'rv32im_top':
          live_trim(50) sop(26) output_trim(1) 
Info    : Optimizing datapath logic. [DPOPT-1]
        : Optimizing datapath logic in 'rv32im_top'.
Info    : Implementing datapath configurations. [DPOPT-3]
        : Implementing datapath configurations for 'CDN_DP_region_8_0'
CSAGen Prep Share:0 Re-Write:0 Speculation: 0
CDN_DP_region_8_0 level = 0 loads = 0 drivers = 0
CDN_DP_region_8_0_c0 in reg_file: area: 5811066100 ,dp = 0 mux = 4 sg = slow         worst_clk_period: -1.0000 
    wns: 0  norm_wns:  -1.0000 
    fail_endp: -1 
    tns:  0  tns_per_endp:  -1.0000   norm_tns_per_endp:  -1.0000 
    tns_sense_max:  -1.0000  tns_sense_avg:  -1.0000   tns_sense_num: -1
 skipped
CDN_DP_region_8_0_c1 in reg_file: area: 5811066100 ,dp = 0 mux = 4 sg = fast         worst_clk_period: -1.0000 
    wns: 0  norm_wns:  -1.0000 
    fail_endp: -1 
    tns:  0  tns_per_endp:  -1.0000   norm_tns_per_endp:  -1.0000 
    tns_sense_max:  -1.0000  tns_sense_avg:  -1.0000   tns_sense_num: -1
 is current best
CDN_DP_region_8_0_c2 in reg_file: area: 5811066100 ,dp = 0 mux = 4 sg = very_slow    worst_clk_period: -1.0000 
    wns: 0  norm_wns:  -1.0000 
    fail_endp: -1 
    tns:  0  tns_per_endp:  -1.0000   norm_tns_per_endp:  -1.0000 
    tns_sense_max:  -1.0000  tns_sense_avg:  -1.0000   tns_sense_num: -1
 is current best
CDN_DP_region_8_0_c3 in reg_file: area: 5811066100 ,dp = 0 mux = 4 sg = very_fast    worst_clk_period: -1.0000 
    wns: 0  norm_wns:  -1.0000 
    fail_endp: -1 
    tns:  0  tns_per_endp:  -1.0000   norm_tns_per_endp:  -1.0000 
    tns_sense_max:  -1.0000  tns_sense_avg:  -1.0000   tns_sense_num: -1
 is current best
CDN_DP_region_8_0_c4 in reg_file: area: 5811066100 ,dp = 0 mux = 4 sg = very_fast    worst_clk_period: -1.0000 
    wns: 0  norm_wns:  -1.0000 
    fail_endp: -1 
    tns:  0  tns_per_endp:  -1.0000   norm_tns_per_endp:  -1.0000 
    tns_sense_max:  -1.0000  tns_sense_avg:  -1.0000   tns_sense_num: -1
 is current best
CDN_DP_region_8_0_c5 in reg_file: area: 5811066100 ,dp = 0 mux = 4 sg = very_fast    worst_clk_period: -1.0000 
    wns: 0  norm_wns:  -1.0000 
    fail_endp: -1 
    tns:  0  tns_per_endp:  -1.0000   norm_tns_per_endp:  -1.0000 
    tns_sense_max:  -1.0000  tns_sense_avg:  -1.0000   tns_sense_num: -1
 is current best
CDN_DP_region_8_0_c6 in reg_file: area: 5811066100 ,dp = 0 mux = 4 sg = very_fast    worst_clk_period: -1.0000 
    wns: 0  norm_wns:  -1.0000 
    fail_endp: -1 
    tns:  0  tns_per_endp:  -1.0000   norm_tns_per_endp:  -1.0000 
    tns_sense_max:  -1.0000  tns_sense_avg:  -1.0000   tns_sense_num: -1
 is current best
Not considering config 7 due to bailout. 
Best config: CDN_DP_region_8_0_c6 in reg_file: area: 5811066100 ,dp = 0 mux = 4 sg = very_fast    worst_clk_period: -1.0000 
    wns: 0  norm_wns:  -1.0000 
    fail_endp: -1 
    tns:  0  tns_per_endp:  -1.0000   norm_tns_per_endp:  -1.0000 
    tns_sense_max:  -1.0000  tns_sense_avg:  -1.0000   tns_sense_num: -1
  Smallest config area : 5811066100.  Fastest config wns;  0
##>+----------------------------------------------------------------------------------------------------------------------------------------------------------------+
##>Summary table of configs (Best config is CDN_DP_region_8_0_c6)
##>+----------------------------------------------------------------------------------------------------------------------------------------------------------------+
##>                     0                  1                  2                  3                  4                  5                  6            
##>+----------------------------------------------------------------------------------------------------------------------------------------------------------------+
##>           Area       5811066100         5811066100         5811066100         5811066100         5811066100         5811066100         5811066100  
##>            WNS         +4348.00           +4348.00           +4348.00           +4348.00           +4348.00           +4348.00           +4348.00  
##>            TNS                0                  0                  0                  0                  0                  0                  0  
##>    Num Rewrite                0                  0                  0                  0                  0                  0                  0  
##>     Num Factor                0                  0                  0                  0                  0                  0                  0  
##>      Num Share                0                  0                  0                  0                  0                  0                  0  
##>   Num CmultCse                0                  0                  0                  0                  0                  0                  0  
##>   Num Downsize                0                  0                  0                  0                  0                  0                  0  
##>  Num Speculate                0                  0                  0                  0                  0                  0                  0  
##>     Runtime(s)                0                  0                  0                  0                  0                  0                  0  
+----------------------------------------------------------------------------------------------------------------------------------------------------------------+
##>
##>
##>+------------------------------------------------------------------------------------------------------------------------------------------------------------+
##>Optimization Step DEBUG Table for config CDN_DP_region_8_0_c6
##>
##>                          Step                        Area   ( % Chg)        WNS (Change)        TNS (Change)          Runtime (s)        Comment                   
##>+------------------------------------------------------------------------------------------------------------------------------------------------------------+
##>createMaxCarrySave              START             5811066100 (      )    107378530.40 (        )             0 (        )              
##> datapath_rewrite_one_def       START             5811066100 ( +0.00)    107378530.40 (   +0.00)             0 (       0)              
##>  fast_cse_elim                 START             5811066100 ( +0.00)    107378530.40 (   +0.00)             0 (       0)              
##>                                  END             5811066100 ( +0.00)    107378530.40 (   +0.00)             0 (       0)           0  
##>  fast_cse_elim                 START             5811066100 ( +0.00)    107378530.40 (   +0.00)             0 (       0)              
##>                                  END             5811066100 ( +0.00)    107378530.40 (   +0.00)             0 (       0)           0  
##>                                  END             5811066100 ( +0.00)    107378530.40 (   +0.00)             0 (       0)           0  
##> dpopt_share_one_def            START             5811066100 ( +0.00)    107378530.40 (   +0.00)             0 (       0)              
##>                                  END             5811066100 ( +0.00)    107378530.40 (   +0.00)             0 (       0)           0  
##> csa_opto                       START             5811066100 ( +0.00)    214748364.70 (+107369834.30)             0 (       0)              
##>                                  END             5811066100 ( +0.00)    214748364.70 (   +0.00)             0 (       0)           0  
##>                                  END             5811066100 ( +0.00)    214748364.70 (+107369834.30)             0 (       0)           0  
##>canonicalize_by_names           START             5811066100 ( +0.00)    214748364.70 (   +0.00)             0 (       0)              
##>                                  END             5811066100 ( +0.00)    214748364.70 (   +0.00)             0 (       0)           0  
##>datapath_rewrite_post_csa_one_  START             5811066100 ( +0.00)    214748364.70 (   +0.00)             0 (       0)              
##>                                  END             5811066100 ( +0.00)    214748364.70 (   +0.00)             0 (       0)           0  
##>datapath_csa_factoring_one_gde  START             5811066100 ( +0.00)    214748364.70 (   +0.00)             0 (       0)              
##>                                  END             5811066100 ( +0.00)    214748364.70 (   +0.00)             0 (       0)           0  
##>dpopt_share_one_def             START             5811066100 ( +0.00)    214748364.70 (   +0.00)             0 (       0)              
##>                                  END             5811066100 ( +0.00)    214748364.70 (   +0.00)             0 (       0)           0  
##>datapath_rewrite_post_share     START             5811066100 ( +0.00)    214748364.70 (   +0.00)             0 (       0)              
##>                                  END             5811066100 ( +0.00)    214748364.70 (   +0.00)             0 (       0)           0  
##>dp_combine_const_mult_with_com  START             5811066100 ( +0.00)    214748364.70 (   +0.00)             0 (       0)              
##>                                  END             5811066100 ( +0.00)    214748364.70 (   +0.00)             0 (       0)           0  
##>dp_operator_level_decompositio  START             5811066100 ( +0.00)    214748364.70 (   +0.00)             0 (       0)              
##>                                  END             5811066100 ( +0.00)    214748364.70 (   +0.00)             0 (       0)           0  
##>selective_flatten_dp_config     START             5811066100 ( +0.00)    214748364.70 (   +0.00)             0 (       0)              
##>                                  END             5811066100 ( +0.00)    214748364.70 (   +0.00)             0 (       0)           0  
##>createMaxCarrySave              START             5811066100 ( +0.00)    214748364.70 (   +0.00)             0 (       0)              
##> datapath_rewrite_one_def       START             5811066100 ( +0.00)    214748364.70 (   +0.00)             0 (       0)              
##>  fast_cse_elim                 START             5811066100 ( +0.00)    214748364.70 (   +0.00)             0 (       0)              
##>                                  END             5811066100 ( +0.00)    214748364.70 (   +0.00)             0 (       0)           0  
##>  fast_cse_elim                 START             5811066100 ( +0.00)    214748364.70 (   +0.00)             0 (       0)              
##>                                  END             5811066100 ( +0.00)    214748364.70 (   +0.00)             0 (       0)           0  
##>                                  END             5811066100 ( +0.00)    214748364.70 (   +0.00)             0 (       0)           0  
##> dpopt_share_one_def            START             5811066100 ( +0.00)    214748364.70 (   +0.00)             0 (       0)              
##>                                  END             5811066100 ( +0.00)    214748364.70 (   +0.00)             0 (       0)           0  
##> csa_opto                       START             5811066100 ( +0.00)    214748364.70 (   +0.00)             0 (       0)              
##>                                  END             5811066100 ( +0.00)    214748364.70 (   +0.00)             0 (       0)           0  
##>                                  END             5811066100 ( +0.00)    214748364.70 (   +0.00)             0 (       0)           0  
##>context_based_simplify          START             5811066100 ( +0.00)    214748364.70 (   +0.00)             0 (       0)              
##>                                  END             5811066100 ( +0.00)    214748364.70 (   +0.00)             0 (       0)           0  
##>group_csa_final_adder_dp        START             5811066100 ( +0.00)    214748364.70 (   +0.00)             0 (       0)              
##>                                  END             5811066100 ( +0.00)    214748364.70 (   +0.00)             0 (       0)           0  
##>dpopt_flatten_critical_muxes_i  START             5811066100 ( +0.00)    214748364.70 (   +0.00)             0 (       0)              
##>                                  END             5811066100 ( +0.00)    214748364.70 (   +0.00)             0 (       0)           0  
##>create_score                    START             5811066100 ( +0.00)     4348.00 (-214744016.70)             0 (       0)              
##>                                  END             5811066100 ( +0.00)     4348.00 (   +0.00)             0 (       0)           0  
##>+------------------------------------------------------------------------------------------------------------------------------------------------------------+
Committed config: CDN_DP_region_8_0_c6
Info    : Done implementing datapath configurations. [DPOPT-4]
        : Selected 'very_fast' configuration 6 for module 'CDN_DP_region_8_0'.
          Optimizations applied to 'very_fast' configuration:
            rewriting(0), factoring(0), sharing(0), cmultcse(0), downsizing(0), speculation(0)
Info    : Implementing datapath configurations. [DPOPT-3]
        : Implementing datapath configurations for 'CDN_DP_region_9_3'
CSAGen Prep Share:0 Re-Write:3 Speculation: 0
MaxCSA: Successfully built Maximal CSA Expression Expr0
Info    : Accepted resource sharing opportunity. [RTLOPT-30]
        : Merged instances 'u_cpu_u_vicuna_wrapper_u_vicuna_queue_pending_wr_sll_30_52' and 'u_cpu_u_vicuna_wrapper_u_vicuna_queue_pending_wr_sll_34_52' in 'CDN_DP_region_9_3_c7 in rv32im_top'.
Info    : Accepted resource sharing opportunity. [RTLOPT-30]
        : Merged instances 'u_cpu_u_vicuna_wrapper_u_vicuna_queue_pending_wr_sll_30_52' and 'u_cpu_u_vicuna_wrapper_u_vicuna_queue_pending_wr_sll_34_52' in 'CDN_DP_region_9_3_c1 in rv32im_top'.
Info    : Accepted resource sharing opportunity. [RTLOPT-30]
        : Merged instances 'u_cpu_u_vicuna_wrapper_u_vicuna_queue_pending_wr_sll_30_52' and 'u_cpu_u_vicuna_wrapper_u_vicuna_queue_pending_wr_sll_34_52' in 'CDN_DP_region_9_3_c2 in rv32im_top'.
Info    : Accepted resource sharing opportunity. [RTLOPT-30]
        : Merged instances 'u_cpu_u_vicuna_wrapper_u_vicuna_queue_pending_wr_sll_30_52' and 'u_cpu_u_vicuna_wrapper_u_vicuna_queue_pending_wr_sll_34_52' in 'CDN_DP_region_9_3_c3 in rv32im_top'.
Info    : Accepted resource sharing opportunity. [RTLOPT-30]
        : Merged instances 'u_cpu_u_vicuna_wrapper_u_vicuna_queue_pending_wr_sll_30_52' and 'u_cpu_u_vicuna_wrapper_u_vicuna_queue_pending_wr_sll_34_52' in 'CDN_DP_region_9_3_c4 in rv32im_top'.
Info    : Accepted resource sharing opportunity. [RTLOPT-30]
        : Merged instances 'u_cpu_u_vicuna_wrapper_u_vicuna_queue_pending_wr_sll_30_52' and 'u_cpu_u_vicuna_wrapper_u_vicuna_queue_pending_wr_sll_34_52' in 'CDN_DP_region_9_3_c5 in rv32im_top'.
Info    : Accepted resource sharing opportunity. [RTLOPT-30]
        : Merged instances 'u_cpu_u_vicuna_wrapper_u_vicuna_queue_pending_wr_sll_30_52' and 'u_cpu_u_vicuna_wrapper_u_vicuna_queue_pending_wr_sll_34_52' in 'CDN_DP_region_9_3_c6 in rv32im_top'.
CDN_DP_region_9_3 level = 0 loads = 1 drivers = 1 is driven by : CDN_DP_region_9_4 
CDN_DP_region_9_3_c0 in rv32im_top: area: 8765981200 ,dp = 21 mux = 21 sg = slow         worst_clk_period: -1.0000 
    wns: 0  norm_wns:  -1.0000 
    fail_endp: -1 
    tns:  0  tns_per_endp:  -1.0000   norm_tns_per_endp:  -1.0000 
    tns_sense_max:  -1.0000  tns_sense_avg:  -1.0000   tns_sense_num: -1
 skipped
CDN_DP_region_9_3_c1 in rv32im_top: area: 5048980950 ,dp = 5 mux = 22 sg = fast         worst_clk_period: -1.0000 
    wns: 0  norm_wns:  -1.0000 
    fail_endp: -1 
    tns:  0  tns_per_endp:  -1.0000   norm_tns_per_endp:  -1.0000 
    tns_sense_max:  -1.0000  tns_sense_avg:  -1.0000   tns_sense_num: -1
 is current best
CDN_DP_region_9_3_c2 in rv32im_top: area: 5051650250 ,dp = 5 mux = 21 sg = very_slow    worst_clk_period: -1.0000 
    wns: 0  norm_wns:  -1.0000 
    fail_endp: -1 
    tns:  0  tns_per_endp:  -1.0000   norm_tns_per_endp:  -1.0000 
    tns_sense_max:  -1.0000  tns_sense_avg:  -1.0000   tns_sense_num: -1

CDN_DP_region_9_3_c3 in rv32im_top: area: 5048980950 ,dp = 5 mux = 22 sg = very_fast    worst_clk_period: -1.0000 
    wns: 0  norm_wns:  -1.0000 
    fail_endp: -1 
    tns:  0  tns_per_endp:  -1.0000   norm_tns_per_endp:  -1.0000 
    tns_sense_max:  -1.0000  tns_sense_avg:  -1.0000   tns_sense_num: -1
 is current best
CDN_DP_region_9_3_c4 in rv32im_top: area: 5048980950 ,dp = 5 mux = 22 sg = very_fast    worst_clk_period: -1.0000 
    wns: 0  norm_wns:  -1.0000 
    fail_endp: -1 
    tns:  0  tns_per_endp:  -1.0000   norm_tns_per_endp:  -1.0000 
    tns_sense_max:  -1.0000  tns_sense_avg:  -1.0000   tns_sense_num: -1
 is current best
CDN_DP_region_9_3_c5 in rv32im_top: area: 5048980950 ,dp = 5 mux = 22 sg = very_fast    worst_clk_period: -1.0000 
    wns: 0  norm_wns:  -1.0000 
    fail_endp: -1 
    tns:  0  tns_per_endp:  -1.0000   norm_tns_per_endp:  -1.0000 
    tns_sense_max:  -1.0000  tns_sense_avg:  -1.0000   tns_sense_num: -1
 is current best
CDN_DP_region_9_3_c6 in rv32im_top: area: 5048980950 ,dp = 5 mux = 22 sg = very_fast    worst_clk_period: -1.0000 
    wns: 0  norm_wns:  -1.0000 
    fail_endp: -1 
    tns:  0  tns_per_endp:  -1.0000   norm_tns_per_endp:  -1.0000 
    tns_sense_max:  -1.0000  tns_sense_avg:  -1.0000   tns_sense_num: -1
 is current best
CDN_DP_region_9_3_c7 in rv32im_top: area: 5055654200 ,dp = 6 mux = 22 sg = very_fast    worst_clk_period: -1.0000 
    wns: 0  norm_wns:  -1.0000 
    fail_endp: -1 
    tns:  0  tns_per_endp:  -1.0000   norm_tns_per_endp:  -1.0000 
    tns_sense_max:  -1.0000  tns_sense_avg:  -1.0000   tns_sense_num: -1

Best config: CDN_DP_region_9_3_c6 in rv32im_top: area: 5048980950 ,dp = 5 mux = 22 sg = very_fast    worst_clk_period: -1.0000 
    wns: 0  norm_wns:  -1.0000 
    fail_endp: -1 
    tns:  0  tns_per_endp:  -1.0000   norm_tns_per_endp:  -1.0000 
    tns_sense_max:  -1.0000  tns_sense_avg:  -1.0000   tns_sense_num: -1
  Smallest config area : 5048980950.  Fastest config wns;  0
##>+----------------------------------------------------------------------------------------------------------------------------------------------------------------+
##>Summary table of configs (Best config is CDN_DP_region_9_3_c6)
##>+----------------------------------------------------------------------------------------------------------------------------------------------------------------+
##>                     0                  1                  2                  3                  4                  5                  6                  7            
##>+----------------------------------------------------------------------------------------------------------------------------------------------------------------+
##>           Area       8765981200         5048980950         5051650250         5048980950         5048980950         5048980950         5048980950         5055654200  
##>            WNS         +3518.30           +3517.00           +3517.00           +3517.00           +3517.00           +3517.00           +3517.00           +3518.30  
##>            TNS                0                  0                  0                  0                  0                  0                  0                  0  
##>    Num Rewrite                0                  0                  0                  0                  0                  0                  0                  3  
##>     Num Factor                0                  0                  0                  0                  0                  0                  0                  0  
##>      Num Share                0                  1                  1                  1                  1                  1                  1                  1  
##>   Num CmultCse                0                  0                  0                  0                  0                  0                  0                  0  
##>   Num Downsize                0                  0                  0                  0                  0                  0                  0                  0  
##>  Num Speculate                0                  0                  0                  0                  0                  0                  0                  0  
##>     Runtime(s)                0                  0                  0                  0                  0                  0                  1                  0  
+----------------------------------------------------------------------------------------------------------------------------------------------------------------+
##>
##>
##>+------------------------------------------------------------------------------------------------------------------------------------------------------------+
##>Optimization Step DEBUG Table for config CDN_DP_region_9_3_c6
##>
##>                          Step                        Area   ( % Chg)        WNS (Change)        TNS (Change)          Runtime (s)        Comment                   
##>+------------------------------------------------------------------------------------------------------------------------------------------------------------+
##>createMaxCarrySave              START             8765981200 (      )    107377700.70 (        )             0 (        )              
##> datapath_rewrite_one_def       START             8765981200 ( +0.00)    107377700.70 (   +0.00)             0 (       0)              
##>  fast_cse_elim                 START             8765981200 ( +0.00)    107377700.70 (   +0.00)             0 (       0)              
##>                                  END             8765981200 ( +0.00)    107377700.70 (   +0.00)             0 (       0)           0  
##>  fast_cse_elim                 START             8765981200 ( +0.00)    107377700.70 (   +0.00)             0 (       0)              
##>                                  END             8765981200 ( +0.00)    107377700.70 (   +0.00)             0 (       0)           0  
##>                                  END             8765981200 ( +0.00)    107377700.70 (   +0.00)             0 (       0)           0  
##> dpopt_share_one_def            START             8765981200 ( +0.00)    107377700.70 (   +0.00)             0 (       0)              
##>                                  END             8330885300 ( -4.96)    107377700.70 (   +0.00)             0 (       0)           0  
##> csa_opto                       START             8330885300 ( +0.00)    214748364.70 (+107370664.00)             0 (       0)              
##>                                  END             8333554600 ( +0.03)    214748364.70 (   +0.00)             0 (       0)           0  
##>                                  END             8333554600 ( -4.93)    214748364.70 (+107370664.00)             0 (       0)           0  
##>canonicalize_by_names           START             8333554600 ( +0.00)    214748364.70 (   +0.00)             0 (       0)              
##>                                  END             8333554600 ( +0.00)    214748364.70 (   +0.00)             0 (       0)           0  
##>datapath_rewrite_post_csa_one_  START             8333554600 ( +0.00)    214748364.70 (   +0.00)             0 (       0)              
##>                                  END             8333554600 ( +0.00)    214748364.70 (   +0.00)             0 (       0)           0  
##>datapath_csa_factoring_one_gde  START             8333554600 ( +0.00)    214748364.70 (   +0.00)             0 (       0)              
##>                                  END             8333554600 ( +0.00)    214748364.70 (   +0.00)             0 (       0)           0  
##>dpopt_share_one_def             START             8333554600 ( +0.00)    214748364.70 (   +0.00)             0 (       0)              
##>                                  END             8333554600 ( +0.00)    214748364.70 (   +0.00)             0 (       0)           0  
##>datapath_rewrite_post_share     START             8333554600 ( +0.00)    214748364.70 (   +0.00)             0 (       0)              
##>                                  END             8333554600 ( +0.00)    214748364.70 (   +0.00)             0 (       0)           0  
##>dp_combine_const_mult_with_com  START             8333554600 ( +0.00)    214748364.70 (   +0.00)             0 (       0)              
##>                                  END             8333554600 ( +0.00)    214748364.70 (   +0.00)             0 (       0)           0  
##>speculate_in_gdef               START             8333554600 ( +0.00)    214748364.70 (   +0.00)             0 (       0)              
##> pre_speculate_mux_merge        START             8333554600 ( +0.00)    214748364.70 (   +0.00)             0 (       0)              
##>                                  END             8333554600 ( +0.00)    214748364.70 (   +0.00)             0 (       0)           0  
##>                                  END             8333554600 ( +0.00)    214748364.70 (   +0.00)             0 (       0)           0  
##>dp_operator_level_decompositio  START             8333554600 ( +0.00)    214748364.70 (   +0.00)             0 (       0)              
##>                                  END             8333554600 ( +0.00)    214748364.70 (   +0.00)             0 (       0)           0  
##>selective_flatten_dp_config     START             8333554600 ( +0.00)    214748364.70 (   +0.00)             0 (       0)              
##>                                  END             5066331400 (-39.21)    214748364.70 (   +0.00)             0 (       0)           0  
##>createMaxCarrySave              START             5066331400 ( +0.00)    214748364.70 (   +0.00)             0 (       0)              
##> datapath_rewrite_one_def       START             5066331400 ( +0.00)    214748364.70 (   +0.00)             0 (       0)              
##>  fast_cse_elim                 START             5066331400 ( +0.00)    214748364.70 (   +0.00)             0 (       0)              
##>                                  END             5052984900 ( -0.26)    214748364.70 (   +0.00)             0 (       0)           0  
##>  fast_cse_elim                 START             5052984900 ( +0.00)    214748364.70 (   +0.00)             0 (       0)              
##>                                  END             5052984900 ( +0.00)    214748364.70 (   +0.00)             0 (       0)           0  
##>                                  END             5052984900 ( -0.26)    214748364.70 (   +0.00)             0 (       0)           0  
##> dpopt_share_one_def            START             5052984900 ( +0.00)    214748364.70 (   +0.00)             0 (       0)              
##>                                  END             5052984900 ( +0.00)    214748364.70 (   +0.00)             0 (       0)           0  
##> csa_opto                       START             5052984900 ( +0.00)    214748364.70 (   +0.00)             0 (       0)              
##>                                  END             5052984900 ( +0.00)    214748364.70 (   +0.00)             0 (       0)           0  
##>                                  END             5052984900 ( -0.26)    214748364.70 (   +0.00)             0 (       0)           0  
##>context_based_simplify          START             5050315600 ( -0.05)    214748364.70 (   +0.00)             0 (       0)              
##>                                  END             5048980950 ( -0.03)    214748364.70 (   +0.00)             0 (       0)           0  
##>group_csa_final_adder_dp        START             5048980950 ( +0.00)    214748364.70 (   +0.00)             0 (       0)              
##>                                  END             5048980950 ( +0.00)    214748364.70 (   +0.00)             0 (       0)           0  
##>dpopt_flatten_critical_muxes_i  START             5048980950 ( +0.00)    214748364.70 (   +0.00)             0 (       0)              
##>                                  END             5048980950 ( +0.00)    214748364.70 (   +0.00)             0 (       0)           0  
##>speculate_in_gdef               START             5048980950 ( +0.00)    214748364.70 (   +0.00)             0 (       0)              
##> pre_speculate_mux_merge        START             5048980950 ( +0.00)    214748364.70 (   +0.00)             0 (       0)              
##>                                  END             5048980950 ( +0.00)    214748364.70 (   +0.00)             0 (       0)           0  
##>                                  END             5048980950 ( +0.00)    214748364.70 (   +0.00)             0 (       0)           0  
##>create_score                    START             5048980950 ( +0.00)     3517.00 (-214744847.70)             0 (       0)              
##>                                  END             5048980950 ( +0.00)     3517.00 (   +0.00)             0 (       0)           0  
##>+------------------------------------------------------------------------------------------------------------------------------------------------------------+
Committed config: CDN_DP_region_9_3_c6
Info    : Done implementing datapath configurations. [DPOPT-4]
        : Selected 'very_fast' configuration 6 for module 'CDN_DP_region_9_3'.
          Optimizations applied to 'very_fast' configuration:
            rewriting(0), factoring(0), sharing(1), cmultcse(0), downsizing(0), speculation(0)
Info    : Implementing datapath configurations. [DPOPT-3]
        : Implementing datapath configurations for 'CDN_DP_region_10_7'
CSAGen Prep Share:0 Re-Write:0 Speculation: 0
MaxCSA: Successfully built Maximal CSA Expression Expr1
MaxCSA: Successfully built Maximal CSA Expression Expr2
MaxCSA: Successfully built Maximal CSA Expression Expr3
MaxCSA: Successfully built Maximal CSA Expression Expr4
MaxCSA: Successfully built Maximal CSA Expression Expr5
Info    : Accepted resource sharing opportunity. [RTLOPT-30]
        : Merged the following sets of instances in 'CDN_DP_region_10_7_c7 in vproc_mul_MUL_OP_W32_MUL_TYPE0_CTRL_Ttype_8_ctrl_t_671_27_DONT_CARE_ZERO1':
	  (SUB_TC_OP32, ADD_TC_OP33)
	  (ADD_TC_OP31, SUB_TC_OP30)
	  (ADD_TC_OP, SUB_TC_OP)
	  (ADD_TC_OP29, SUB_TC_OP28)

Info    : Accepted resource sharing opportunity. [RTLOPT-30]
        : Merged the following sets of instances in 'CDN_DP_region_10_7_c1 in vproc_mul_MUL_OP_W32_MUL_TYPE0_CTRL_Ttype_8_ctrl_t_671_27_DONT_CARE_ZERO1':
	  (genblk5[3].mul_block_sub_70_59, genblk5[3].mul_block_add_70_84)
	  (genblk5[2].mul_block_add_70_84, genblk5[2].mul_block_sub_70_59)
	  (genblk5[0].mul_block_add_70_84, genblk5[0].mul_block_sub_70_59)
	  (genblk5[1].mul_block_add_70_84, genblk5[1].mul_block_sub_70_59)

Info    : Accepted resource sharing opportunity. [RTLOPT-30]
        : Merged the following sets of instances in 'CDN_DP_region_10_7_c2 in vproc_mul_MUL_OP_W32_MUL_TYPE0_CTRL_Ttype_8_ctrl_t_671_27_DONT_CARE_ZERO1':
	  (genblk5[3].mul_block_sub_70_59, genblk5[3].mul_block_add_70_84)
	  (genblk5[2].mul_block_add_70_84, genblk5[2].mul_block_sub_70_59)
	  (genblk5[0].mul_block_add_70_84, genblk5[0].mul_block_sub_70_59)
	  (genblk5[1].mul_block_add_70_84, genblk5[1].mul_block_sub_70_59)

Info    : Accepted resource sharing opportunity. [RTLOPT-30]
        : Merged the following sets of instances in 'CDN_DP_region_10_7_c3 in vproc_mul_MUL_OP_W32_MUL_TYPE0_CTRL_Ttype_8_ctrl_t_671_27_DONT_CARE_ZERO1':
	  (genblk5[3].mul_block_sub_70_59, genblk5[3].mul_block_add_70_84)
	  (genblk5[2].mul_block_add_70_84, genblk5[2].mul_block_sub_70_59)
	  (genblk5[0].mul_block_add_70_84, genblk5[0].mul_block_sub_70_59)
	  (genblk5[1].mul_block_add_70_84, genblk5[1].mul_block_sub_70_59)

Info    : Accepted resource sharing opportunity. [RTLOPT-30]
        : Merged the following sets of instances in 'CDN_DP_region_10_7_c4 in vproc_mul_MUL_OP_W32_MUL_TYPE0_CTRL_Ttype_8_ctrl_t_671_27_DONT_CARE_ZERO1':
	  (genblk5[3].mul_block_sub_70_59, genblk5[3].mul_block_add_70_84)
	  (genblk5[2].mul_block_add_70_84, genblk5[2].mul_block_sub_70_59)
	  (genblk5[0].mul_block_add_70_84, genblk5[0].mul_block_sub_70_59)
	  (genblk5[1].mul_block_add_70_84, genblk5[1].mul_block_sub_70_59)

Info    : Accepted resource sharing opportunity. [RTLOPT-30]
        : Merged the following sets of instances in 'CDN_DP_region_10_7_c5 in vproc_mul_MUL_OP_W32_MUL_TYPE0_CTRL_Ttype_8_ctrl_t_671_27_DONT_CARE_ZERO1':
	  (genblk5[3].mul_block_sub_70_59, genblk5[3].mul_block_add_70_84)
	  (genblk5[2].mul_block_add_70_84, genblk5[2].mul_block_sub_70_59)
	  (genblk5[0].mul_block_add_70_84, genblk5[0].mul_block_sub_70_59)
	  (genblk5[1].mul_block_add_70_84, genblk5[1].mul_block_sub_70_59)

Info    : Accepted resource sharing opportunity. [RTLOPT-30]
        : Merged the following sets of instances in 'CDN_DP_region_10_7_c6 in vproc_mul_MUL_OP_W32_MUL_TYPE0_CTRL_Ttype_8_ctrl_t_671_27_DONT_CARE_ZERO1':
	  (genblk5[2].mul_block_sub_70_59, genblk5[2].mul_block_add_70_84)
	  (genblk5[3].mul_block_add_70_84, genblk5[3].mul_block_sub_70_59)
	  (genblk5[0].mul_block_add_70_84, genblk5[0].mul_block_sub_70_59)
	  (genblk5[1].mul_block_add_70_84, genblk5[1].mul_block_sub_70_59)

CDN_DP_region_10_7 level = 0 loads = 0 drivers = 0
CDN_DP_region_10_7_c0 in vproc_mul_MUL_OP_W32_MUL_TYPE0_CTRL_Ttype_8_ctrl_t_671_27_DONT_CARE_ZERO1: area: 11444623750 ,dp = 15 mux = 12 sg = slow         worst_clk_period: -1.0000 
    wns: 0  norm_wns:  -1.0000 
    fail_endp: -1 
    tns:  0  tns_per_endp:  -1.0000   norm_tns_per_endp:  -1.0000 
    tns_sense_max:  -1.0000  tns_sense_avg:  -1.0000   tns_sense_num: -1
 skipped
CDN_DP_region_10_7_c1 in vproc_mul_MUL_OP_W32_MUL_TYPE0_CTRL_Ttype_8_ctrl_t_671_27_DONT_CARE_ZERO1: area: 7728958150 ,dp = 7 mux = 10 sg = fast         worst_clk_period: -1.0000 
    wns: 0  norm_wns:  -1.0000 
    fail_endp: -1 
    tns:  0  tns_per_endp:  -1.0000   norm_tns_per_endp:  -1.0000 
    tns_sense_max:  -1.0000  tns_sense_avg:  -1.0000   tns_sense_num: -1
 is current best
CDN_DP_region_10_7_c2 in vproc_mul_MUL_OP_W32_MUL_TYPE0_CTRL_Ttype_8_ctrl_t_671_27_DONT_CARE_ZERO1: area: 7728958150 ,dp = 7 mux = 10 sg = very_slow    worst_clk_period: -1.0000 
    wns: 0  norm_wns:  -1.0000 
    fail_endp: -1 
    tns:  0  tns_per_endp:  -1.0000   norm_tns_per_endp:  -1.0000 
    tns_sense_max:  -1.0000  tns_sense_avg:  -1.0000   tns_sense_num: -1
 is current best
CDN_DP_region_10_7_c3 in vproc_mul_MUL_OP_W32_MUL_TYPE0_CTRL_Ttype_8_ctrl_t_671_27_DONT_CARE_ZERO1: area: 7728958150 ,dp = 7 mux = 10 sg = very_fast    worst_clk_period: -1.0000 
    wns: 0  norm_wns:  -1.0000 
    fail_endp: -1 
    tns:  0  tns_per_endp:  -1.0000   norm_tns_per_endp:  -1.0000 
    tns_sense_max:  -1.0000  tns_sense_avg:  -1.0000   tns_sense_num: -1
 is current best
CDN_DP_region_10_7_c4 in vproc_mul_MUL_OP_W32_MUL_TYPE0_CTRL_Ttype_8_ctrl_t_671_27_DONT_CARE_ZERO1: area: 7728958150 ,dp = 7 mux = 10 sg = very_fast    worst_clk_period: -1.0000 
    wns: 0  norm_wns:  -1.0000 
    fail_endp: -1 
    tns:  0  tns_per_endp:  -1.0000   norm_tns_per_endp:  -1.0000 
    tns_sense_max:  -1.0000  tns_sense_avg:  -1.0000   tns_sense_num: -1
 is current best
CDN_DP_region_10_7_c5 in vproc_mul_MUL_OP_W32_MUL_TYPE0_CTRL_Ttype_8_ctrl_t_671_27_DONT_CARE_ZERO1: area: 7728958150 ,dp = 7 mux = 10 sg = very_fast    worst_clk_period: -1.0000 
    wns: 0  norm_wns:  -1.0000 
    fail_endp: -1 
    tns:  0  tns_per_endp:  -1.0000   norm_tns_per_endp:  -1.0000 
    tns_sense_max:  -1.0000  tns_sense_avg:  -1.0000   tns_sense_num: -1
 is current best
CDN_DP_region_10_7_c6 in vproc_mul_MUL_OP_W32_MUL_TYPE0_CTRL_Ttype_8_ctrl_t_671_27_DONT_CARE_ZERO1: area: 7728958150 ,dp = 7 mux = 10 sg = very_fast    worst_clk_period: -1.0000 
    wns: 0  norm_wns:  -1.0000 
    fail_endp: -1 
    tns:  0  tns_per_endp:  -1.0000   norm_tns_per_endp:  -1.0000 
    tns_sense_max:  -1.0000  tns_sense_avg:  -1.0000   tns_sense_num: -1
 is current best
CDN_DP_region_10_7_c7 in vproc_mul_MUL_OP_W32_MUL_TYPE0_CTRL_Ttype_8_ctrl_t_671_27_DONT_CARE_ZERO1: area: 8954166850 ,dp = 7 mux = 10 sg = very_fast    worst_clk_period: -1.0000 
    wns: 0  norm_wns:  -1.0000 
    fail_endp: -1 
    tns:  0  tns_per_endp:  -1.0000   norm_tns_per_endp:  -1.0000 
    tns_sense_max:  -1.0000  tns_sense_avg:  -1.0000   tns_sense_num: -1

Best config: CDN_DP_region_10_7_c6 in vproc_mul_MUL_OP_W32_MUL_TYPE0_CTRL_Ttype_8_ctrl_t_671_27_DONT_CARE_ZERO1: area: 7728958150 ,dp = 7 mux = 10 sg = very_fast    worst_clk_period: -1.0000 
    wns: 0  norm_wns:  -1.0000 
    fail_endp: -1 
    tns:  0  tns_per_endp:  -1.0000   norm_tns_per_endp:  -1.0000 
    tns_sense_max:  -1.0000  tns_sense_avg:  -1.0000   tns_sense_num: -1
  Smallest config area : 7728958150.  Fastest config wns;  0
##>+----------------------------------------------------------------------------------------------------------------------------------------------------------------+
##>Summary table of configs (Best config is CDN_DP_region_10_7_c6)
##>+----------------------------------------------------------------------------------------------------------------------------------------------------------------+
##>                     0                  1                  2                  3                  4                  5                  6                  7            
##>+----------------------------------------------------------------------------------------------------------------------------------------------------------------+
##>           Area      11444623750         7728958150         7728958150         7728958150         7728958150         7728958150         7728958150         8954166850  
##>            WNS         +7857.40           +8382.80           +8382.80           +8382.80           +8382.80           +8382.80           +8381.00           +8371.40  
##>            TNS                0                  0                  0                  0                  0                  0                  0                  0  
##>    Num Rewrite                0                  1                  1                  1                  1                  1                  1                  0  
##>     Num Factor                0                  0                  0                  0                  0                  0                  0                  0  
##>      Num Share                0                  4                  4                  4                  4                  4                  4                  4  
##>   Num CmultCse                0                  0                  0                  0                  0                  0                  0                  0  
##>   Num Downsize                0                  0                  0                  0                  0                  0                  0                  0  
##>  Num Speculate                0                  0                  0                  0                  0                  0                  0                  0  
##>     Runtime(s)                0                 20                 20                 20                 20                 20                 20                 30  
+----------------------------------------------------------------------------------------------------------------------------------------------------------------+
##>
##>
##>+------------------------------------------------------------------------------------------------------------------------------------------------------------+
##>Optimization Step DEBUG Table for config CDN_DP_region_10_7_c6
##>
##>                          Step                        Area   ( % Chg)        WNS (Change)        TNS (Change)          Runtime (s)        Comment                   
##>+------------------------------------------------------------------------------------------------------------------------------------------------------------+
##>createMaxCarrySave              START            11444623750 (      )    107382039.80 (        )             0 (        )              
##> datapath_rewrite_one_def       START            11444623750 ( +0.00)    107382039.80 (   +0.00)             0 (       0)              
##>  fast_cse_elim                 START            11444623750 ( +0.00)    107382039.80 (   +0.00)             0 (       0)              
##>                                  END            11411257500 ( -0.29)    107382039.80 (   +0.00)             0 (       0)           0  
##>  fast_cse_elim                 START            11411257500 ( +0.00)    107382039.80 (   +0.00)             0 (       0)              
##>                                  END            11411257500 ( +0.00)    107382039.80 (   +0.00)             0 (       0)           0  
##>                                  END            11411257500 ( -0.29)    107382039.80 (   +0.00)             0 (       0)           0  
##> dpopt_share_one_def            START            11411257500 ( +0.00)    107382039.80 (   +0.00)             0 (       0)              
##>                                  END             8968848000 (-21.40)    107381910.10 ( -129.70)             0 (       0)          19  
##> csa_opto                       START             8968848000 ( +0.00)    214748364.70 (+107366454.60)             0 (       0)              
##>                                  END             8308196250 ( -7.37)    214748364.70 (   +0.00)             0 (       0)           0  
##>                                  END             8308196250 (-27.41)    214748364.70 (+107366324.90)             0 (       0)          20  
##>canonicalize_by_names           START             8308196250 ( +0.00)    214748364.70 (   +0.00)             0 (       0)              
##>                                  END             8308196250 ( +0.00)    214748364.70 (   +0.00)             0 (       0)           0  
##>datapath_rewrite_post_csa_one_  START             8308196250 ( +0.00)    214748364.70 (   +0.00)             0 (       0)              
##> rewrite                        START             8308196250 ( +0.00)    214748364.70 (   +0.00)             0 (       0)              (a,ar) csa_add_and_inc_v2 --> csa_add_ci
##>                                  END             7739635350 ( -6.84)    214748364.70 (   +0.00)             0 (       0)           0  
##>                                  END             7739635350 ( -6.84)    214748364.70 (   +0.00)             0 (       0)           0  
##>datapath_csa_factoring_one_gde  START             7739635350 ( +0.00)    214748364.70 (   +0.00)             0 (       0)              
##>                                  END             7739635350 ( +0.00)    214748364.70 (   +0.00)             0 (       0)           0  
##>dpopt_share_one_def             START             7739635350 ( +0.00)    214748364.70 (   +0.00)             0 (       0)              
##>                                  END             7739635350 ( +0.00)    214748364.70 (   +0.00)             0 (       0)           0  
##>datapath_rewrite_post_share     START             7739635350 ( +0.00)    214748364.70 (   +0.00)             0 (       0)              
##>                                  END             7739635350 ( +0.00)    214748364.70 (   +0.00)             0 (       0)           0  
##>dp_combine_const_mult_with_com  START             7739635350 ( +0.00)    214748364.70 (   +0.00)             0 (       0)              
##>                                  END             7739635350 ( +0.00)    214748364.70 (   +0.00)             0 (       0)           0  
##>speculate_in_gdef               START             7739635350 ( +0.00)    214748364.70 (   +0.00)             0 (       0)              
##> pre_speculate_mux_merge        START             7739635350 ( +0.00)    214748364.70 (   +0.00)             0 (       0)              
##>                                  END             7739635350 ( +0.00)    214748364.70 (   +0.00)             0 (       0)           0  
##>                                  END             7739635350 ( +0.00)    214748364.70 (   +0.00)             0 (       0)           0  
##>dp_operator_level_decompositio  START             7739635350 ( +0.00)    214748364.70 (   +0.00)             0 (       0)              
##>                                  END             7739635350 ( +0.00)    214748364.70 (   +0.00)             0 (       0)           0  
##>selective_flatten_dp_config     START             7739635350 ( +0.00)    214748364.70 (   +0.00)             0 (       0)              
##>                                  END             7739635350 ( +0.00)    214748364.70 (   +0.00)             0 (       0)           0  
##>createMaxCarrySave              START             7739635350 ( +0.00)    214748364.70 (   +0.00)             0 (       0)              
##> datapath_rewrite_one_def       START             7739635350 ( +0.00)    214748364.70 (   +0.00)             0 (       0)              
##>  fast_cse_elim                 START             7739635350 ( +0.00)    214748364.70 (   +0.00)             0 (       0)              
##>                                  END             7728958150 ( -0.14)    214748364.70 (   +0.00)             0 (       0)           0  
##>  fast_cse_elim                 START             7728958150 ( +0.00)    214748364.70 (   +0.00)             0 (       0)              
##>                                  END             7728958150 ( +0.00)    214748364.70 (   +0.00)             0 (       0)           0  
##>                                  END             7728958150 ( -0.14)    214748364.70 (   +0.00)             0 (       0)           0  
##> dpopt_share_one_def            START             7728958150 ( +0.00)    214748364.70 (   +0.00)             0 (       0)              
##>                                  END             7728958150 ( +0.00)    214748364.70 (   +0.00)             0 (       0)           0  
##> csa_opto                       START             7728958150 ( +0.00)    214748364.70 (   +0.00)             0 (       0)              
##>                                  END             7728958150 ( +0.00)    214748364.70 (   +0.00)             0 (       0)           0  
##>                                  END             7728958150 ( -0.14)    214748364.70 (   +0.00)             0 (       0)           0  
##>datapath_rewrite_post_csa_one_  START             7728958150 ( +0.00)    214748364.70 (   +0.00)             0 (       0)              
##>                                  END             7728958150 ( +0.00)    214748364.70 (   +0.00)             0 (       0)           0  
##>datapath_csa_factoring_one_gde  START             7728958150 ( +0.00)    214748364.70 (   +0.00)             0 (       0)              
##>                                  END             7728958150 ( +0.00)    214748364.70 (   +0.00)             0 (       0)           0  
##>dpopt_share_one_def             START             7728958150 ( +0.00)    214748364.70 (   +0.00)             0 (       0)              
##>                                  END             7728958150 ( +0.00)    214748364.70 (   +0.00)             0 (       0)           0  
##>datapath_rewrite_post_share     START             7728958150 ( +0.00)    214748364.70 (   +0.00)             0 (       0)              
##>                                  END             7728958150 ( +0.00)    214748364.70 (   +0.00)             0 (       0)           0  
##>dp_combine_const_mult_with_com  START             7728958150 ( +0.00)    214748364.70 (   +0.00)             0 (       0)              
##>                                  END             7728958150 ( +0.00)    214748364.70 (   +0.00)             0 (       0)           0  
##>speculate_in_gdef               START             7728958150 ( +0.00)    214748364.70 (   +0.00)             0 (       0)              
##> pre_speculate_mux_merge        START             7728958150 ( +0.00)    214748364.70 (   +0.00)             0 (       0)              
##>                                  END             7728958150 ( +0.00)    214748364.70 (   +0.00)             0 (       0)           0  
##>                                  END             7728958150 ( +0.00)    214748364.70 (   +0.00)             0 (       0)           0  
##>dp_operator_level_decompositio  START             7728958150 ( +0.00)    214748364.70 (   +0.00)             0 (       0)              
##>                                  END             7728958150 ( +0.00)    214748364.70 (   +0.00)             0 (       0)           0  
##>selective_flatten_dp_config     START             7728958150 ( +0.00)    214748364.70 (   +0.00)             0 (       0)              
##>                                  END             7728958150 ( +0.00)    214748364.70 (   +0.00)             0 (       0)           0  
##>createMaxCarrySave              START             7728958150 ( +0.00)    214748364.70 (   +0.00)             0 (       0)              
##> datapath_rewrite_one_def       START             7728958150 ( +0.00)    214748364.70 (   +0.00)             0 (       0)              
##>  fast_cse_elim                 START             7728958150 ( +0.00)    214748364.70 (   +0.00)             0 (       0)              
##>                                  END             7728958150 ( +0.00)    214748364.70 (   +0.00)             0 (       0)           0  
##>  fast_cse_elim                 START             7728958150 ( +0.00)    214748364.70 (   +0.00)             0 (       0)              
##>                                  END             7728958150 ( +0.00)    214748364.70 (   +0.00)             0 (       0)           0  
##>                                  END             7728958150 ( +0.00)    214748364.70 (   +0.00)             0 (       0)           0  
##> dpopt_share_one_def            START             7728958150 ( +0.00)    214748364.70 (   +0.00)             0 (       0)              
##>                                  END             7728958150 ( +0.00)    214748364.70 (   +0.00)             0 (       0)           0  
##> csa_opto                       START             7728958150 ( +0.00)    214748364.70 (   +0.00)             0 (       0)              
##>                                  END             7728958150 ( +0.00)    214748364.70 (   +0.00)             0 (       0)           0  
##>                                  END             7728958150 ( +0.00)    214748364.70 (   +0.00)             0 (       0)           0  
##>context_based_simplify          START             7728958150 ( +0.00)    214748364.70 (   +0.00)             0 (       0)              
##>                                  END             7728958150 ( +0.00)    214748364.70 (   +0.00)             0 (       0)           0  
##>group_csa_final_adder_dp        START             7728958150 ( +0.00)    214748364.70 (   +0.00)             0 (       0)              
##>                                  END             9273148200 (+19.98)    214748364.70 (   +0.00)             0 (       0)           0  
##>dpopt_flatten_critical_muxes_i  START             9273148200 ( +0.00)    214748364.70 (   +0.00)             0 (       0)              
##>                                  END             9273148200 ( +0.00)    214748364.70 (   +0.00)             0 (       0)           0  
##>speculate_in_gdef               START             9273148200 ( +0.00)    214748364.70 (   +0.00)             0 (       0)              
##> pre_speculate_mux_merge        START             9273148200 ( +0.00)    214748364.70 (   +0.00)             0 (       0)              
##>                                  END             9273148200 ( +0.00)    214748364.70 (   +0.00)             0 (       0)           0  
##>                                  END             9273148200 ( +0.00)    214748364.70 (   +0.00)             0 (       0)           0  
##>create_score                    START             7728958150 (-16.65)     8381.00 (-214739983.70)             0 (       0)              
##>                                  END             7728958150 ( +0.00)     8381.00 (   +0.00)             0 (       0)           0  
##>+------------------------------------------------------------------------------------------------------------------------------------------------------------+
Committed config: CDN_DP_region_10_7_c6
Info    : Done implementing datapath configurations. [DPOPT-4]
        : Selected 'very_fast' configuration 6 for module 'CDN_DP_region_10_7'.
          Optimizations applied to 'very_fast' configuration:
            rewriting(1), factoring(0), sharing(4), cmultcse(0), downsizing(0), speculation(0)
Info    : Implementing datapath configurations. [DPOPT-3]
        : Implementing datapath configurations for 'CDN_DP_region_9_2'
CSAGen Prep Share:0 Re-Write:0 Speculation: 0
CDN_DP_region_9_2 level = 0 loads = 0 drivers = 0
CDN_DP_region_9_2_c0 in rv32im_top: area: 1888529750 ,dp = 19 mux = 15 sg = slow         worst_clk_period: -1.0000 
    wns: 0  norm_wns:  -1.0000 
    fail_endp: -1 
    tns:  0  tns_per_endp:  -1.0000   norm_tns_per_endp:  -1.0000 
    tns_sense_max:  -1.0000  tns_sense_avg:  -1.0000   tns_sense_num: -1
 skipped
CDN_DP_region_9_2_c1 in rv32im_top: area: 1751060800 ,dp = 2 mux = 15 sg = fast         worst_clk_period: -1.0000 
    wns: 0  norm_wns:  -1.0000 
    fail_endp: -1 
    tns:  0  tns_per_endp:  -1.0000   norm_tns_per_endp:  -1.0000 
    tns_sense_max:  -1.0000  tns_sense_avg:  -1.0000   tns_sense_num: -1
 is current best
CDN_DP_region_9_2_c2 in rv32im_top: area: 1751060800 ,dp = 2 mux = 15 sg = very_slow    worst_clk_period: -1.0000 
    wns: 0  norm_wns:  -1.0000 
    fail_endp: -1 
    tns:  0  tns_per_endp:  -1.0000   norm_tns_per_endp:  -1.0000 
    tns_sense_max:  -1.0000  tns_sense_avg:  -1.0000   tns_sense_num: -1
 is current best
CDN_DP_region_9_2_c3 in rv32im_top: area: 1751060800 ,dp = 2 mux = 15 sg = very_fast    worst_clk_period: -1.0000 
    wns: 0  norm_wns:  -1.0000 
    fail_endp: -1 
    tns:  0  tns_per_endp:  -1.0000   norm_tns_per_endp:  -1.0000 
    tns_sense_max:  -1.0000  tns_sense_avg:  -1.0000   tns_sense_num: -1
 is current best
CDN_DP_region_9_2_c4 in rv32im_top: area: 1751060800 ,dp = 2 mux = 15 sg = very_fast    worst_clk_period: -1.0000 
    wns: 0  norm_wns:  -1.0000 
    fail_endp: -1 
    tns:  0  tns_per_endp:  -1.0000   norm_tns_per_endp:  -1.0000 
    tns_sense_max:  -1.0000  tns_sense_avg:  -1.0000   tns_sense_num: -1
 is current best
CDN_DP_region_9_2_c5 in rv32im_top: area: 1751060800 ,dp = 2 mux = 15 sg = very_fast    worst_clk_period: -1.0000 
    wns: 0  norm_wns:  -1.0000 
    fail_endp: -1 
    tns:  0  tns_per_endp:  -1.0000   norm_tns_per_endp:  -1.0000 
    tns_sense_max:  -1.0000  tns_sense_avg:  -1.0000   tns_sense_num: -1
 is current best
CDN_DP_region_9_2_c6 in rv32im_top: area: 1751060800 ,dp = 2 mux = 15 sg = very_fast    worst_clk_period: -1.0000 
    wns: 0  norm_wns:  -1.0000 
    fail_endp: -1 
    tns:  0  tns_per_endp:  -1.0000   norm_tns_per_endp:  -1.0000 
    tns_sense_max:  -1.0000  tns_sense_avg:  -1.0000   tns_sense_num: -1
 is current best
CDN_DP_region_9_2_c7 in rv32im_top: area: 1751060800 ,dp = 2 mux = 15 sg = very_fast    worst_clk_period: -1.0000 
    wns: 0  norm_wns:  -1.0000 
    fail_endp: -1 
    tns:  0  tns_per_endp:  -1.0000   norm_tns_per_endp:  -1.0000 
    tns_sense_max:  -1.0000  tns_sense_avg:  -1.0000   tns_sense_num: -1
 is current best
Best config: CDN_DP_region_9_2_c7 in rv32im_top: area: 1751060800 ,dp = 2 mux = 15 sg = very_fast    worst_clk_period: -1.0000 
    wns: 0  norm_wns:  -1.0000 
    fail_endp: -1 
    tns:  0  tns_per_endp:  -1.0000   norm_tns_per_endp:  -1.0000 
    tns_sense_max:  -1.0000  tns_sense_avg:  -1.0000   tns_sense_num: -1
  Smallest config area : 1751060800.  Fastest config wns;  0
##>+----------------------------------------------------------------------------------------------------------------------------------------------------------------+
##>Summary table of configs (Best config is CDN_DP_region_9_2_c7)
##>+----------------------------------------------------------------------------------------------------------------------------------------------------------------+
##>                     0                  1                  2                  3                  4                  5                  6                  7            
##>+----------------------------------------------------------------------------------------------------------------------------------------------------------------+
##>           Area       1888529750         1751060800         1751060800         1751060800         1751060800         1751060800         1751060800         1751060800  
##>            WNS         +9335.60           +9332.90           +9332.90           +9332.90           +9332.90           +9332.90           +9332.90           +9332.90  
##>            TNS                0                  0                  0                  0                  0                  0                  0                  0  
##>    Num Rewrite                0                  0                  0                  0                  0                  0                  0                  0  
##>     Num Factor                0                  0                  0                  0                  0                  0                  0                  0  
##>      Num Share                0                  0                  0                  0                  0                  0                  0                  0  
##>   Num CmultCse                0                  0                  0                  0                  0                  0                  0                  0  
##>   Num Downsize                0                  0                  0                  0                  0                  0                  0                  0  
##>  Num Speculate                0                  0                  0                  0                  0                  0                  0                  0  
##>     Runtime(s)                0                  0                  0                  0                  0                  0                  0                  0  
+----------------------------------------------------------------------------------------------------------------------------------------------------------------+
##>
##>
##>+------------------------------------------------------------------------------------------------------------------------------------------------------------+
##>Optimization Step DEBUG Table for config CDN_DP_region_9_2_c7
##>
##>                          Step                        Area   ( % Chg)        WNS (Change)        TNS (Change)          Runtime (s)        Comment                   
##>+------------------------------------------------------------------------------------------------------------------------------------------------------------+
##>EquationExtraction              START             1888529750 (      )     9335.60 (        )             0 (        )              
##>                                  END             1888529750 ( +0.00)     9335.60 (   +0.00)             0 (       0)           0  
##>createMaxCarrySave              START             1888529750 ( +0.00)     9335.60 (   +0.00)             0 (       0)              
##> datapath_rewrite_one_def       START             1888529750 ( +0.00)     9335.60 (   +0.00)             0 (       0)              
##>                                  END             1888529750 ( +0.00)     9335.60 (   +0.00)             0 (       0)           0  
##> speculate_in_gdef              START             1888529750 ( +0.00)     9335.60 (   +0.00)             0 (       0)              
##>  pre_speculate_mux_merge       START             1888529750 ( +0.00)     9335.60 (   +0.00)             0 (       0)              
##>                                  END             1888529750 ( +0.00)     9335.60 (   +0.00)             0 (       0)           0  
##>                                  END             1888529750 ( +0.00)     9335.60 (   +0.00)             0 (       0)           0  
##> csa_opto                       START             1888529750 ( +0.00)     9335.60 (   +0.00)             0 (       0)              
##>                                  END             1888529750 ( +0.00)     9335.60 (   +0.00)             0 (       0)           0  
##>                                  END             1888529750 ( +0.00)     9335.60 (   +0.00)             0 (       0)           0  
##>canonicalize_by_names           START             1888529750 ( +0.00)     9335.60 (   +0.00)             0 (       0)              
##>                                  END             1888529750 ( +0.00)     9335.60 (   +0.00)             0 (       0)           0  
##>datapath_rewrite_post_csa_one_  START             1888529750 ( +0.00)     9335.60 (   +0.00)             0 (       0)              
##>                                  END             1888529750 ( +0.00)     9335.60 (   +0.00)             0 (       0)           0  
##>datapath_csa_factoring_one_gde  START             1888529750 ( +0.00)     9335.60 (   +0.00)             0 (       0)              
##>                                  END             1888529750 ( +0.00)     9335.60 (   +0.00)             0 (       0)           0  
##>dpopt_share_one_def             START             1888529750 ( +0.00)     9335.60 (   +0.00)             0 (       0)              
##>                                  END             1888529750 ( +0.00)     9335.60 (   +0.00)             0 (       0)           0  
##>datapath_rewrite_post_share     START             1888529750 ( +0.00)     9335.60 (   +0.00)             0 (       0)              
##>                                  END             1888529750 ( +0.00)     9335.60 (   +0.00)             0 (       0)           0  
##>dp_combine_const_mult_with_com  START             1888529750 ( +0.00)     9335.60 (   +0.00)             0 (       0)              
##>                                  END             1888529750 ( +0.00)     9335.60 (   +0.00)             0 (       0)           0  
##>speculate_in_gdef               START             1888529750 ( +0.00)     9335.60 (   +0.00)             0 (       0)              
##> pre_speculate_mux_merge        START             1888529750 ( +0.00)     9335.60 (   +0.00)             0 (       0)              
##>                                  END             1888529750 ( +0.00)     9335.60 (   +0.00)             0 (       0)           0  
##>                                  END             1888529750 ( +0.00)     9335.60 (   +0.00)             0 (       0)           0  
##>dp_operator_level_decompositio  START             1888529750 ( +0.00)     9335.60 (   +0.00)             0 (       0)              
##>                                  END             1888529750 ( +0.00)     9335.60 (   +0.00)             0 (       0)           0  
##>selective_flatten_dp_config     START             1888529750 ( +0.00)     9335.60 (   +0.00)             0 (       0)              
##>                                  END             1787096350 ( -5.37)     9332.90 (   -2.70)             0 (       0)           0  
##>createMaxCarrySave              START             1787096350 ( +0.00)     9332.90 (   +0.00)             0 (       0)              
##> datapath_rewrite_one_def       START             1787096350 ( +0.00)     9332.90 (   +0.00)             0 (       0)              
##>  fast_cse_elim                 START             1787096350 ( +0.00)     9332.90 (   +0.00)             0 (       0)              
##>                                  END             1751060800 ( -2.02)     9332.90 (   +0.00)             0 (       0)           0  
##>  fast_cse_elim                 START             1751060800 ( +0.00)     9332.90 (   +0.00)             0 (       0)              
##>                                  END             1751060800 ( +0.00)     9332.90 (   +0.00)             0 (       0)           0  
##>                                  END             1751060800 ( -2.02)     9332.90 (   +0.00)             0 (       0)           0  
##> speculate_in_gdef              START             1751060800 ( +0.00)     9332.90 (   +0.00)             0 (       0)              
##>  pre_speculate_mux_merge       START             1751060800 ( +0.00)     9332.90 (   +0.00)             0 (       0)              
##>                                  END             1751060800 ( +0.00)     9332.90 (   +0.00)             0 (       0)           0  
##>                                  END             1751060800 ( +0.00)     9332.90 (   +0.00)             0 (       0)           0  
##> csa_opto                       START             1751060800 ( +0.00)     9332.90 (   +0.00)             0 (       0)              
##>                                  END             1751060800 ( +0.00)     9332.90 (   +0.00)             0 (       0)           0  
##>                                  END             1751060800 ( -2.02)     9332.90 (   +0.00)             0 (       0)           0  
##>context_based_simplify          START             1751060800 ( +0.00)     9332.90 (   +0.00)             0 (       0)              
##>                                  END             1751060800 ( +0.00)     9332.90 (   +0.00)             0 (       0)           0  
##>group_csa_final_adder_dp        START             1751060800 ( +0.00)     9332.90 (   +0.00)             0 (       0)              
##>                                  END             1751060800 ( +0.00)     9332.90 (   +0.00)             0 (       0)           0  
##>dpopt_flatten_critical_muxes_i  START             1751060800 ( +0.00)     9332.90 (   +0.00)             0 (       0)              
##>                                  END             1751060800 ( +0.00)     9332.90 (   +0.00)             0 (       0)           0  
##>speculate_in_gdef               START             1751060800 ( +0.00)     9332.90 (   +0.00)             0 (       0)              
##> pre_speculate_mux_merge        START             1751060800 ( +0.00)     9332.90 (   +0.00)             0 (       0)              
##>                                  END             1751060800 ( +0.00)     9332.90 (   +0.00)             0 (       0)           0  
##>                                  END             1751060800 ( +0.00)     9332.90 (   +0.00)             0 (       0)           0  
##>create_score                    START             1751060800 ( +0.00)     9332.90 (   +0.00)             0 (       0)              
##>                                  END             1751060800 ( +0.00)     9332.90 (   +0.00)             0 (       0)           0  
##>+------------------------------------------------------------------------------------------------------------------------------------------------------------+
Committed config: CDN_DP_region_9_2_c7
Info    : Done implementing datapath configurations. [DPOPT-4]
        : Selected 'very_fast' configuration 7 for module 'CDN_DP_region_9_2'.
          Optimizations applied to 'very_fast' configuration:
            rewriting(0), factoring(0), sharing(0), cmultcse(0), downsizing(0), speculation(0)
Info    : Implementing datapath configurations. [DPOPT-3]
        : Implementing datapath configurations for 'CDN_DP_region_9_1'
CSAGen Prep Share:0 Re-Write:95 Speculation: 0
MaxCSA: Successfully built Maximal CSA Expression Expr6
MaxCSA: Successfully built Maximal CSA Expression Expr7
Info    : Accepted resource sharing opportunity. [RTLOPT-30]
        : Merged the following sets of instances in 'CDN_DP_region_9_1_c7 in rv32im_top':
	  (u_cpu_u_vicuna_wrapper_u_vicuna_genblk9[0].pipe_genblk2.pipeline_unit_mux_genblk1[1].genblk1.unit_genblk1.alu_sll_458_80_I1, u_cpu_u_vicuna_wrapper_u_vicuna_genblk9[0].pipe_genblk2.pipeline_unit_mux_genblk1[1].genblk1.unit_genblk1.alu_sll_438_80_I1, u_cpu_u_vicuna_wrapper_u_vicuna_genblk9[0].pipe_genblk2.pipeline_unit_mux_genblk1[1].genblk1.unit_genblk1.alu_sll_448_80_I2)

Info    : Accepted resource sharing opportunity. [RTLOPT-30]
        : Merged instances 'ADD_TC_OP374' and 'ADD_TC_OP_12' in 'CDN_DP_region_9_1_c7 in rv32im_top'.
Info    : Accepted resource sharing opportunity. [RTLOPT-30]
        : Merged instances 'ADD_TC_OP374_Y_ADD_TC_OP_12' and 'ADD_TC_OP_2' in 'CDN_DP_region_9_1_c7 in rv32im_top'.
Info    : Accepted resource sharing opportunity. [RTLOPT-30]
        : Merged instances 'ADD_TC_OP374_Y_ADD_TC_OP_12_Y_ADD_TC_OP_2' and 'ADD_TC_OP_13' in 'CDN_DP_region_9_1_c7 in rv32im_top'.
Info    : Accepted resource sharing opportunity. [RTLOPT-30]
        : Merged instances 'ADD_TC_OP374_Y_ADD_TC_OP_12_Y_ADD_TC_OP_2_Y_ADD_TC_OP_13' and 'ADD_TC_OP_14' in 'CDN_DP_region_9_1_c7 in rv32im_top'.
Info    : Accepted resource sharing opportunity. [RTLOPT-30]
        : Merged instances 'ADD_TC_OP374_Y_ADD_TC_OP_12_Y_ADD_TC_OP_2_Y_ADD_TC_OP_13_Y_ADD_TC_OP_14' and 'ADD_TC_OP_22' in 'CDN_DP_region_9_1_c7 in rv32im_top'.
Warning : Maximum message print count reached. [MESG-11]
        : Maximum print count of '20' reached for message 'RTLOPT-30'.
CDN_DP_region_9_1 level = 0 loads = 0 drivers = 0
CDN_DP_region_9_1_c0 in rv32im_top: area: 18003093850 ,dp = 156 mux = 112 sg = slow         worst_clk_period: -1.0000 
    wns: 0  norm_wns:  -1.0000 
    fail_endp: -1 
    tns:  0  tns_per_endp:  -1.0000   norm_tns_per_endp:  -1.0000 
    tns_sense_max:  -1.0000  tns_sense_avg:  -1.0000   tns_sense_num: -1
 skipped
CDN_DP_region_9_1_c1 in rv32im_top: area: 14996127400 ,dp = 114 mux = 115 sg = fast         worst_clk_period: -1.0000 
    wns: 0  norm_wns:  -1.0000 
    fail_endp: -1 
    tns:  0  tns_per_endp:  -1.0000   norm_tns_per_endp:  -1.0000 
    tns_sense_max:  -1.0000  tns_sense_avg:  -1.0000   tns_sense_num: -1
 is current best
CDN_DP_region_9_1_c2 in rv32im_top: area: 14996127400 ,dp = 114 mux = 115 sg = very_slow    worst_clk_period: -1.0000 
    wns: 0  norm_wns:  -1.0000 
    fail_endp: -1 
    tns:  0  tns_per_endp:  -1.0000   norm_tns_per_endp:  -1.0000 
    tns_sense_max:  -1.0000  tns_sense_avg:  -1.0000   tns_sense_num: -1
 is current best
CDN_DP_region_9_1_c3 in rv32im_top: area: 14996127400 ,dp = 114 mux = 115 sg = very_fast    worst_clk_period: -1.0000 
    wns: 0  norm_wns:  -1.0000 
    fail_endp: -1 
    tns:  0  tns_per_endp:  -1.0000   norm_tns_per_endp:  -1.0000 
    tns_sense_max:  -1.0000  tns_sense_avg:  -1.0000   tns_sense_num: -1
 is current best
CDN_DP_region_9_1_c4 in rv32im_top: area: 14996127400 ,dp = 114 mux = 115 sg = very_fast    worst_clk_period: -1.0000 
    wns: 0  norm_wns:  -1.0000 
    fail_endp: -1 
    tns:  0  tns_per_endp:  -1.0000   norm_tns_per_endp:  -1.0000 
    tns_sense_max:  -1.0000  tns_sense_avg:  -1.0000   tns_sense_num: -1
 is current best
CDN_DP_region_9_1_c5 in rv32im_top: area: 14996127400 ,dp = 114 mux = 115 sg = very_fast    worst_clk_period: -1.0000 
    wns: 0  norm_wns:  -1.0000 
    fail_endp: -1 
    tns:  0  tns_per_endp:  -1.0000   norm_tns_per_endp:  -1.0000 
    tns_sense_max:  -1.0000  tns_sense_avg:  -1.0000   tns_sense_num: -1
 is current best
CDN_DP_region_9_1_c6 in rv32im_top: area: 15073537100 ,dp = 114 mux = 116 sg = very_fast    worst_clk_period: -1.0000 
    wns: 0  norm_wns:  -1.0000 
    fail_endp: -1 
    tns:  0  tns_per_endp:  -1.0000   norm_tns_per_endp:  -1.0000 
    tns_sense_max:  -1.0000  tns_sense_avg:  -1.0000   tns_sense_num: -1

CDN_DP_region_9_1_c7 in rv32im_top: area: 16546990700 ,dp = 103 mux = 120 sg = very_fast    worst_clk_period: -1.0000 
    wns: 0  norm_wns:  -1.0000 
    fail_endp: -1 
    tns:  0  tns_per_endp:  -1.0000   norm_tns_per_endp:  -1.0000 
    tns_sense_max:  -1.0000  tns_sense_avg:  -1.0000   tns_sense_num: -1

Best config: CDN_DP_region_9_1_c5 in rv32im_top: area: 14996127400 ,dp = 114 mux = 115 sg = very_fast    worst_clk_period: -1.0000 
    wns: 0  norm_wns:  -1.0000 
    fail_endp: -1 
    tns:  0  tns_per_endp:  -1.0000   norm_tns_per_endp:  -1.0000 
    tns_sense_max:  -1.0000  tns_sense_avg:  -1.0000   tns_sense_num: -1
  Smallest config area : 14996127400.  Fastest config wns;  0
##>+----------------------------------------------------------------------------------------------------------------------------------------------------------------+
##>Summary table of configs (Best config is CDN_DP_region_9_1_c5)
##>+----------------------------------------------------------------------------------------------------------------------------------------------------------------+
##>                     0                  1                  2                  3                  4                  5                  6                  7            
##>+----------------------------------------------------------------------------------------------------------------------------------------------------------------+
##>           Area      18003093850        14996127400        14996127400        14996127400        14996127400        14996127400        15073537100        16546990700  
##>            WNS         +7384.20           +7338.30           +7338.30           +7338.30           +7338.30           +7338.30           +7338.30           +7284.30  
##>            TNS                0                  0                  0                  0                  0                  0                  0                  0  
##>    Num Rewrite                0                  7                  7                  7                  7                  7                  7                101  
##>     Num Factor                0                  0                  0                  0                  0                  0                  0                  0  
##>      Num Share                0                  6                  6                  6                  6                  6                  6                 18  
##>   Num CmultCse                0                  0                  0                  0                  0                  0                  0                  0  
##>   Num Downsize                0                  0                  0                  0                  0                  0                  0                  0  
##>  Num Speculate                0                  0                  0                  0                  0                  0                  0                  0  
##>     Runtime(s)                0                  4                  4                  4                  4                  4                  5                 10  
+----------------------------------------------------------------------------------------------------------------------------------------------------------------+
##>
##>
##>+------------------------------------------------------------------------------------------------------------------------------------------------------------+
##>Optimization Step DEBUG Table for config CDN_DP_region_9_1_c5
##>
##>                          Step                        Area   ( % Chg)        WNS (Change)        TNS (Change)          Runtime (s)        Comment                   
##>+------------------------------------------------------------------------------------------------------------------------------------------------------------+
##>createMaxCarrySave              START            18003093850 (      )     7384.20 (        )             0 (        )              
##> datapath_rewrite_one_def       START            18003093850 ( +0.00)     7384.20 (   +0.00)             0 (       0)              
##>  rewrite                       START            18003093850 ( +0.00)     7384.20 (   +0.00)             0 (       0)              (a,ar) unsigned_rounding_v0 --> unsigned_rounding_v2
##>                                  END            18012436400 ( +0.05)     7384.20 (   +0.00)             0 (       0)           0  
##>  rewrite                       START            18012436400 ( +0.00)     7384.20 (   +0.00)             0 (       0)              (a,ar) unsigned_rounding_v0 --> unsigned_rounding_v2
##>                                  END            18021778950 ( +0.05)     7384.20 (   +0.00)             0 (       0)           0  
##>  rewrite                       START            18021778950 ( +0.00)     7384.20 (   +0.00)             0 (       0)              (a,ar) unsigned_rounding_v0 --> unsigned_rounding_v2
##>                                  END            18031121500 ( +0.05)     7384.20 (   +0.00)             0 (       0)           0  
##>  rewrite                       START            18031121500 ( +0.00)     7384.20 (   +0.00)             0 (       0)              (a,ar) unsigned_rounding_v0 --> unsigned_rounding_v2
##>                                  END            18040464050 ( +0.05)     7384.20 (   +0.00)             0 (       0)           0  
##>  rewrite                       START            18040464050 ( +0.00)     7384.20 (   +0.00)             0 (       0)              (a,ar) unsigned_rounding_v0 --> unsigned_rounding_v2
##>                                  END            18051141250 ( +0.06)     7384.20 (   +0.00)             0 (       0)           0  
##>  rewrite                       START            18051141250 ( +0.00)     7384.20 (   +0.00)             0 (       0)              (a,ar) unsigned_rounding_v0 --> unsigned_rounding_v2
##>                                  END            18061818450 ( +0.06)     7384.20 (   +0.00)             0 (       0)           0  
##>  rewrite                       START            18061818450 ( +0.00)     7384.20 (   +0.00)             0 (       0)              (a,ar) unsigned_rounding_v0 --> unsigned_rounding_v2
##>                                  END            18076499600 ( +0.08)     7384.20 (   +0.00)             0 (       0)           0  
##>  fast_cse_elim                 START            18076499600 ( +0.00)     7384.20 (   +0.00)             0 (       0)              
##>                                  END            17876302100 ( -1.11)     7384.20 (   +0.00)             0 (       0)           0  
##>  fast_cse_elim                 START            17876302100 ( +0.00)     7384.20 (   +0.00)             0 (       0)              
##>                                  END            17876302100 ( +0.00)     7384.20 (   +0.00)             0 (       0)           0  
##>  fast_cse_elim                 START            17876302100 ( +0.00)     7384.20 (   +0.00)             0 (       0)              
##>                                  END            17876302100 ( +0.00)     7384.20 (   +0.00)             0 (       0)           0  
##>  fast_cse_elim                 START            17876302100 ( +0.00)     7384.20 (   +0.00)             0 (       0)              
##>                                  END            17876302100 ( +0.00)     7384.20 (   +0.00)             0 (       0)           0  
##>                                  END            17876302100 ( -0.70)     7384.20 (   +0.00)             0 (       0)           0  
##> speculate_in_gdef              START            17876302100 ( +0.00)     7384.20 (   +0.00)             0 (       0)              
##>  pre_speculate_mux_merge       START            17876302100 ( +0.00)     7384.20 (   +0.00)             0 (       0)              
##>                                  END            17876302100 ( +0.00)     7384.20 (   +0.00)             0 (       0)           0  
##>                                  END            17876302100 ( +0.00)     7384.20 (   +0.00)             0 (       0)           0  
##> csa_opto                       START            17876302100 ( +0.00)     7384.20 (   +0.00)             0 (       0)              
##>                                  END            17547978200 ( -1.84)     7384.20 (   +0.00)             0 (       0)           0  
##>                                  END            17547978200 ( -2.53)     7384.20 (   +0.00)             0 (       0)           0  
##>canonicalize_by_names           START            17547978200 ( +0.00)     7384.20 (   +0.00)             0 (       0)              
##>                                  END            17547978200 ( +0.00)     7384.20 (   +0.00)             0 (       0)           0  
##>datapath_rewrite_post_csa_one_  START            17547978200 ( +0.00)     7384.20 (   +0.00)             0 (       0)              
##>                                  END            17547978200 ( +0.00)     7384.20 (   +0.00)             0 (       0)           0  
##>datapath_csa_factoring_one_gde  START            17547978200 ( +0.00)     7384.20 (   +0.00)             0 (       0)              
##>                                  END            17547978200 ( +0.00)     7384.20 (   +0.00)             0 (       0)           0  
##>dpopt_share_one_def             START            17547978200 ( +0.00)     7384.20 (   +0.00)             0 (       0)              
##>                                  END            16677786400 ( -4.96)     7384.40 (   +0.20)             0 (       0)           2  
##>datapath_rewrite_post_share     START            16677786400 ( +0.00)     7384.40 (   +0.00)             0 (       0)              
##>                                  END            16677786400 ( +0.00)     7384.40 (   +0.00)             0 (       0)           0  
##>dp_combine_const_mult_with_com  START            16677786400 ( +0.00)     7384.40 (   +0.00)             0 (       0)              
##>                                  END            16677786400 ( +0.00)     7384.40 (   +0.00)             0 (       0)           0  
##>speculate_in_gdef               START            16677786400 ( +0.00)     7384.40 (   +0.00)             0 (       0)              
##> pre_speculate_mux_merge        START            16677786400 ( +0.00)     7384.40 (   +0.00)             0 (       0)              
##>                                  END            16677786400 ( +0.00)     7384.40 (   +0.00)             0 (       0)           0  
##>                                  END            16677786400 ( +0.00)     7384.40 (   +0.00)             0 (       0)           0  
##>dp_operator_level_decompositio  START            16677786400 ( +0.00)     7384.40 (   +0.00)             0 (       0)              
##>                                  END            16677786400 ( +0.00)     7384.40 (   +0.00)             0 (       0)           0  
##>selective_flatten_dp_config     START            16677786400 ( +0.00)     7384.40 (   +0.00)             0 (       0)              
##>                                  END            15638094050 ( -6.23)     7338.30 (  -46.10)             0 (       0)           0  
##>createMaxCarrySave              START            15638094050 ( +0.00)     7338.30 (   +0.00)             0 (       0)              
##> datapath_rewrite_one_def       START            15638094050 ( +0.00)     7338.30 (   +0.00)             0 (       0)              
##>  fast_cse_elim                 START            15638094050 ( +0.00)     7338.30 (   +0.00)             0 (       0)              
##>                                  END            15638094050 ( +0.00)     7338.30 (   +0.00)             0 (       0)           0  
##>  fast_cse_elim                 START            15638094050 ( +0.00)     7338.30 (   +0.00)             0 (       0)              
##>                                  END            15638094050 ( +0.00)     7338.30 (   +0.00)             0 (       0)           0  
##>                                  END            15638094050 ( +0.00)     7338.30 (   +0.00)             0 (       0)           0  
##> speculate_in_gdef              START            15638094050 ( +0.00)     7338.30 (   +0.00)             0 (       0)              
##>  pre_speculate_mux_merge       START            15638094050 ( +0.00)     7338.30 (   +0.00)             0 (       0)              
##>                                  END            15638094050 ( +0.00)     7338.30 (   +0.00)             0 (       0)           0  
##>                                  END            15638094050 ( +0.00)     7338.30 (   +0.00)             0 (       0)           0  
##> csa_opto                       START            15638094050 ( +0.00)     7338.30 (   +0.00)             0 (       0)              
##>                                  END            15638094050 ( +0.00)     7338.30 (   +0.00)             0 (       0)           0  
##>                                  END            15638094050 ( +0.00)     7338.30 (   +0.00)             0 (       0)           0  
##>datapath_rewrite_post_csa_one_  START            15638094050 ( +0.00)     7338.30 (   +0.00)             0 (       0)              
##>                                  END            15638094050 ( +0.00)     7338.30 (   +0.00)             0 (       0)           0  
##>datapath_csa_factoring_one_gde  START            15638094050 ( +0.00)     7338.30 (   +0.00)             0 (       0)              
##>                                  END            15638094050 ( +0.00)     7338.30 (   +0.00)             0 (       0)           0  
##>dpopt_share_one_def             START            15638094050 ( +0.00)     7338.30 (   +0.00)             0 (       0)              
##>                                  END            15638094050 ( +0.00)     7338.30 (   +0.00)             0 (       0)           0  
##>datapath_rewrite_post_share     START            15638094050 ( +0.00)     7338.30 (   +0.00)             0 (       0)              
##>                                  END            15638094050 ( +0.00)     7338.30 (   +0.00)             0 (       0)           0  
##>dp_combine_const_mult_with_com  START            15638094050 ( +0.00)     7338.30 (   +0.00)             0 (       0)              
##>                                  END            15638094050 ( +0.00)     7338.30 (   +0.00)             0 (       0)           0  
##>speculate_in_gdef               START            15638094050 ( +0.00)     7338.30 (   +0.00)             0 (       0)              
##> pre_speculate_mux_merge        START            15638094050 ( +0.00)     7338.30 (   +0.00)             0 (       0)              
##>                                  END            15638094050 ( +0.00)     7338.30 (   +0.00)             0 (       0)           0  
##>                                  END            15638094050 ( +0.00)     7338.30 (   +0.00)             0 (       0)           0  
##>dp_operator_level_decompositio  START            15638094050 ( +0.00)     7338.30 (   +0.00)             0 (       0)              
##>                                  END            15638094050 ( +0.00)     7338.30 (   +0.00)             0 (       0)           0  
##>selective_flatten_dp_config     START            15638094050 ( +0.00)     7338.30 (   +0.00)             0 (       0)              
##>                                  END            15638094050 ( +0.00)     7338.30 (   +0.00)             0 (       0)           0  
##>createMaxCarrySave              START            15638094050 ( +0.00)     7338.30 (   +0.00)             0 (       0)              
##> datapath_rewrite_one_def       START            15638094050 ( +0.00)     7338.30 (   +0.00)             0 (       0)              
##>  fast_cse_elim                 START            15638094050 ( +0.00)     7338.30 (   +0.00)             0 (       0)              
##>                                  END            15638094050 ( +0.00)     7338.30 (   +0.00)             0 (       0)           0  
##>  fast_cse_elim                 START            15638094050 ( +0.00)     7338.30 (   +0.00)             0 (       0)              
##>                                  END            15638094050 ( +0.00)     7338.30 (   +0.00)             0 (       0)           0  
##>                                  END            15638094050 ( +0.00)     7338.30 (   +0.00)             0 (       0)           0  
##> speculate_in_gdef              START            15638094050 ( +0.00)     7338.30 (   +0.00)             0 (       0)              
##>  pre_speculate_mux_merge       START            15638094050 ( +0.00)     7338.30 (   +0.00)             0 (       0)              
##>                                  END            15638094050 ( +0.00)     7338.30 (   +0.00)             0 (       0)           0  
##>                                  END            15638094050 ( +0.00)     7338.30 (   +0.00)             0 (       0)           0  
##> csa_opto                       START            15638094050 ( +0.00)     7338.30 (   +0.00)             0 (       0)              
##>                                  END            15638094050 ( +0.00)     7338.30 (   +0.00)             0 (       0)           0  
##>                                  END            15638094050 ( +0.00)     7338.30 (   +0.00)             0 (       0)           0  
##>context_based_simplify          START            15611401050 ( -0.17)     7338.30 (   +0.00)             0 (       0)              
##>                                  END            15073537100 ( -3.45)     7338.30 (   +0.00)             0 (       0)           0  
##>group_csa_final_adder_dp        START            15073537100 ( +0.00)     7338.30 (   +0.00)             0 (       0)              
##>                                  END            15073537100 ( +0.00)     7338.30 (   +0.00)             0 (       0)           0  
##>dpopt_flatten_critical_muxes_i  START            15073537100 ( +0.00)     7338.30 (   +0.00)             0 (       0)              
##>                                  END            14996127400 ( -0.51)     7338.30 (   +0.00)             0 (       0)           0  
##>speculate_in_gdef               START            14996127400 ( +0.00)     7338.30 (   +0.00)             0 (       0)              
##> pre_speculate_mux_merge        START            14996127400 ( +0.00)     7338.30 (   +0.00)             0 (       0)              
##>                                  END            14996127400 ( +0.00)     7338.30 (   +0.00)             0 (       0)           0  
##>                                  END            14996127400 ( +0.00)     7338.30 (   +0.00)             0 (       0)           0  
##>create_score                    START            14996127400 ( +0.00)     7338.30 (   +0.00)             0 (       0)              
##>                                  END            14996127400 ( +0.00)     7338.30 (   +0.00)             0 (       0)           0  
##>+------------------------------------------------------------------------------------------------------------------------------------------------------------+
Committed config: CDN_DP_region_9_1_c5
Info    : Done implementing datapath configurations. [DPOPT-4]
        : Selected 'very_fast' configuration 5 for module 'CDN_DP_region_9_1'.
          Optimizations applied to 'very_fast' configuration:
            rewriting(7), factoring(0), sharing(6), cmultcse(0), downsizing(0), speculation(0)
Info    : Implementing datapath configurations. [DPOPT-3]
        : Implementing datapath configurations for 'CDN_DP_region_10_1'
CSAGen Prep Share:0 Re-Write:0 Speculation: 0
CDN_DP_region_10_1 level = 0 loads = 0 drivers = 0
CDN_DP_region_10_1_c0 in vproc_mul_MUL_OP_W32_MUL_TYPE0_CTRL_Ttype_8_ctrl_t_671_27_DONT_CARE_ZERO1: area: 875530400 ,dp = 1 mux = 9 sg = slow         worst_clk_period: -1.0000 
    wns: 0  norm_wns:  -1.0000 
    fail_endp: -1 
    tns:  0  tns_per_endp:  -1.0000   norm_tns_per_endp:  -1.0000 
    tns_sense_max:  -1.0000  tns_sense_avg:  -1.0000   tns_sense_num: -1
 skipped
CDN_DP_region_10_1_c1 in vproc_mul_MUL_OP_W32_MUL_TYPE0_CTRL_Ttype_8_ctrl_t_671_27_DONT_CARE_ZERO1: area: 875530400 ,dp = 1 mux = 9 sg = fast         worst_clk_period: -1.0000 
    wns: 0  norm_wns:  -1.0000 
    fail_endp: -1 
    tns:  0  tns_per_endp:  -1.0000   norm_tns_per_endp:  -1.0000 
    tns_sense_max:  -1.0000  tns_sense_avg:  -1.0000   tns_sense_num: -1
 is current best
CDN_DP_region_10_1_c2 in vproc_mul_MUL_OP_W32_MUL_TYPE0_CTRL_Ttype_8_ctrl_t_671_27_DONT_CARE_ZERO1: area: 875530400 ,dp = 1 mux = 9 sg = very_slow    worst_clk_period: -1.0000 
    wns: 0  norm_wns:  -1.0000 
    fail_endp: -1 
    tns:  0  tns_per_endp:  -1.0000   norm_tns_per_endp:  -1.0000 
    tns_sense_max:  -1.0000  tns_sense_avg:  -1.0000   tns_sense_num: -1
 is current best
CDN_DP_region_10_1_c3 in vproc_mul_MUL_OP_W32_MUL_TYPE0_CTRL_Ttype_8_ctrl_t_671_27_DONT_CARE_ZERO1: area: 875530400 ,dp = 1 mux = 9 sg = very_fast    worst_clk_period: -1.0000 
    wns: 0  norm_wns:  -1.0000 
    fail_endp: -1 
    tns:  0  tns_per_endp:  -1.0000   norm_tns_per_endp:  -1.0000 
    tns_sense_max:  -1.0000  tns_sense_avg:  -1.0000   tns_sense_num: -1
 is current best
CDN_DP_region_10_1_c4 in vproc_mul_MUL_OP_W32_MUL_TYPE0_CTRL_Ttype_8_ctrl_t_671_27_DONT_CARE_ZERO1: area: 875530400 ,dp = 1 mux = 9 sg = very_fast    worst_clk_period: -1.0000 
    wns: 0  norm_wns:  -1.0000 
    fail_endp: -1 
    tns:  0  tns_per_endp:  -1.0000   norm_tns_per_endp:  -1.0000 
    tns_sense_max:  -1.0000  tns_sense_avg:  -1.0000   tns_sense_num: -1
 is current best
CDN_DP_region_10_1_c5 in vproc_mul_MUL_OP_W32_MUL_TYPE0_CTRL_Ttype_8_ctrl_t_671_27_DONT_CARE_ZERO1: area: 875530400 ,dp = 1 mux = 9 sg = very_fast    worst_clk_period: -1.0000 
    wns: 0  norm_wns:  -1.0000 
    fail_endp: -1 
    tns:  0  tns_per_endp:  -1.0000   norm_tns_per_endp:  -1.0000 
    tns_sense_max:  -1.0000  tns_sense_avg:  -1.0000   tns_sense_num: -1
 is current best
CDN_DP_region_10_1_c6 in vproc_mul_MUL_OP_W32_MUL_TYPE0_CTRL_Ttype_8_ctrl_t_671_27_DONT_CARE_ZERO1: area: 875530400 ,dp = 1 mux = 9 sg = very_fast    worst_clk_period: -1.0000 
    wns: 0  norm_wns:  -1.0000 
    fail_endp: -1 
    tns:  0  tns_per_endp:  -1.0000   norm_tns_per_endp:  -1.0000 
    tns_sense_max:  -1.0000  tns_sense_avg:  -1.0000   tns_sense_num: -1
 is current best
CDN_DP_region_10_1_c7 in vproc_mul_MUL_OP_W32_MUL_TYPE0_CTRL_Ttype_8_ctrl_t_671_27_DONT_CARE_ZERO1: area: 875530400 ,dp = 1 mux = 9 sg = very_fast    worst_clk_period: -1.0000 
    wns: 0  norm_wns:  -1.0000 
    fail_endp: -1 
    tns:  0  tns_per_endp:  -1.0000   norm_tns_per_endp:  -1.0000 
    tns_sense_max:  -1.0000  tns_sense_avg:  -1.0000   tns_sense_num: -1
 is current best
Best config: CDN_DP_region_10_1_c7 in vproc_mul_MUL_OP_W32_MUL_TYPE0_CTRL_Ttype_8_ctrl_t_671_27_DONT_CARE_ZERO1: area: 875530400 ,dp = 1 mux = 9 sg = very_fast    worst_clk_period: -1.0000 
    wns: 0  norm_wns:  -1.0000 
    fail_endp: -1 
    tns:  0  tns_per_endp:  -1.0000   norm_tns_per_endp:  -1.0000 
    tns_sense_max:  -1.0000  tns_sense_avg:  -1.0000   tns_sense_num: -1
  Smallest config area : 875530400.  Fastest config wns;  0
##>+----------------------------------------------------------------------------------------------------------------------------------------------------------------+
##>Summary table of configs (Best config is CDN_DP_region_10_1_c7)
##>+----------------------------------------------------------------------------------------------------------------------------------------------------------------+
##>                     0                  1                  2                  3                  4                  5                  6                  7            
##>+----------------------------------------------------------------------------------------------------------------------------------------------------------------+
##>           Area        875530400          875530400          875530400          875530400          875530400          875530400          875530400          875530400  
##>            WNS         +9556.40           +9556.40           +9556.40           +9556.40           +9556.40           +9556.40           +9556.40           +9556.40  
##>            TNS                0                  0                  0                  0                  0                  0                  0                  0  
##>    Num Rewrite                0                  0                  0                  0                  0                  0                  0                  0  
##>     Num Factor                0                  0                  0                  0                  0                  0                  0                  0  
##>      Num Share                0                  0                  0                  0                  0                  0                  0                  0  
##>   Num CmultCse                0                  0                  0                  0                  0                  0                  0                  0  
##>   Num Downsize                0                  0                  0                  0                  0                  0                  0                  0  
##>  Num Speculate                0                  0                  0                  0                  0                  0                  0                  0  
##>     Runtime(s)                0                  0                  0                  0                  0                  0                  0                  0  
+----------------------------------------------------------------------------------------------------------------------------------------------------------------+
##>
##>
##>+------------------------------------------------------------------------------------------------------------------------------------------------------------+
##>Optimization Step DEBUG Table for config CDN_DP_region_10_1_c7
##>
##>                          Step                        Area   ( % Chg)        WNS (Change)        TNS (Change)          Runtime (s)        Comment                   
##>+------------------------------------------------------------------------------------------------------------------------------------------------------------+
##>EquationExtraction              START              875530400 (      )     9556.40 (        )             0 (        )              
##>                                  END              875530400 ( +0.00)     9556.40 (   +0.00)             0 (       0)           0  
##>createMaxCarrySave              START              875530400 ( +0.00)     9556.40 (   +0.00)             0 (       0)              
##> datapath_rewrite_one_def       START              875530400 ( +0.00)     9556.40 (   +0.00)             0 (       0)              
##>                                  END              875530400 ( +0.00)     9556.40 (   +0.00)             0 (       0)           0  
##> csa_opto                       START              875530400 ( +0.00)     9556.40 (   +0.00)             0 (       0)              
##>                                  END              875530400 ( +0.00)     9556.40 (   +0.00)             0 (       0)           0  
##>                                  END              875530400 ( +0.00)     9556.40 (   +0.00)             0 (       0)           0  
##>canonicalize_by_names           START              875530400 ( +0.00)     9556.40 (   +0.00)             0 (       0)              
##>                                  END              875530400 ( +0.00)     9556.40 (   +0.00)             0 (       0)           0  
##>datapath_rewrite_post_csa_one_  START              875530400 ( +0.00)     9556.40 (   +0.00)             0 (       0)              
##>                                  END              875530400 ( +0.00)     9556.40 (   +0.00)             0 (       0)           0  
##>datapath_csa_factoring_one_gde  START              875530400 ( +0.00)     9556.40 (   +0.00)             0 (       0)              
##>                                  END              875530400 ( +0.00)     9556.40 (   +0.00)             0 (       0)           0  
##>dpopt_share_one_def             START              875530400 ( +0.00)     9556.40 (   +0.00)             0 (       0)              
##>                                  END              875530400 ( +0.00)     9556.40 (   +0.00)             0 (       0)           0  
##>datapath_rewrite_post_share     START              875530400 ( +0.00)     9556.40 (   +0.00)             0 (       0)              
##>                                  END              875530400 ( +0.00)     9556.40 (   +0.00)             0 (       0)           0  
##>dp_combine_const_mult_with_com  START              875530400 ( +0.00)     9556.40 (   +0.00)             0 (       0)              
##>                                  END              875530400 ( +0.00)     9556.40 (   +0.00)             0 (       0)           0  
##>dp_operator_level_decompositio  START              875530400 ( +0.00)     9556.40 (   +0.00)             0 (       0)              
##>                                  END              875530400 ( +0.00)     9556.40 (   +0.00)             0 (       0)           0  
##>selective_flatten_dp_config     START              875530400 ( +0.00)     9556.40 (   +0.00)             0 (       0)              
##>                                  END              875530400 ( +0.00)     9556.40 (   +0.00)             0 (       0)           0  
##>createMaxCarrySave              START              875530400 ( +0.00)     9556.40 (   +0.00)             0 (       0)              
##> datapath_rewrite_one_def       START              875530400 ( +0.00)     9556.40 (   +0.00)             0 (       0)              
##>  fast_cse_elim                 START              875530400 ( +0.00)     9556.40 (   +0.00)             0 (       0)              
##>                                  END              875530400 ( +0.00)     9556.40 (   +0.00)             0 (       0)           0  
##>  fast_cse_elim                 START              875530400 ( +0.00)     9556.40 (   +0.00)             0 (       0)              
##>                                  END              875530400 ( +0.00)     9556.40 (   +0.00)             0 (       0)           0  
##>                                  END              875530400 ( +0.00)     9556.40 (   +0.00)             0 (       0)           0  
##> csa_opto                       START              875530400 ( +0.00)     9556.40 (   +0.00)             0 (       0)              
##>                                  END              875530400 ( +0.00)     9556.40 (   +0.00)             0 (       0)           0  
##>                                  END              875530400 ( +0.00)     9556.40 (   +0.00)             0 (       0)           0  
##>context_based_simplify          START              875530400 ( +0.00)     9556.40 (   +0.00)             0 (       0)              
##>                                  END              875530400 ( +0.00)     9556.40 (   +0.00)             0 (       0)           0  
##>group_csa_final_adder_dp        START              875530400 ( +0.00)     9556.40 (   +0.00)             0 (       0)              
##>                                  END              875530400 ( +0.00)     9556.40 (   +0.00)             0 (       0)           0  
##>dpopt_flatten_critical_muxes_i  START              875530400 ( +0.00)     9556.40 (   +0.00)             0 (       0)              
##>                                  END              875530400 ( +0.00)     9556.40 (   +0.00)             0 (       0)           0  
##>create_score                    START              875530400 ( +0.00)     9556.40 (   +0.00)             0 (       0)              
##>                                  END              875530400 ( +0.00)     9556.40 (   +0.00)             0 (       0)           0  
##>+------------------------------------------------------------------------------------------------------------------------------------------------------------+
Committed config: CDN_DP_region_10_1_c7
Info    : Done implementing datapath configurations. [DPOPT-4]
        : Selected 'very_fast' configuration 7 for module 'CDN_DP_region_10_1'.
          Optimizations applied to 'very_fast' configuration:
            rewriting(0), factoring(0), sharing(0), cmultcse(0), downsizing(0), speculation(0)
Info    : Implementing datapath configurations. [DPOPT-3]
        : Implementing datapath configurations for 'CDN_DP_region_10_0'
CSAGen Prep Share:0 Re-Write:0 Speculation: 0
CDN_DP_region_10_0 level = 0 loads = 0 drivers = 0
CDN_DP_region_10_0_c0 in vproc_mul_MUL_OP_W32_MUL_TYPE0_CTRL_Ttype_8_ctrl_t_671_27_DONT_CARE_ZERO1: area: 572564850 ,dp = 0 mux = 10 sg = slow         worst_clk_period: -1.0000 
    wns: 0  norm_wns:  -1.0000 
    fail_endp: -1 
    tns:  0  tns_per_endp:  -1.0000   norm_tns_per_endp:  -1.0000 
    tns_sense_max:  -1.0000  tns_sense_avg:  -1.0000   tns_sense_num: -1
 skipped
CDN_DP_region_10_0_c1 in vproc_mul_MUL_OP_W32_MUL_TYPE0_CTRL_Ttype_8_ctrl_t_671_27_DONT_CARE_ZERO1: area: 568560900 ,dp = 0 mux = 10 sg = fast         worst_clk_period: -1.0000 
    wns: 0  norm_wns:  -1.0000 
    fail_endp: -1 
    tns:  0  tns_per_endp:  -1.0000   norm_tns_per_endp:  -1.0000 
    tns_sense_max:  -1.0000  tns_sense_avg:  -1.0000   tns_sense_num: -1
 is current best
CDN_DP_region_10_0_c2 in vproc_mul_MUL_OP_W32_MUL_TYPE0_CTRL_Ttype_8_ctrl_t_671_27_DONT_CARE_ZERO1: area: 568560900 ,dp = 0 mux = 10 sg = very_slow    worst_clk_period: -1.0000 
    wns: 0  norm_wns:  -1.0000 
    fail_endp: -1 
    tns:  0  tns_per_endp:  -1.0000   norm_tns_per_endp:  -1.0000 
    tns_sense_max:  -1.0000  tns_sense_avg:  -1.0000   tns_sense_num: -1
 is current best
CDN_DP_region_10_0_c3 in vproc_mul_MUL_OP_W32_MUL_TYPE0_CTRL_Ttype_8_ctrl_t_671_27_DONT_CARE_ZERO1: area: 568560900 ,dp = 0 mux = 10 sg = very_fast    worst_clk_period: -1.0000 
    wns: 0  norm_wns:  -1.0000 
    fail_endp: -1 
    tns:  0  tns_per_endp:  -1.0000   norm_tns_per_endp:  -1.0000 
    tns_sense_max:  -1.0000  tns_sense_avg:  -1.0000   tns_sense_num: -1
 is current best
CDN_DP_region_10_0_c4 in vproc_mul_MUL_OP_W32_MUL_TYPE0_CTRL_Ttype_8_ctrl_t_671_27_DONT_CARE_ZERO1: area: 568560900 ,dp = 0 mux = 10 sg = very_fast    worst_clk_period: -1.0000 
    wns: 0  norm_wns:  -1.0000 
    fail_endp: -1 
    tns:  0  tns_per_endp:  -1.0000   norm_tns_per_endp:  -1.0000 
    tns_sense_max:  -1.0000  tns_sense_avg:  -1.0000   tns_sense_num: -1
 is current best
CDN_DP_region_10_0_c5 in vproc_mul_MUL_OP_W32_MUL_TYPE0_CTRL_Ttype_8_ctrl_t_671_27_DONT_CARE_ZERO1: area: 568560900 ,dp = 0 mux = 10 sg = very_fast    worst_clk_period: -1.0000 
    wns: 0  norm_wns:  -1.0000 
    fail_endp: -1 
    tns:  0  tns_per_endp:  -1.0000   norm_tns_per_endp:  -1.0000 
    tns_sense_max:  -1.0000  tns_sense_avg:  -1.0000   tns_sense_num: -1
 is current best
CDN_DP_region_10_0_c6 in vproc_mul_MUL_OP_W32_MUL_TYPE0_CTRL_Ttype_8_ctrl_t_671_27_DONT_CARE_ZERO1: area: 568560900 ,dp = 0 mux = 10 sg = very_fast    worst_clk_period: -1.0000 
    wns: 0  norm_wns:  -1.0000 
    fail_endp: -1 
    tns:  0  tns_per_endp:  -1.0000   norm_tns_per_endp:  -1.0000 
    tns_sense_max:  -1.0000  tns_sense_avg:  -1.0000   tns_sense_num: -1
 is current best
CDN_DP_region_10_0_c7 in vproc_mul_MUL_OP_W32_MUL_TYPE0_CTRL_Ttype_8_ctrl_t_671_27_DONT_CARE_ZERO1: area: 568560900 ,dp = 0 mux = 10 sg = very_fast    worst_clk_period: -1.0000 
    wns: 0  norm_wns:  -1.0000 
    fail_endp: -1 
    tns:  0  tns_per_endp:  -1.0000   norm_tns_per_endp:  -1.0000 
    tns_sense_max:  -1.0000  tns_sense_avg:  -1.0000   tns_sense_num: -1
 is current best
Best config: CDN_DP_region_10_0_c7 in vproc_mul_MUL_OP_W32_MUL_TYPE0_CTRL_Ttype_8_ctrl_t_671_27_DONT_CARE_ZERO1: area: 568560900 ,dp = 0 mux = 10 sg = very_fast    worst_clk_period: -1.0000 
    wns: 0  norm_wns:  -1.0000 
    fail_endp: -1 
    tns:  0  tns_per_endp:  -1.0000   norm_tns_per_endp:  -1.0000 
    tns_sense_max:  -1.0000  tns_sense_avg:  -1.0000   tns_sense_num: -1
  Smallest config area : 568560900.  Fastest config wns;  0
##>+----------------------------------------------------------------------------------------------------------------------------------------------------------------+
##>Summary table of configs (Best config is CDN_DP_region_10_0_c7)
##>+----------------------------------------------------------------------------------------------------------------------------------------------------------------+
##>                     0                  1                  2                  3                  4                  5                  6                  7            
##>+----------------------------------------------------------------------------------------------------------------------------------------------------------------+
##>           Area        572564850          568560900          568560900          568560900          568560900          568560900          568560900          568560900  
##>            WNS         +9582.90           +9582.90           +9582.90           +9582.90           +9582.90           +9582.90           +9582.90           +9582.90  
##>            TNS                0                  0                  0                  0                  0                  0                  0                  0  
##>    Num Rewrite                0                  0                  0                  0                  0                  0                  0                  0  
##>     Num Factor                0                  0                  0                  0                  0                  0                  0                  0  
##>      Num Share                0                  0                  0                  0                  0                  0                  0                  0  
##>   Num CmultCse                0                  0                  0                  0                  0                  0                  0                  0  
##>   Num Downsize                0                  0                  0                  0                  0                  0                  0                  0  
##>  Num Speculate                0                  0                  0                  0                  0                  0                  0                  0  
##>     Runtime(s)                0                  0                  0                  0                  0                  0                  0                  0  
+----------------------------------------------------------------------------------------------------------------------------------------------------------------+
##>
##>
##>+------------------------------------------------------------------------------------------------------------------------------------------------------------+
##>Optimization Step DEBUG Table for config CDN_DP_region_10_0_c7
##>
##>                          Step                        Area   ( % Chg)        WNS (Change)        TNS (Change)          Runtime (s)        Comment                   
##>+------------------------------------------------------------------------------------------------------------------------------------------------------------+
##>EquationExtraction              START              572564850 (      )     9582.90 (        )             0 (        )              
##>                                  END              572564850 ( +0.00)     9582.90 (   +0.00)             0 (       0)           0  
##>createMaxCarrySave              START              572564850 ( +0.00)     9582.90 (   +0.00)             0 (       0)              
##> datapath_rewrite_one_def       START              572564850 ( +0.00)     9582.90 (   +0.00)             0 (       0)              
##>                                  END              572564850 ( +0.00)     9582.90 (   +0.00)             0 (       0)           0  
##> csa_opto                       START              572564850 ( +0.00)     9582.90 (   +0.00)             0 (       0)              
##>                                  END              572564850 ( +0.00)     9582.90 (   +0.00)             0 (       0)           0  
##>                                  END              572564850 ( +0.00)     9582.90 (   +0.00)             0 (       0)           0  
##>canonicalize_by_names           START              572564850 ( +0.00)     9582.90 (   +0.00)             0 (       0)              
##>                                  END              572564850 ( +0.00)     9582.90 (   +0.00)             0 (       0)           0  
##>datapath_rewrite_post_csa_one_  START              572564850 ( +0.00)     9582.90 (   +0.00)             0 (       0)              
##>                                  END              572564850 ( +0.00)     9582.90 (   +0.00)             0 (       0)           0  
##>datapath_csa_factoring_one_gde  START              572564850 ( +0.00)     9582.90 (   +0.00)             0 (       0)              
##>                                  END              572564850 ( +0.00)     9582.90 (   +0.00)             0 (       0)           0  
##>dpopt_share_one_def             START              572564850 ( +0.00)     9582.90 (   +0.00)             0 (       0)              
##>                                  END              572564850 ( +0.00)     9582.90 (   +0.00)             0 (       0)           0  
##>datapath_rewrite_post_share     START              572564850 ( +0.00)     9582.90 (   +0.00)             0 (       0)              
##>                                  END              572564850 ( +0.00)     9582.90 (   +0.00)             0 (       0)           0  
##>dp_combine_const_mult_with_com  START              572564850 ( +0.00)     9582.90 (   +0.00)             0 (       0)              
##>                                  END              572564850 ( +0.00)     9582.90 (   +0.00)             0 (       0)           0  
##>dp_operator_level_decompositio  START              572564850 ( +0.00)     9582.90 (   +0.00)             0 (       0)              
##>                                  END              572564850 ( +0.00)     9582.90 (   +0.00)             0 (       0)           0  
##>selective_flatten_dp_config     START              572564850 ( +0.00)     9582.90 (   +0.00)             0 (       0)              
##>                                  END              572564850 ( +0.00)     9582.90 (   +0.00)             0 (       0)           0  
##>createMaxCarrySave              START              572564850 ( +0.00)     9582.90 (   +0.00)             0 (       0)              
##> datapath_rewrite_one_def       START              572564850 ( +0.00)     9582.90 (   +0.00)             0 (       0)              
##>  fast_cse_elim                 START              572564850 ( +0.00)     9582.90 (   +0.00)             0 (       0)              
##>                                  END              568560900 ( -0.70)     9582.90 (   +0.00)             0 (       0)           0  
##>  fast_cse_elim                 START              568560900 ( +0.00)     9582.90 (   +0.00)             0 (       0)              
##>                                  END              568560900 ( +0.00)     9582.90 (   +0.00)             0 (       0)           0  
##>                                  END              568560900 ( -0.70)     9582.90 (   +0.00)             0 (       0)           0  
##> csa_opto                       START              568560900 ( +0.00)     9582.90 (   +0.00)             0 (       0)              
##>                                  END              568560900 ( +0.00)     9582.90 (   +0.00)             0 (       0)           0  
##>                                  END              568560900 ( -0.70)     9582.90 (   +0.00)             0 (       0)           0  
##>context_based_simplify          START              568560900 ( +0.00)     9582.90 (   +0.00)             0 (       0)              
##>                                  END              568560900 ( +0.00)     9582.90 (   +0.00)             0 (       0)           0  
##>group_csa_final_adder_dp        START              568560900 ( +0.00)     9582.90 (   +0.00)             0 (       0)              
##>                                  END              568560900 ( +0.00)     9582.90 (   +0.00)             0 (       0)           0  
##>dpopt_flatten_critical_muxes_i  START              568560900 ( +0.00)     9582.90 (   +0.00)             0 (       0)              
##>                                  END              568560900 ( +0.00)     9582.90 (   +0.00)             0 (       0)           0  
##>create_score                    START              568560900 ( +0.00)     9582.90 (   +0.00)             0 (       0)              
##>                                  END              568560900 ( +0.00)     9582.90 (   +0.00)             0 (       0)           0  
##>+------------------------------------------------------------------------------------------------------------------------------------------------------------+
Committed config: CDN_DP_region_10_0_c7
Info    : Done implementing datapath configurations. [DPOPT-4]
        : Selected 'very_fast' configuration 7 for module 'CDN_DP_region_10_0'.
          Optimizations applied to 'very_fast' configuration:
            rewriting(0), factoring(0), sharing(0), cmultcse(0), downsizing(0), speculation(0)
Info    : Implementing datapath configurations. [DPOPT-3]
        : Implementing datapath configurations for 'CDN_DP_region_10_5'
CSAGen Prep Share:0 Re-Write:0 Speculation: 0
CDN_DP_region_10_5 level = 0 loads = 0 drivers = 0
MaxCSA: Successfully built Maximal CSA Expression Expr8
CDN_DP_region_10_5_c0 in vproc_mul_MUL_OP_W32_MUL_TYPE0_CTRL_Ttype_8_ctrl_t_671_27_DONT_CARE_ZERO1: area: 4751354000 ,dp = 1 mux = 0 sg = slow         worst_clk_period: -1.0000 
    wns: 0  norm_wns:  -1.0000 
    fail_endp: -1 
    tns:  0  tns_per_endp:  -1.0000   norm_tns_per_endp:  -1.0000 
    tns_sense_max:  -1.0000  tns_sense_avg:  -1.0000   tns_sense_num: -1
 skipped
CDN_DP_region_10_5_c1 in vproc_mul_MUL_OP_W32_MUL_TYPE0_CTRL_Ttype_8_ctrl_t_671_27_DONT_CARE_ZERO1: area: 4751354000 ,dp = 1 mux = 0 sg = fast         worst_clk_period: -1.0000 
    wns: 0  norm_wns:  -1.0000 
    fail_endp: -1 
    tns:  0  tns_per_endp:  -1.0000   norm_tns_per_endp:  -1.0000 
    tns_sense_max:  -1.0000  tns_sense_avg:  -1.0000   tns_sense_num: -1
 is current best
CDN_DP_region_10_5_c2 in vproc_mul_MUL_OP_W32_MUL_TYPE0_CTRL_Ttype_8_ctrl_t_671_27_DONT_CARE_ZERO1: area: 4751354000 ,dp = 1 mux = 0 sg = very_slow    worst_clk_period: -1.0000 
    wns: 0  norm_wns:  -1.0000 
    fail_endp: -1 
    tns:  0  tns_per_endp:  -1.0000   norm_tns_per_endp:  -1.0000 
    tns_sense_max:  -1.0000  tns_sense_avg:  -1.0000   tns_sense_num: -1
 is current best
CDN_DP_region_10_5_c3 in vproc_mul_MUL_OP_W32_MUL_TYPE0_CTRL_Ttype_8_ctrl_t_671_27_DONT_CARE_ZERO1: area: 4751354000 ,dp = 1 mux = 0 sg = very_fast    worst_clk_period: -1.0000 
    wns: 0  norm_wns:  -1.0000 
    fail_endp: -1 
    tns:  0  tns_per_endp:  -1.0000   norm_tns_per_endp:  -1.0000 
    tns_sense_max:  -1.0000  tns_sense_avg:  -1.0000   tns_sense_num: -1
 is current best
CDN_DP_region_10_5_c4 in vproc_mul_MUL_OP_W32_MUL_TYPE0_CTRL_Ttype_8_ctrl_t_671_27_DONT_CARE_ZERO1: area: 4751354000 ,dp = 1 mux = 0 sg = very_fast    worst_clk_period: -1.0000 
    wns: 0  norm_wns:  -1.0000 
    fail_endp: -1 
    tns:  0  tns_per_endp:  -1.0000   norm_tns_per_endp:  -1.0000 
    tns_sense_max:  -1.0000  tns_sense_avg:  -1.0000   tns_sense_num: -1
 is current best
CDN_DP_region_10_5_c5 in vproc_mul_MUL_OP_W32_MUL_TYPE0_CTRL_Ttype_8_ctrl_t_671_27_DONT_CARE_ZERO1: area: 4751354000 ,dp = 1 mux = 0 sg = very_fast    worst_clk_period: -1.0000 
    wns: 0  norm_wns:  -1.0000 
    fail_endp: -1 
    tns:  0  tns_per_endp:  -1.0000   norm_tns_per_endp:  -1.0000 
    tns_sense_max:  -1.0000  tns_sense_avg:  -1.0000   tns_sense_num: -1
 is current best
CDN_DP_region_10_5_c6 in vproc_mul_MUL_OP_W32_MUL_TYPE0_CTRL_Ttype_8_ctrl_t_671_27_DONT_CARE_ZERO1: area: 4751354000 ,dp = 1 mux = 0 sg = very_fast    worst_clk_period: -1.0000 
    wns: 0  norm_wns:  -1.0000 
    fail_endp: -1 
    tns:  0  tns_per_endp:  -1.0000   norm_tns_per_endp:  -1.0000 
    tns_sense_max:  -1.0000  tns_sense_avg:  -1.0000   tns_sense_num: -1
 is current best
CDN_DP_region_10_5_c7 in vproc_mul_MUL_OP_W32_MUL_TYPE0_CTRL_Ttype_8_ctrl_t_671_27_DONT_CARE_ZERO1: area: 4751354000 ,dp = 1 mux = 0 sg = very_fast    worst_clk_period: -1.0000 
    wns: 0  norm_wns:  -1.0000 
    fail_endp: -1 
    tns:  0  tns_per_endp:  -1.0000   norm_tns_per_endp:  -1.0000 
    tns_sense_max:  -1.0000  tns_sense_avg:  -1.0000   tns_sense_num: -1
 is current best
Best config: CDN_DP_region_10_5_c7 in vproc_mul_MUL_OP_W32_MUL_TYPE0_CTRL_Ttype_8_ctrl_t_671_27_DONT_CARE_ZERO1: area: 4751354000 ,dp = 1 mux = 0 sg = very_fast    worst_clk_period: -1.0000 
    wns: 0  norm_wns:  -1.0000 
    fail_endp: -1 
    tns:  0  tns_per_endp:  -1.0000   norm_tns_per_endp:  -1.0000 
    tns_sense_max:  -1.0000  tns_sense_avg:  -1.0000   tns_sense_num: -1
  Smallest config area : 4751354000.  Fastest config wns;  0
##>+----------------------------------------------------------------------------------------------------------------------------------------------------------------+
##>Summary table of configs (Best config is CDN_DP_region_10_5_c7)
##>+----------------------------------------------------------------------------------------------------------------------------------------------------------------+
##>                     0                  1                  2                  3                  4                  5                  6                  7            
##>+----------------------------------------------------------------------------------------------------------------------------------------------------------------+
##>           Area       4751354000         4751354000         4751354000         4751354000         4751354000         4751354000         4751354000         4751354000  
##>            WNS         +8801.50           +8801.50           +8801.50           +8801.50           +8801.50           +8801.50           +8801.50           +8801.50  
##>            TNS                0                  0                  0                  0                  0                  0                  0                  0  
##>    Num Rewrite                0                  0                  0                  0                  0                  0                  0                  0  
##>     Num Factor                0                  0                  0                  0                  0                  0                  0                  0  
##>      Num Share                0                  0                  0                  0                  0                  0                  0                  0  
##>   Num CmultCse                0                  0                  0                  0                  0                  0                  0                  0  
##>   Num Downsize                0                  0                  0                  0                  0                  0                  0                  0  
##>  Num Speculate                0                  0                  0                  0                  0                  0                  0                  0  
##>     Runtime(s)                0                  0                  0                  0                  0                  0                  0                  0  
+----------------------------------------------------------------------------------------------------------------------------------------------------------------+
##>
##>
##>+------------------------------------------------------------------------------------------------------------------------------------------------------------+
##>Optimization Step DEBUG Table for config CDN_DP_region_10_5_c7
##>
##>                          Step                        Area   ( % Chg)        WNS (Change)        TNS (Change)          Runtime (s)        Comment                   
##>+------------------------------------------------------------------------------------------------------------------------------------------------------------+
##>EquationExtraction              START             4751354000 (      )     8801.50 (        )             0 (        )              
##> rewrite                        START            19748816050 (+315.65)     8775.40 (  -26.10)             0 (       0)              (a,ar) Expr8_from --> Expr8_to
##>                                  END            12504335850 (-36.68)     8769.50 (   -5.90)             0 (       0)           0  
##>                                  END             4751354000 ( +0.00)     8801.50 (   +0.00)             0 (       0)           0  
##>createMaxCarrySave              START             4751354000 ( +0.00)     8801.50 (   +0.00)             0 (       0)              
##> datapath_rewrite_one_def       START             4751354000 ( +0.00)     8801.50 (   +0.00)             0 (       0)              
##>                                  END             4751354000 ( +0.00)     8801.50 (   +0.00)             0 (       0)           0  
##> csa_opto                       START             4751354000 ( +0.00)     8801.50 (   +0.00)             0 (       0)              
##>                                  END             4751354000 ( +0.00)     8801.50 (   +0.00)             0 (       0)           0  
##>                                  END             4751354000 ( +0.00)     8801.50 (   +0.00)             0 (       0)           0  
##>canonicalize_by_names           START             4751354000 ( +0.00)     8801.50 (   +0.00)             0 (       0)              
##>                                  END             4751354000 ( +0.00)     8801.50 (   +0.00)             0 (       0)           0  
##>datapath_rewrite_post_csa_one_  START             4751354000 ( +0.00)     8801.50 (   +0.00)             0 (       0)              
##>                                  END             4751354000 ( +0.00)     8801.50 (   +0.00)             0 (       0)           0  
##>datapath_csa_factoring_one_gde  START             4751354000 ( +0.00)     8801.50 (   +0.00)             0 (       0)              
##>                                  END             4751354000 ( +0.00)     8801.50 (   +0.00)             0 (       0)           0  
##>dpopt_share_one_def             START             4751354000 ( +0.00)     8801.50 (   +0.00)             0 (       0)              
##>                                  END             4751354000 ( +0.00)     8801.50 (   +0.00)             0 (       0)           0  
##>datapath_rewrite_post_share     START             4751354000 ( +0.00)     8801.50 (   +0.00)             0 (       0)              
##>                                  END             4751354000 ( +0.00)     8801.50 (   +0.00)             0 (       0)           0  
##>dp_combine_const_mult_with_com  START             4751354000 ( +0.00)     8801.50 (   +0.00)             0 (       0)              
##>                                  END             4751354000 ( +0.00)     8801.50 (   +0.00)             0 (       0)           0  
##>dp_operator_level_decompositio  START             4751354000 ( +0.00)     8801.50 (   +0.00)             0 (       0)              
##>                                  END             4751354000 ( +0.00)     8801.50 (   +0.00)             0 (       0)           0  
##>selective_flatten_dp_config     START             4751354000 ( +0.00)     8801.50 (   +0.00)             0 (       0)              
##>                                  END             4751354000 ( +0.00)     8801.50 (   +0.00)             0 (       0)           0  
##>createMaxCarrySave              START             4751354000 ( +0.00)     8801.50 (   +0.00)             0 (       0)              
##> datapath_rewrite_one_def       START             4751354000 ( +0.00)     8801.50 (   +0.00)             0 (       0)              
##>  fast_cse_elim                 START             4751354000 ( +0.00)     8801.50 (   +0.00)             0 (       0)              
##>                                  END             4751354000 ( +0.00)     8801.50 (   +0.00)             0 (       0)           0  
##>  fast_cse_elim                 START             4751354000 ( +0.00)     8801.50 (   +0.00)             0 (       0)              
##>                                  END             4751354000 ( +0.00)     8801.50 (   +0.00)             0 (       0)           0  
##>                                  END             4751354000 ( +0.00)     8801.50 (   +0.00)             0 (       0)           0  
##> csa_opto                       START             4751354000 ( +0.00)     8801.50 (   +0.00)             0 (       0)              
##>                                  END             4751354000 ( +0.00)     8801.50 (   +0.00)             0 (       0)           0  
##>                                  END             4751354000 ( +0.00)     8801.50 (   +0.00)             0 (       0)           0  
##>context_based_simplify          START             4751354000 ( +0.00)     8801.50 (   +0.00)             0 (       0)              
##>                                  END             4751354000 ( +0.00)     8801.50 (   +0.00)             0 (       0)           0  
##>group_csa_final_adder_dp        START             4751354000 ( +0.00)     8801.50 (   +0.00)             0 (       0)              
##>                                  END             4751354000 ( +0.00)     8801.50 (   +0.00)             0 (       0)           0  
##>dpopt_flatten_critical_muxes_i  START             4751354000 ( +0.00)     8801.50 (   +0.00)             0 (       0)              
##>                                  END             4751354000 ( +0.00)     8801.50 (   +0.00)             0 (       0)           0  
##>create_score                    START             4751354000 ( +0.00)     8801.50 (   +0.00)             0 (       0)              
##>                                  END             4751354000 ( +0.00)     8801.50 (   +0.00)             0 (       0)           0  
##>+------------------------------------------------------------------------------------------------------------------------------------------------------------+
Committed config: CDN_DP_region_10_5_c7
Info    : Done implementing datapath configurations. [DPOPT-4]
        : Selected 'very_fast' configuration 7 for module 'CDN_DP_region_10_5'.
          Optimizations applied to 'very_fast' configuration:
            rewriting(0), factoring(0), sharing(0), cmultcse(0), downsizing(0), speculation(0)
Info    : Implementing datapath configurations. [DPOPT-3]
        : Implementing datapath configurations for 'CDN_DP_region_10_3'
CSAGen Prep Share:0 Re-Write:0 Speculation: 0
CDN_DP_region_10_3 level = 0 loads = 0 drivers = 0
MaxCSA: Successfully built Maximal CSA Expression Expr9
CDN_DP_region_10_3_c0 in vproc_mul_MUL_OP_W32_MUL_TYPE0_CTRL_Ttype_8_ctrl_t_671_27_DONT_CARE_ZERO1: area: 4751354000 ,dp = 1 mux = 0 sg = slow         worst_clk_period: -1.0000 
    wns: 0  norm_wns:  -1.0000 
    fail_endp: -1 
    tns:  0  tns_per_endp:  -1.0000   norm_tns_per_endp:  -1.0000 
    tns_sense_max:  -1.0000  tns_sense_avg:  -1.0000   tns_sense_num: -1
 skipped
CDN_DP_region_10_3_c1 in vproc_mul_MUL_OP_W32_MUL_TYPE0_CTRL_Ttype_8_ctrl_t_671_27_DONT_CARE_ZERO1: area: 4751354000 ,dp = 1 mux = 0 sg = fast         worst_clk_period: -1.0000 
    wns: 0  norm_wns:  -1.0000 
    fail_endp: -1 
    tns:  0  tns_per_endp:  -1.0000   norm_tns_per_endp:  -1.0000 
    tns_sense_max:  -1.0000  tns_sense_avg:  -1.0000   tns_sense_num: -1
 is current best
CDN_DP_region_10_3_c2 in vproc_mul_MUL_OP_W32_MUL_TYPE0_CTRL_Ttype_8_ctrl_t_671_27_DONT_CARE_ZERO1: area: 4751354000 ,dp = 1 mux = 0 sg = very_slow    worst_clk_period: -1.0000 
    wns: 0  norm_wns:  -1.0000 
    fail_endp: -1 
    tns:  0  tns_per_endp:  -1.0000   norm_tns_per_endp:  -1.0000 
    tns_sense_max:  -1.0000  tns_sense_avg:  -1.0000   tns_sense_num: -1
 is current best
CDN_DP_region_10_3_c3 in vproc_mul_MUL_OP_W32_MUL_TYPE0_CTRL_Ttype_8_ctrl_t_671_27_DONT_CARE_ZERO1: area: 4751354000 ,dp = 1 mux = 0 sg = very_fast    worst_clk_period: -1.0000 
    wns: 0  norm_wns:  -1.0000 
    fail_endp: -1 
    tns:  0  tns_per_endp:  -1.0000   norm_tns_per_endp:  -1.0000 
    tns_sense_max:  -1.0000  tns_sense_avg:  -1.0000   tns_sense_num: -1
 is current best
CDN_DP_region_10_3_c4 in vproc_mul_MUL_OP_W32_MUL_TYPE0_CTRL_Ttype_8_ctrl_t_671_27_DONT_CARE_ZERO1: area: 4751354000 ,dp = 1 mux = 0 sg = very_fast    worst_clk_period: -1.0000 
    wns: 0  norm_wns:  -1.0000 
    fail_endp: -1 
    tns:  0  tns_per_endp:  -1.0000   norm_tns_per_endp:  -1.0000 
    tns_sense_max:  -1.0000  tns_sense_avg:  -1.0000   tns_sense_num: -1
 is current best
CDN_DP_region_10_3_c5 in vproc_mul_MUL_OP_W32_MUL_TYPE0_CTRL_Ttype_8_ctrl_t_671_27_DONT_CARE_ZERO1: area: 4751354000 ,dp = 1 mux = 0 sg = very_fast    worst_clk_period: -1.0000 
    wns: 0  norm_wns:  -1.0000 
    fail_endp: -1 
    tns:  0  tns_per_endp:  -1.0000   norm_tns_per_endp:  -1.0000 
    tns_sense_max:  -1.0000  tns_sense_avg:  -1.0000   tns_sense_num: -1
 is current best
CDN_DP_region_10_3_c6 in vproc_mul_MUL_OP_W32_MUL_TYPE0_CTRL_Ttype_8_ctrl_t_671_27_DONT_CARE_ZERO1: area: 4751354000 ,dp = 1 mux = 0 sg = very_fast    worst_clk_period: -1.0000 
    wns: 0  norm_wns:  -1.0000 
    fail_endp: -1 
    tns:  0  tns_per_endp:  -1.0000   norm_tns_per_endp:  -1.0000 
    tns_sense_max:  -1.0000  tns_sense_avg:  -1.0000   tns_sense_num: -1
 is current best
CDN_DP_region_10_3_c7 in vproc_mul_MUL_OP_W32_MUL_TYPE0_CTRL_Ttype_8_ctrl_t_671_27_DONT_CARE_ZERO1: area: 4751354000 ,dp = 1 mux = 0 sg = very_fast    worst_clk_period: -1.0000 
    wns: 0  norm_wns:  -1.0000 
    fail_endp: -1 
    tns:  0  tns_per_endp:  -1.0000   norm_tns_per_endp:  -1.0000 
    tns_sense_max:  -1.0000  tns_sense_avg:  -1.0000   tns_sense_num: -1
 is current best
Best config: CDN_DP_region_10_3_c7 in vproc_mul_MUL_OP_W32_MUL_TYPE0_CTRL_Ttype_8_ctrl_t_671_27_DONT_CARE_ZERO1: area: 4751354000 ,dp = 1 mux = 0 sg = very_fast    worst_clk_period: -1.0000 
    wns: 0  norm_wns:  -1.0000 
    fail_endp: -1 
    tns:  0  tns_per_endp:  -1.0000   norm_tns_per_endp:  -1.0000 
    tns_sense_max:  -1.0000  tns_sense_avg:  -1.0000   tns_sense_num: -1
  Smallest config area : 4751354000.  Fastest config wns;  0
##>+----------------------------------------------------------------------------------------------------------------------------------------------------------------+
##>Summary table of configs (Best config is CDN_DP_region_10_3_c7)
##>+----------------------------------------------------------------------------------------------------------------------------------------------------------------+
##>                     0                  1                  2                  3                  4                  5                  6                  7            
##>+----------------------------------------------------------------------------------------------------------------------------------------------------------------+
##>           Area       4751354000         4751354000         4751354000         4751354000         4751354000         4751354000         4751354000         4751354000  
##>            WNS         +8801.50           +8801.50           +8801.50           +8801.50           +8801.50           +8801.50           +8801.50           +8801.50  
##>            TNS                0                  0                  0                  0                  0                  0                  0                  0  
##>    Num Rewrite                0                  0                  0                  0                  0                  0                  0                  0  
##>     Num Factor                0                  0                  0                  0                  0                  0                  0                  0  
##>      Num Share                0                  0                  0                  0                  0                  0                  0                  0  
##>   Num CmultCse                0                  0                  0                  0                  0                  0                  0                  0  
##>   Num Downsize                0                  0                  0                  0                  0                  0                  0                  0  
##>  Num Speculate                0                  0                  0                  0                  0                  0                  0                  0  
##>     Runtime(s)                0                  0                  0                  0                  0                  0                  0                  0  
+----------------------------------------------------------------------------------------------------------------------------------------------------------------+
##>
##>
##>+------------------------------------------------------------------------------------------------------------------------------------------------------------+
##>Optimization Step DEBUG Table for config CDN_DP_region_10_3_c7
##>
##>                          Step                        Area   ( % Chg)        WNS (Change)        TNS (Change)          Runtime (s)        Comment                   
##>+------------------------------------------------------------------------------------------------------------------------------------------------------------+
##>EquationExtraction              START             4751354000 (      )     8801.50 (        )             0 (        )              
##> rewrite                        START            19748816050 (+315.65)     8775.40 (  -26.10)             0 (       0)              (a,ar) Expr9_from --> Expr9_to
##>                                  END            12504335850 (-36.68)     8769.50 (   -5.90)             0 (       0)           0  
##>                                  END             4751354000 ( +0.00)     8801.50 (   +0.00)             0 (       0)           0  
##>createMaxCarrySave              START             4751354000 ( +0.00)     8801.50 (   +0.00)             0 (       0)              
##> datapath_rewrite_one_def       START             4751354000 ( +0.00)     8801.50 (   +0.00)             0 (       0)              
##>                                  END             4751354000 ( +0.00)     8801.50 (   +0.00)             0 (       0)           0  
##> csa_opto                       START             4751354000 ( +0.00)     8801.50 (   +0.00)             0 (       0)              
##>                                  END             4751354000 ( +0.00)     8801.50 (   +0.00)             0 (       0)           0  
##>                                  END             4751354000 ( +0.00)     8801.50 (   +0.00)             0 (       0)           0  
##>canonicalize_by_names           START             4751354000 ( +0.00)     8801.50 (   +0.00)             0 (       0)              
##>                                  END             4751354000 ( +0.00)     8801.50 (   +0.00)             0 (       0)           0  
##>datapath_rewrite_post_csa_one_  START             4751354000 ( +0.00)     8801.50 (   +0.00)             0 (       0)              
##>                                  END             4751354000 ( +0.00)     8801.50 (   +0.00)             0 (       0)           0  
##>datapath_csa_factoring_one_gde  START             4751354000 ( +0.00)     8801.50 (   +0.00)             0 (       0)              
##>                                  END             4751354000 ( +0.00)     8801.50 (   +0.00)             0 (       0)           0  
##>dpopt_share_one_def             START             4751354000 ( +0.00)     8801.50 (   +0.00)             0 (       0)              
##>                                  END             4751354000 ( +0.00)     8801.50 (   +0.00)             0 (       0)           0  
##>datapath_rewrite_post_share     START             4751354000 ( +0.00)     8801.50 (   +0.00)             0 (       0)              
##>                                  END             4751354000 ( +0.00)     8801.50 (   +0.00)             0 (       0)           0  
##>dp_combine_const_mult_with_com  START             4751354000 ( +0.00)     8801.50 (   +0.00)             0 (       0)              
##>                                  END             4751354000 ( +0.00)     8801.50 (   +0.00)             0 (       0)           0  
##>dp_operator_level_decompositio  START             4751354000 ( +0.00)     8801.50 (   +0.00)             0 (       0)              
##>                                  END             4751354000 ( +0.00)     8801.50 (   +0.00)             0 (       0)           0  
##>selective_flatten_dp_config     START             4751354000 ( +0.00)     8801.50 (   +0.00)             0 (       0)              
##>                                  END             4751354000 ( +0.00)     8801.50 (   +0.00)             0 (       0)           0  
##>createMaxCarrySave              START             4751354000 ( +0.00)     8801.50 (   +0.00)             0 (       0)              
##> datapath_rewrite_one_def       START             4751354000 ( +0.00)     8801.50 (   +0.00)             0 (       0)              
##>  fast_cse_elim                 START             4751354000 ( +0.00)     8801.50 (   +0.00)             0 (       0)              
##>                                  END             4751354000 ( +0.00)     8801.50 (   +0.00)             0 (       0)           0  
##>  fast_cse_elim                 START             4751354000 ( +0.00)     8801.50 (   +0.00)             0 (       0)              
##>                                  END             4751354000 ( +0.00)     8801.50 (   +0.00)             0 (       0)           0  
##>                                  END             4751354000 ( +0.00)     8801.50 (   +0.00)             0 (       0)           0  
##> csa_opto                       START             4751354000 ( +0.00)     8801.50 (   +0.00)             0 (       0)              
##>                                  END             4751354000 ( +0.00)     8801.50 (   +0.00)             0 (       0)           0  
##>                                  END             4751354000 ( +0.00)     8801.50 (   +0.00)             0 (       0)           0  
##>context_based_simplify          START             4751354000 ( +0.00)     8801.50 (   +0.00)             0 (       0)              
##>                                  END             4751354000 ( +0.00)     8801.50 (   +0.00)             0 (       0)           0  
##>group_csa_final_adder_dp        START             4751354000 ( +0.00)     8801.50 (   +0.00)             0 (       0)              
##>                                  END             4751354000 ( +0.00)     8801.50 (   +0.00)             0 (       0)           0  
##>dpopt_flatten_critical_muxes_i  START             4751354000 ( +0.00)     8801.50 (   +0.00)             0 (       0)              
##>                                  END             4751354000 ( +0.00)     8801.50 (   +0.00)             0 (       0)           0  
##>create_score                    START             4751354000 ( +0.00)     8801.50 (   +0.00)             0 (       0)              
##>                                  END             4751354000 ( +0.00)     8801.50 (   +0.00)             0 (       0)           0  
##>+------------------------------------------------------------------------------------------------------------------------------------------------------------+
Committed config: CDN_DP_region_10_3_c7
Info    : Done implementing datapath configurations. [DPOPT-4]
        : Selected 'very_fast' configuration 7 for module 'CDN_DP_region_10_3'.
          Optimizations applied to 'very_fast' configuration:
            rewriting(0), factoring(0), sharing(0), cmultcse(0), downsizing(0), speculation(0)
Info    : Implementing datapath configurations. [DPOPT-3]
        : Implementing datapath configurations for 'CDN_DP_region_10_4'
CSAGen Prep Share:0 Re-Write:0 Speculation: 0
CDN_DP_region_10_4 level = 0 loads = 0 drivers = 0
MaxCSA: Successfully built Maximal CSA Expression Expr10
CDN_DP_region_10_4_c0 in vproc_mul_MUL_OP_W32_MUL_TYPE0_CTRL_Ttype_8_ctrl_t_671_27_DONT_CARE_ZERO1: area: 4795397450 ,dp = 1 mux = 0 sg = slow         worst_clk_period: -1.0000 
    wns: 0  norm_wns:  -1.0000 
    fail_endp: -1 
    tns:  0  tns_per_endp:  -1.0000   norm_tns_per_endp:  -1.0000 
    tns_sense_max:  -1.0000  tns_sense_avg:  -1.0000   tns_sense_num: -1
 skipped
CDN_DP_region_10_4_c1 in vproc_mul_MUL_OP_W32_MUL_TYPE0_CTRL_Ttype_8_ctrl_t_671_27_DONT_CARE_ZERO1: area: 4795397450 ,dp = 1 mux = 0 sg = fast         worst_clk_period: -1.0000 
    wns: 0  norm_wns:  -1.0000 
    fail_endp: -1 
    tns:  0  tns_per_endp:  -1.0000   norm_tns_per_endp:  -1.0000 
    tns_sense_max:  -1.0000  tns_sense_avg:  -1.0000   tns_sense_num: -1
 is current best
CDN_DP_region_10_4_c2 in vproc_mul_MUL_OP_W32_MUL_TYPE0_CTRL_Ttype_8_ctrl_t_671_27_DONT_CARE_ZERO1: area: 4795397450 ,dp = 1 mux = 0 sg = very_slow    worst_clk_period: -1.0000 
    wns: 0  norm_wns:  -1.0000 
    fail_endp: -1 
    tns:  0  tns_per_endp:  -1.0000   norm_tns_per_endp:  -1.0000 
    tns_sense_max:  -1.0000  tns_sense_avg:  -1.0000   tns_sense_num: -1
 is current best
CDN_DP_region_10_4_c3 in vproc_mul_MUL_OP_W32_MUL_TYPE0_CTRL_Ttype_8_ctrl_t_671_27_DONT_CARE_ZERO1: area: 4795397450 ,dp = 1 mux = 0 sg = very_fast    worst_clk_period: -1.0000 
    wns: 0  norm_wns:  -1.0000 
    fail_endp: -1 
    tns:  0  tns_per_endp:  -1.0000   norm_tns_per_endp:  -1.0000 
    tns_sense_max:  -1.0000  tns_sense_avg:  -1.0000   tns_sense_num: -1
 is current best
CDN_DP_region_10_4_c4 in vproc_mul_MUL_OP_W32_MUL_TYPE0_CTRL_Ttype_8_ctrl_t_671_27_DONT_CARE_ZERO1: area: 4795397450 ,dp = 1 mux = 0 sg = very_fast    worst_clk_period: -1.0000 
    wns: 0  norm_wns:  -1.0000 
    fail_endp: -1 
    tns:  0  tns_per_endp:  -1.0000   norm_tns_per_endp:  -1.0000 
    tns_sense_max:  -1.0000  tns_sense_avg:  -1.0000   tns_sense_num: -1
 is current best
CDN_DP_region_10_4_c5 in vproc_mul_MUL_OP_W32_MUL_TYPE0_CTRL_Ttype_8_ctrl_t_671_27_DONT_CARE_ZERO1: area: 4795397450 ,dp = 1 mux = 0 sg = very_fast    worst_clk_period: -1.0000 
    wns: 0  norm_wns:  -1.0000 
    fail_endp: -1 
    tns:  0  tns_per_endp:  -1.0000   norm_tns_per_endp:  -1.0000 
    tns_sense_max:  -1.0000  tns_sense_avg:  -1.0000   tns_sense_num: -1
 is current best
CDN_DP_region_10_4_c6 in vproc_mul_MUL_OP_W32_MUL_TYPE0_CTRL_Ttype_8_ctrl_t_671_27_DONT_CARE_ZERO1: area: 4795397450 ,dp = 1 mux = 0 sg = very_fast    worst_clk_period: -1.0000 
    wns: 0  norm_wns:  -1.0000 
    fail_endp: -1 
    tns:  0  tns_per_endp:  -1.0000   norm_tns_per_endp:  -1.0000 
    tns_sense_max:  -1.0000  tns_sense_avg:  -1.0000   tns_sense_num: -1
 is current best
CDN_DP_region_10_4_c7 in vproc_mul_MUL_OP_W32_MUL_TYPE0_CTRL_Ttype_8_ctrl_t_671_27_DONT_CARE_ZERO1: area: 4795397450 ,dp = 1 mux = 0 sg = very_fast    worst_clk_period: -1.0000 
    wns: 0  norm_wns:  -1.0000 
    fail_endp: -1 
    tns:  0  tns_per_endp:  -1.0000   norm_tns_per_endp:  -1.0000 
    tns_sense_max:  -1.0000  tns_sense_avg:  -1.0000   tns_sense_num: -1
 is current best
Best config: CDN_DP_region_10_4_c7 in vproc_mul_MUL_OP_W32_MUL_TYPE0_CTRL_Ttype_8_ctrl_t_671_27_DONT_CARE_ZERO1: area: 4795397450 ,dp = 1 mux = 0 sg = very_fast    worst_clk_period: -1.0000 
    wns: 0  norm_wns:  -1.0000 
    fail_endp: -1 
    tns:  0  tns_per_endp:  -1.0000   norm_tns_per_endp:  -1.0000 
    tns_sense_max:  -1.0000  tns_sense_avg:  -1.0000   tns_sense_num: -1
  Smallest config area : 4795397450.  Fastest config wns;  0
##>+----------------------------------------------------------------------------------------------------------------------------------------------------------------+
##>Summary table of configs (Best config is CDN_DP_region_10_4_c7)
##>+----------------------------------------------------------------------------------------------------------------------------------------------------------------+
##>                     0                  1                  2                  3                  4                  5                  6                  7            
##>+----------------------------------------------------------------------------------------------------------------------------------------------------------------+
##>           Area       4795397450         4795397450         4795397450         4795397450         4795397450         4795397450         4795397450         4795397450  
##>            WNS         +8800.20           +8800.20           +8800.20           +8800.20           +8800.20           +8800.20           +8800.20           +8800.20  
##>            TNS                0                  0                  0                  0                  0                  0                  0                  0  
##>    Num Rewrite                0                  0                  0                  0                  0                  0                  0                  0  
##>     Num Factor                0                  0                  0                  0                  0                  0                  0                  0  
##>      Num Share                0                  0                  0                  0                  0                  0                  0                  0  
##>   Num CmultCse                0                  0                  0                  0                  0                  0                  0                  0  
##>   Num Downsize                0                  0                  0                  0                  0                  0                  0                  0  
##>  Num Speculate                0                  0                  0                  0                  0                  0                  0                  0  
##>     Runtime(s)                0                  0                  0                  0                  0                  0                  0                  0  
+----------------------------------------------------------------------------------------------------------------------------------------------------------------+
##>
##>
##>+------------------------------------------------------------------------------------------------------------------------------------------------------------+
##>Optimization Step DEBUG Table for config CDN_DP_region_10_4_c7
##>
##>                          Step                        Area   ( % Chg)        WNS (Change)        TNS (Change)          Runtime (s)        Comment                   
##>+------------------------------------------------------------------------------------------------------------------------------------------------------------+
##>EquationExtraction              START             4795397450 (      )     8800.20 (        )             0 (        )              
##> rewrite                        START            19916981950 (+315.34)     8774.10 (  -26.10)             0 (       0)              (a,ar) Expr10_from --> Expr10_to
##>                                  END            14092569350 (-29.24)     8766.30 (   -7.80)             0 (       0)           0  
##>                                  END             4795397450 ( +0.00)     8800.20 (   +0.00)             0 (       0)           0  
##>createMaxCarrySave              START             4795397450 ( +0.00)     8800.20 (   +0.00)             0 (       0)              
##> datapath_rewrite_one_def       START             4795397450 ( +0.00)     8800.20 (   +0.00)             0 (       0)              
##>                                  END             4795397450 ( +0.00)     8800.20 (   +0.00)             0 (       0)           0  
##> csa_opto                       START             4795397450 ( +0.00)     8800.20 (   +0.00)             0 (       0)              
##>                                  END             4795397450 ( +0.00)     8800.20 (   +0.00)             0 (       0)           0  
##>                                  END             4795397450 ( +0.00)     8800.20 (   +0.00)             0 (       0)           0  
##>canonicalize_by_names           START             4795397450 ( +0.00)     8800.20 (   +0.00)             0 (       0)              
##>                                  END             4795397450 ( +0.00)     8800.20 (   +0.00)             0 (       0)           0  
##>datapath_rewrite_post_csa_one_  START             4795397450 ( +0.00)     8800.20 (   +0.00)             0 (       0)              
##>                                  END             4795397450 ( +0.00)     8800.20 (   +0.00)             0 (       0)           0  
##>datapath_csa_factoring_one_gde  START             4795397450 ( +0.00)     8800.20 (   +0.00)             0 (       0)              
##>                                  END             4795397450 ( +0.00)     8800.20 (   +0.00)             0 (       0)           0  
##>dpopt_share_one_def             START             4795397450 ( +0.00)     8800.20 (   +0.00)             0 (       0)              
##>                                  END             4795397450 ( +0.00)     8800.20 (   +0.00)             0 (       0)           0  
##>datapath_rewrite_post_share     START             4795397450 ( +0.00)     8800.20 (   +0.00)             0 (       0)              
##>                                  END             4795397450 ( +0.00)     8800.20 (   +0.00)             0 (       0)           0  
##>dp_combine_const_mult_with_com  START             4795397450 ( +0.00)     8800.20 (   +0.00)             0 (       0)              
##>                                  END             4795397450 ( +0.00)     8800.20 (   +0.00)             0 (       0)           0  
##>dp_operator_level_decompositio  START             4795397450 ( +0.00)     8800.20 (   +0.00)             0 (       0)              
##>                                  END             4795397450 ( +0.00)     8800.20 (   +0.00)             0 (       0)           0  
##>selective_flatten_dp_config     START             4795397450 ( +0.00)     8800.20 (   +0.00)             0 (       0)              
##>                                  END             4795397450 ( +0.00)     8800.20 (   +0.00)             0 (       0)           0  
##>createMaxCarrySave              START             4795397450 ( +0.00)     8800.20 (   +0.00)             0 (       0)              
##> datapath_rewrite_one_def       START             4795397450 ( +0.00)     8800.20 (   +0.00)             0 (       0)              
##>  fast_cse_elim                 START             4795397450 ( +0.00)     8800.20 (   +0.00)             0 (       0)              
##>                                  END             4795397450 ( +0.00)     8800.20 (   +0.00)             0 (       0)           0  
##>  fast_cse_elim                 START             4795397450 ( +0.00)     8800.20 (   +0.00)             0 (       0)              
##>                                  END             4795397450 ( +0.00)     8800.20 (   +0.00)             0 (       0)           0  
##>                                  END             4795397450 ( +0.00)     8800.20 (   +0.00)             0 (       0)           0  
##> csa_opto                       START             4795397450 ( +0.00)     8800.20 (   +0.00)             0 (       0)              
##>                                  END             4795397450 ( +0.00)     8800.20 (   +0.00)             0 (       0)           0  
##>                                  END             4795397450 ( +0.00)     8800.20 (   +0.00)             0 (       0)           0  
##>context_based_simplify          START             4795397450 ( +0.00)     8800.20 (   +0.00)             0 (       0)              
##>                                  END             4795397450 ( +0.00)     8800.20 (   +0.00)             0 (       0)           0  
##>group_csa_final_adder_dp        START             4795397450 ( +0.00)     8800.20 (   +0.00)             0 (       0)              
##>                                  END             4795397450 ( +0.00)     8800.20 (   +0.00)             0 (       0)           0  
##>dpopt_flatten_critical_muxes_i  START             4795397450 ( +0.00)     8800.20 (   +0.00)             0 (       0)              
##>                                  END             4795397450 ( +0.00)     8800.20 (   +0.00)             0 (       0)           0  
##>create_score                    START             4795397450 ( +0.00)     8800.20 (   +0.00)             0 (       0)              
##>                                  END             4795397450 ( +0.00)     8800.20 (   +0.00)             0 (       0)           0  
##>+------------------------------------------------------------------------------------------------------------------------------------------------------------+
Committed config: CDN_DP_region_10_4_c7
Info    : Done implementing datapath configurations. [DPOPT-4]
        : Selected 'very_fast' configuration 7 for module 'CDN_DP_region_10_4'.
          Optimizations applied to 'very_fast' configuration:
            rewriting(0), factoring(0), sharing(0), cmultcse(0), downsizing(0), speculation(0)
Info    : Implementing datapath configurations. [DPOPT-3]
        : Implementing datapath configurations for 'CDN_DP_region_10_2'
CSAGen Prep Share:0 Re-Write:0 Speculation: 0
CDN_DP_region_10_2 level = 0 loads = 0 drivers = 0
MaxCSA: Successfully built Maximal CSA Expression Expr11
CDN_DP_region_10_2_c0 in vproc_mul_MUL_OP_W32_MUL_TYPE0_CTRL_Ttype_8_ctrl_t_671_27_DONT_CARE_ZERO1: area: 4754023300 ,dp = 1 mux = 0 sg = slow         worst_clk_period: -1.0000 
    wns: 0  norm_wns:  -1.0000 
    fail_endp: -1 
    tns:  0  tns_per_endp:  -1.0000   norm_tns_per_endp:  -1.0000 
    tns_sense_max:  -1.0000  tns_sense_avg:  -1.0000   tns_sense_num: -1
 skipped
CDN_DP_region_10_2_c1 in vproc_mul_MUL_OP_W32_MUL_TYPE0_CTRL_Ttype_8_ctrl_t_671_27_DONT_CARE_ZERO1: area: 4754023300 ,dp = 1 mux = 0 sg = fast         worst_clk_period: -1.0000 
    wns: 0  norm_wns:  -1.0000 
    fail_endp: -1 
    tns:  0  tns_per_endp:  -1.0000   norm_tns_per_endp:  -1.0000 
    tns_sense_max:  -1.0000  tns_sense_avg:  -1.0000   tns_sense_num: -1
 is current best
CDN_DP_region_10_2_c2 in vproc_mul_MUL_OP_W32_MUL_TYPE0_CTRL_Ttype_8_ctrl_t_671_27_DONT_CARE_ZERO1: area: 4754023300 ,dp = 1 mux = 0 sg = very_slow    worst_clk_period: -1.0000 
    wns: 0  norm_wns:  -1.0000 
    fail_endp: -1 
    tns:  0  tns_per_endp:  -1.0000   norm_tns_per_endp:  -1.0000 
    tns_sense_max:  -1.0000  tns_sense_avg:  -1.0000   tns_sense_num: -1
 is current best
CDN_DP_region_10_2_c3 in vproc_mul_MUL_OP_W32_MUL_TYPE0_CTRL_Ttype_8_ctrl_t_671_27_DONT_CARE_ZERO1: area: 4754023300 ,dp = 1 mux = 0 sg = very_fast    worst_clk_period: -1.0000 
    wns: 0  norm_wns:  -1.0000 
    fail_endp: -1 
    tns:  0  tns_per_endp:  -1.0000   norm_tns_per_endp:  -1.0000 
    tns_sense_max:  -1.0000  tns_sense_avg:  -1.0000   tns_sense_num: -1
 is current best
CDN_DP_region_10_2_c4 in vproc_mul_MUL_OP_W32_MUL_TYPE0_CTRL_Ttype_8_ctrl_t_671_27_DONT_CARE_ZERO1: area: 4754023300 ,dp = 1 mux = 0 sg = very_fast    worst_clk_period: -1.0000 
    wns: 0  norm_wns:  -1.0000 
    fail_endp: -1 
    tns:  0  tns_per_endp:  -1.0000   norm_tns_per_endp:  -1.0000 
    tns_sense_max:  -1.0000  tns_sense_avg:  -1.0000   tns_sense_num: -1
 is current best
CDN_DP_region_10_2_c5 in vproc_mul_MUL_OP_W32_MUL_TYPE0_CTRL_Ttype_8_ctrl_t_671_27_DONT_CARE_ZERO1: area: 4754023300 ,dp = 1 mux = 0 sg = very_fast    worst_clk_period: -1.0000 
    wns: 0  norm_wns:  -1.0000 
    fail_endp: -1 
    tns:  0  tns_per_endp:  -1.0000   norm_tns_per_endp:  -1.0000 
    tns_sense_max:  -1.0000  tns_sense_avg:  -1.0000   tns_sense_num: -1
 is current best
CDN_DP_region_10_2_c6 in vproc_mul_MUL_OP_W32_MUL_TYPE0_CTRL_Ttype_8_ctrl_t_671_27_DONT_CARE_ZERO1: area: 4754023300 ,dp = 1 mux = 0 sg = very_fast    worst_clk_period: -1.0000 
    wns: 0  norm_wns:  -1.0000 
    fail_endp: -1 
    tns:  0  tns_per_endp:  -1.0000   norm_tns_per_endp:  -1.0000 
    tns_sense_max:  -1.0000  tns_sense_avg:  -1.0000   tns_sense_num: -1
 is current best
CDN_DP_region_10_2_c7 in vproc_mul_MUL_OP_W32_MUL_TYPE0_CTRL_Ttype_8_ctrl_t_671_27_DONT_CARE_ZERO1: area: 4754023300 ,dp = 1 mux = 0 sg = very_fast    worst_clk_period: -1.0000 
    wns: 0  norm_wns:  -1.0000 
    fail_endp: -1 
    tns:  0  tns_per_endp:  -1.0000   norm_tns_per_endp:  -1.0000 
    tns_sense_max:  -1.0000  tns_sense_avg:  -1.0000   tns_sense_num: -1
 is current best
Best config: CDN_DP_region_10_2_c7 in vproc_mul_MUL_OP_W32_MUL_TYPE0_CTRL_Ttype_8_ctrl_t_671_27_DONT_CARE_ZERO1: area: 4754023300 ,dp = 1 mux = 0 sg = very_fast    worst_clk_period: -1.0000 
    wns: 0  norm_wns:  -1.0000 
    fail_endp: -1 
    tns:  0  tns_per_endp:  -1.0000   norm_tns_per_endp:  -1.0000 
    tns_sense_max:  -1.0000  tns_sense_avg:  -1.0000   tns_sense_num: -1
  Smallest config area : 4754023300.  Fastest config wns;  0
##>+----------------------------------------------------------------------------------------------------------------------------------------------------------------+
##>Summary table of configs (Best config is CDN_DP_region_10_2_c7)
##>+----------------------------------------------------------------------------------------------------------------------------------------------------------------+
##>                     0                  1                  2                  3                  4                  5                  6                  7            
##>+----------------------------------------------------------------------------------------------------------------------------------------------------------------+
##>           Area       4754023300         4754023300         4754023300         4754023300         4754023300         4754023300         4754023300         4754023300  
##>            WNS         +8800.20           +8800.20           +8800.20           +8800.20           +8800.20           +8800.20           +8800.20           +8800.20  
##>            TNS                0                  0                  0                  0                  0                  0                  0                  0  
##>    Num Rewrite                0                  0                  0                  0                  0                  0                  0                  0  
##>     Num Factor                0                  0                  0                  0                  0                  0                  0                  0  
##>      Num Share                0                  0                  0                  0                  0                  0                  0                  0  
##>   Num CmultCse                0                  0                  0                  0                  0                  0                  0                  0  
##>   Num Downsize                0                  0                  0                  0                  0                  0                  0                  0  
##>  Num Speculate                0                  0                  0                  0                  0                  0                  0                  0  
##>     Runtime(s)                0                  0                  0                  0                  0                  0                  0                  0  
+----------------------------------------------------------------------------------------------------------------------------------------------------------------+
##>
##>
##>+------------------------------------------------------------------------------------------------------------------------------------------------------------+
##>Optimization Step DEBUG Table for config CDN_DP_region_10_2_c7
##>
##>                          Step                        Area   ( % Chg)        WNS (Change)        TNS (Change)          Runtime (s)        Comment                   
##>+------------------------------------------------------------------------------------------------------------------------------------------------------------+
##>EquationExtraction              START             4754023300 (      )     8800.20 (        )             0 (        )              
##> rewrite                        START            19886285000 (+318.30)     8760.30 (  -39.90)             0 (       0)              (a,ar) Expr11_from --> Expr11_to
##>                                  END            14051195200 (-29.34)     8766.00 (   +5.70)             0 (       0)           0  
##>                                  END             4754023300 ( +0.00)     8800.20 (   +0.00)             0 (       0)           0  
##>createMaxCarrySave              START             4754023300 ( +0.00)     8800.20 (   +0.00)             0 (       0)              
##> datapath_rewrite_one_def       START             4754023300 ( +0.00)     8800.20 (   +0.00)             0 (       0)              
##>                                  END             4754023300 ( +0.00)     8800.20 (   +0.00)             0 (       0)           0  
##> csa_opto                       START             4754023300 ( +0.00)     8800.20 (   +0.00)             0 (       0)              
##>                                  END             4754023300 ( +0.00)     8800.20 (   +0.00)             0 (       0)           0  
##>                                  END             4754023300 ( +0.00)     8800.20 (   +0.00)             0 (       0)           0  
##>canonicalize_by_names           START             4754023300 ( +0.00)     8800.20 (   +0.00)             0 (       0)              
##>                                  END             4754023300 ( +0.00)     8800.20 (   +0.00)             0 (       0)           0  
##>datapath_rewrite_post_csa_one_  START             4754023300 ( +0.00)     8800.20 (   +0.00)             0 (       0)              
##>                                  END             4754023300 ( +0.00)     8800.20 (   +0.00)             0 (       0)           0  
##>datapath_csa_factoring_one_gde  START             4754023300 ( +0.00)     8800.20 (   +0.00)             0 (       0)              
##>                                  END             4754023300 ( +0.00)     8800.20 (   +0.00)             0 (       0)           0  
##>dpopt_share_one_def             START             4754023300 ( +0.00)     8800.20 (   +0.00)             0 (       0)              
##>                                  END             4754023300 ( +0.00)     8800.20 (   +0.00)             0 (       0)           0  
##>datapath_rewrite_post_share     START             4754023300 ( +0.00)     8800.20 (   +0.00)             0 (       0)              
##>                                  END             4754023300 ( +0.00)     8800.20 (   +0.00)             0 (       0)           0  
##>dp_combine_const_mult_with_com  START             4754023300 ( +0.00)     8800.20 (   +0.00)             0 (       0)              
##>                                  END             4754023300 ( +0.00)     8800.20 (   +0.00)             0 (       0)           0  
##>dp_operator_level_decompositio  START             4754023300 ( +0.00)     8800.20 (   +0.00)             0 (       0)              
##>                                  END             4754023300 ( +0.00)     8800.20 (   +0.00)             0 (       0)           0  
##>selective_flatten_dp_config     START             4754023300 ( +0.00)     8800.20 (   +0.00)             0 (       0)              
##>                                  END             4754023300 ( +0.00)     8800.20 (   +0.00)             0 (       0)           0  
##>createMaxCarrySave              START             4754023300 ( +0.00)     8800.20 (   +0.00)             0 (       0)              
##> datapath_rewrite_one_def       START             4754023300 ( +0.00)     8800.20 (   +0.00)             0 (       0)              
##>  fast_cse_elim                 START             4754023300 ( +0.00)     8800.20 (   +0.00)             0 (       0)              
##>                                  END             4754023300 ( +0.00)     8800.20 (   +0.00)             0 (       0)           0  
##>  fast_cse_elim                 START             4754023300 ( +0.00)     8800.20 (   +0.00)             0 (       0)              
##>                                  END             4754023300 ( +0.00)     8800.20 (   +0.00)             0 (       0)           0  
##>                                  END             4754023300 ( +0.00)     8800.20 (   +0.00)             0 (       0)           0  
##> csa_opto                       START             4754023300 ( +0.00)     8800.20 (   +0.00)             0 (       0)              
##>                                  END             4754023300 ( +0.00)     8800.20 (   +0.00)             0 (       0)           0  
##>                                  END             4754023300 ( +0.00)     8800.20 (   +0.00)             0 (       0)           0  
##>context_based_simplify          START             4754023300 ( +0.00)     8800.20 (   +0.00)             0 (       0)              
##>                                  END             4754023300 ( +0.00)     8800.20 (   +0.00)             0 (       0)           0  
##>group_csa_final_adder_dp        START             4754023300 ( +0.00)     8800.20 (   +0.00)             0 (       0)              
##>                                  END             4754023300 ( +0.00)     8800.20 (   +0.00)             0 (       0)           0  
##>dpopt_flatten_critical_muxes_i  START             4754023300 ( +0.00)     8800.20 (   +0.00)             0 (       0)              
##>                                  END             4754023300 ( +0.00)     8800.20 (   +0.00)             0 (       0)           0  
##>create_score                    START             4754023300 ( +0.00)     8800.20 (   +0.00)             0 (       0)              
##>                                  END             4754023300 ( +0.00)     8800.20 (   +0.00)             0 (       0)           0  
##>+------------------------------------------------------------------------------------------------------------------------------------------------------------+
Committed config: CDN_DP_region_10_2_c7
Info    : Done implementing datapath configurations. [DPOPT-4]
        : Selected 'very_fast' configuration 7 for module 'CDN_DP_region_10_2'.
          Optimizations applied to 'very_fast' configuration:
            rewriting(0), factoring(0), sharing(0), cmultcse(0), downsizing(0), speculation(0)
Info    : Implementing datapath configurations. [DPOPT-3]
        : Implementing datapath configurations for 'CDN_DP_region_9_6'
CSAGen Prep Share:0 Re-Write:0 Speculation: 0
CDN_DP_region_9_6 level = 0 loads = 1 drivers = 1 is driven by : CDN_DP_region_9_4 
CDN_DP_region_9_6_c0 in rv32im_top: area: 100098750 ,dp = 1 mux = 1 sg = slow         worst_clk_period: -1.0000 
    wns: 0  norm_wns:  -1.0000 
    fail_endp: -1 
    tns:  0  tns_per_endp:  -1.0000   norm_tns_per_endp:  -1.0000 
    tns_sense_max:  -1.0000  tns_sense_avg:  -1.0000   tns_sense_num: -1
 skipped
CDN_DP_region_9_6_c1 in rv32im_top: area: 64063200 ,dp = 0 mux = 1 sg = fast         worst_clk_period: -1.0000 
    wns: 0  norm_wns:  -1.0000 
    fail_endp: -1 
    tns:  0  tns_per_endp:  -1.0000   norm_tns_per_endp:  -1.0000 
    tns_sense_max:  -1.0000  tns_sense_avg:  -1.0000   tns_sense_num: -1
 is current best
CDN_DP_region_9_6_c2 in rv32im_top: area: 64063200 ,dp = 0 mux = 1 sg = very_slow    worst_clk_period: -1.0000 
    wns: 0  norm_wns:  -1.0000 
    fail_endp: -1 
    tns:  0  tns_per_endp:  -1.0000   norm_tns_per_endp:  -1.0000 
    tns_sense_max:  -1.0000  tns_sense_avg:  -1.0000   tns_sense_num: -1
 is current best
CDN_DP_region_9_6_c3 in rv32im_top: area: 64063200 ,dp = 0 mux = 1 sg = very_fast    worst_clk_period: -1.0000 
    wns: 0  norm_wns:  -1.0000 
    fail_endp: -1 
    tns:  0  tns_per_endp:  -1.0000   norm_tns_per_endp:  -1.0000 
    tns_sense_max:  -1.0000  tns_sense_avg:  -1.0000   tns_sense_num: -1
 is current best
CDN_DP_region_9_6_c4 in rv32im_top: area: 64063200 ,dp = 0 mux = 1 sg = very_fast    worst_clk_period: -1.0000 
    wns: 0  norm_wns:  -1.0000 
    fail_endp: -1 
    tns:  0  tns_per_endp:  -1.0000   norm_tns_per_endp:  -1.0000 
    tns_sense_max:  -1.0000  tns_sense_avg:  -1.0000   tns_sense_num: -1
 is current best
CDN_DP_region_9_6_c5 in rv32im_top: area: 64063200 ,dp = 0 mux = 1 sg = very_fast    worst_clk_period: -1.0000 
    wns: 0  norm_wns:  -1.0000 
    fail_endp: -1 
    tns:  0  tns_per_endp:  -1.0000   norm_tns_per_endp:  -1.0000 
    tns_sense_max:  -1.0000  tns_sense_avg:  -1.0000   tns_sense_num: -1
 is current best
CDN_DP_region_9_6_c6 in rv32im_top: area: 64063200 ,dp = 0 mux = 1 sg = very_fast    worst_clk_period: -1.0000 
    wns: 0  norm_wns:  -1.0000 
    fail_endp: -1 
    tns:  0  tns_per_endp:  -1.0000   norm_tns_per_endp:  -1.0000 
    tns_sense_max:  -1.0000  tns_sense_avg:  -1.0000   tns_sense_num: -1
 is current best
CDN_DP_region_9_6_c7 in rv32im_top: area: 64063200 ,dp = 0 mux = 1 sg = very_fast    worst_clk_period: -1.0000 
    wns: 0  norm_wns:  -1.0000 
    fail_endp: -1 
    tns:  0  tns_per_endp:  -1.0000   norm_tns_per_endp:  -1.0000 
    tns_sense_max:  -1.0000  tns_sense_avg:  -1.0000   tns_sense_num: -1
 is current best
Best config: CDN_DP_region_9_6_c7 in rv32im_top: area: 64063200 ,dp = 0 mux = 1 sg = very_fast    worst_clk_period: -1.0000 
    wns: 0  norm_wns:  -1.0000 
    fail_endp: -1 
    tns:  0  tns_per_endp:  -1.0000   norm_tns_per_endp:  -1.0000 
    tns_sense_max:  -1.0000  tns_sense_avg:  -1.0000   tns_sense_num: -1
  Smallest config area : 64063200.  Fastest config wns;  0
##>+----------------------------------------------------------------------------------------------------------------------------------------------------------------+
##>Summary table of configs (Best config is CDN_DP_region_9_6_c7)
##>+----------------------------------------------------------------------------------------------------------------------------------------------------------------+
##>                     0                  1                  2                  3                  4                  5                  6                  7            
##>+----------------------------------------------------------------------------------------------------------------------------------------------------------------+
##>           Area        100098750           64063200           64063200           64063200           64063200           64063200           64063200           64063200  
##>            WNS         +8387.70           +8440.20           +8440.20           +8440.20           +8440.20           +8440.20           +8440.20           +8440.20  
##>            TNS                0                  0                  0                  0                  0                  0                  0                  0  
##>    Num Rewrite                0                  0                  0                  0                  0                  0                  0                  0  
##>     Num Factor                0                  0                  0                  0                  0                  0                  0                  0  
##>      Num Share                0                  0                  0                  0                  0                  0                  0                  0  
##>   Num CmultCse                0                  0                  0                  0                  0                  0                  0                  0  
##>   Num Downsize                0                  0                  0                  0                  0                  0                  0                  0  
##>  Num Speculate                0                  0                  0                  0                  0                  0                  0                  0  
##>     Runtime(s)                0                  0                  0                  0                  0                  0                  0                  0  
+----------------------------------------------------------------------------------------------------------------------------------------------------------------+
##>
##>
##>+------------------------------------------------------------------------------------------------------------------------------------------------------------+
##>Optimization Step DEBUG Table for config CDN_DP_region_9_6_c7
##>
##>                          Step                        Area   ( % Chg)        WNS (Change)        TNS (Change)          Runtime (s)        Comment                   
##>+------------------------------------------------------------------------------------------------------------------------------------------------------------+
##>EquationExtraction              START              100098750 (      )     8387.70 (        )             0 (        )              
##>                                  END              100098750 ( +0.00)     8387.70 (   +0.00)             0 (       0)           0  
##>createMaxCarrySave              START              100098750 ( +0.00)     8387.70 (   +0.00)             0 (       0)              
##> datapath_rewrite_one_def       START              100098750 ( +0.00)     8387.70 (   +0.00)             0 (       0)              
##>                                  END              100098750 ( +0.00)     8387.70 (   +0.00)             0 (       0)           0  
##> speculate_in_gdef              START              100098750 ( +0.00)     8387.70 (   +0.00)             0 (       0)              
##>  pre_speculate_mux_merge       START              100098750 ( +0.00)     8387.70 (   +0.00)             0 (       0)              
##>                                  END              100098750 ( +0.00)     8387.70 (   +0.00)             0 (       0)           0  
##>                                  END              100098750 ( +0.00)     8387.70 (   +0.00)             0 (       0)           0  
##> csa_opto                       START              100098750 ( +0.00)     8387.70 (   +0.00)             0 (       0)              
##>                                  END              100098750 ( +0.00)     8387.70 (   +0.00)             0 (       0)           0  
##>                                  END              100098750 ( +0.00)     8387.70 (   +0.00)             0 (       0)           0  
##>canonicalize_by_names           START              100098750 ( +0.00)     8387.70 (   +0.00)             0 (       0)              
##>                                  END              100098750 ( +0.00)     8387.70 (   +0.00)             0 (       0)           0  
##>datapath_rewrite_post_csa_one_  START              100098750 ( +0.00)     8387.70 (   +0.00)             0 (       0)              
##>                                  END              100098750 ( +0.00)     8387.70 (   +0.00)             0 (       0)           0  
##>datapath_csa_factoring_one_gde  START              100098750 ( +0.00)     8387.70 (   +0.00)             0 (       0)              
##>                                  END              100098750 ( +0.00)     8387.70 (   +0.00)             0 (       0)           0  
##>dpopt_share_one_def             START              100098750 ( +0.00)     8387.70 (   +0.00)             0 (       0)              
##>                                  END              100098750 ( +0.00)     8387.70 (   +0.00)             0 (       0)           0  
##>datapath_rewrite_post_share     START              100098750 ( +0.00)     8387.70 (   +0.00)             0 (       0)              
##>                                  END              100098750 ( +0.00)     8387.70 (   +0.00)             0 (       0)           0  
##>dp_combine_const_mult_with_com  START              100098750 ( +0.00)     8387.70 (   +0.00)             0 (       0)              
##>                                  END              100098750 ( +0.00)     8387.70 (   +0.00)             0 (       0)           0  
##>speculate_in_gdef               START              100098750 ( +0.00)     8387.70 (   +0.00)             0 (       0)              
##> pre_speculate_mux_merge        START              100098750 ( +0.00)     8387.70 (   +0.00)             0 (       0)              
##>                                  END              100098750 ( +0.00)     8387.70 (   +0.00)             0 (       0)           0  
##>                                  END              100098750 ( +0.00)     8387.70 (   +0.00)             0 (       0)           0  
##>dp_operator_level_decompositio  START              100098750 ( +0.00)     8387.70 (   +0.00)             0 (       0)              
##>                                  END              100098750 ( +0.00)     8387.70 (   +0.00)             0 (       0)           0  
##>selective_flatten_dp_config     START              100098750 ( +0.00)     8387.70 (   +0.00)             0 (       0)              
##>                                  END               64063200 (-36.00)     8440.20 (  +52.50)             0 (       0)           0  
##>createMaxCarrySave              START               64063200 ( +0.00)     8440.20 (   +0.00)             0 (       0)              
##> datapath_rewrite_one_def       START               64063200 ( +0.00)     8440.20 (   +0.00)             0 (       0)              
##>  fast_cse_elim                 START               64063200 ( +0.00)     8440.20 (   +0.00)             0 (       0)              
##>                                  END               64063200 ( +0.00)     8440.20 (   +0.00)             0 (       0)           0  
##>  fast_cse_elim                 START               64063200 ( +0.00)     8440.20 (   +0.00)             0 (       0)              
##>                                  END               64063200 ( +0.00)     8440.20 (   +0.00)             0 (       0)           0  
##>                                  END               64063200 ( +0.00)     8440.20 (   +0.00)             0 (       0)           0  
##> speculate_in_gdef              START               64063200 ( +0.00)     8440.20 (   +0.00)             0 (       0)              
##>  pre_speculate_mux_merge       START               64063200 ( +0.00)     8440.20 (   +0.00)             0 (       0)              
##>                                  END               64063200 ( +0.00)     8440.20 (   +0.00)             0 (       0)           0  
##>                                  END               64063200 ( +0.00)     8440.20 (   +0.00)             0 (       0)           0  
##> csa_opto                       START               64063200 ( +0.00)     8440.20 (   +0.00)             0 (       0)              
##>                                  END               64063200 ( +0.00)     8440.20 (   +0.00)             0 (       0)           0  
##>                                  END               64063200 ( +0.00)     8440.20 (   +0.00)             0 (       0)           0  
##>context_based_simplify          START               64063200 ( +0.00)     8440.20 (   +0.00)             0 (       0)              
##>                                  END               64063200 ( +0.00)     8440.20 (   +0.00)             0 (       0)           0  
##>group_csa_final_adder_dp        START               64063200 ( +0.00)     8440.20 (   +0.00)             0 (       0)              
##>                                  END               64063200 ( +0.00)     8440.20 (   +0.00)             0 (       0)           0  
##>dpopt_flatten_critical_muxes_i  START               64063200 ( +0.00)     8440.20 (   +0.00)             0 (       0)              
##>                                  END               64063200 ( +0.00)     8440.20 (   +0.00)             0 (       0)           0  
##>speculate_in_gdef               START               64063200 ( +0.00)     8440.20 (   +0.00)             0 (       0)              
##> pre_speculate_mux_merge        START               64063200 ( +0.00)     8440.20 (   +0.00)             0 (       0)              
##>                                  END               64063200 ( +0.00)     8440.20 (   +0.00)             0 (       0)           0  
##>                                  END               64063200 ( +0.00)     8440.20 (   +0.00)             0 (       0)           0  
##>create_score                    START               64063200 ( +0.00)     8440.20 (   +0.00)             0 (       0)              
##>                                  END               64063200 ( +0.00)     8440.20 (   +0.00)             0 (       0)           0  
##>+------------------------------------------------------------------------------------------------------------------------------------------------------------+
Committed config: CDN_DP_region_9_6_c7
Info    : Done implementing datapath configurations. [DPOPT-4]
        : Selected 'very_fast' configuration 7 for module 'CDN_DP_region_9_6'.
          Optimizations applied to 'very_fast' configuration:
            rewriting(0), factoring(0), sharing(0), cmultcse(0), downsizing(0), speculation(0)
Info    : Implementing datapath configurations. [DPOPT-3]
        : Implementing datapath configurations for 'CDN_DP_region_9_5'
CSAGen Prep Share:0 Re-Write:0 Speculation: 0
CDN_DP_region_9_5 level = 0 loads = 0 drivers = 0
CDN_DP_region_9_5_c0 in rv32im_top: area: 85417600 ,dp = 3 mux = 2 sg = slow         worst_clk_period: -1.0000 
    wns: 0  norm_wns:  -1.0000 
    fail_endp: -1 
    tns:  0  tns_per_endp:  -1.0000   norm_tns_per_endp:  -1.0000 
    tns_sense_max:  -1.0000  tns_sense_avg:  -1.0000   tns_sense_num: -1
 skipped
CDN_DP_region_9_5_c1 in rv32im_top: area: 64063200 ,dp = 0 mux = 2 sg = fast         worst_clk_period: -1.0000 
    wns: 0  norm_wns:  -1.0000 
    fail_endp: -1 
    tns:  0  tns_per_endp:  -1.0000   norm_tns_per_endp:  -1.0000 
    tns_sense_max:  -1.0000  tns_sense_avg:  -1.0000   tns_sense_num: -1
 is current best
CDN_DP_region_9_5_c2 in rv32im_top: area: 64063200 ,dp = 0 mux = 2 sg = very_slow    worst_clk_period: -1.0000 
    wns: 0  norm_wns:  -1.0000 
    fail_endp: -1 
    tns:  0  tns_per_endp:  -1.0000   norm_tns_per_endp:  -1.0000 
    tns_sense_max:  -1.0000  tns_sense_avg:  -1.0000   tns_sense_num: -1
 is current best
CDN_DP_region_9_5_c3 in rv32im_top: area: 64063200 ,dp = 0 mux = 2 sg = very_fast    worst_clk_period: -1.0000 
    wns: 0  norm_wns:  -1.0000 
    fail_endp: -1 
    tns:  0  tns_per_endp:  -1.0000   norm_tns_per_endp:  -1.0000 
    tns_sense_max:  -1.0000  tns_sense_avg:  -1.0000   tns_sense_num: -1
 is current best
CDN_DP_region_9_5_c4 in rv32im_top: area: 64063200 ,dp = 0 mux = 2 sg = very_fast    worst_clk_period: -1.0000 
    wns: 0  norm_wns:  -1.0000 
    fail_endp: -1 
    tns:  0  tns_per_endp:  -1.0000   norm_tns_per_endp:  -1.0000 
    tns_sense_max:  -1.0000  tns_sense_avg:  -1.0000   tns_sense_num: -1
 is current best
CDN_DP_region_9_5_c5 in rv32im_top: area: 64063200 ,dp = 0 mux = 2 sg = very_fast    worst_clk_period: -1.0000 
    wns: 0  norm_wns:  -1.0000 
    fail_endp: -1 
    tns:  0  tns_per_endp:  -1.0000   norm_tns_per_endp:  -1.0000 
    tns_sense_max:  -1.0000  tns_sense_avg:  -1.0000   tns_sense_num: -1
 is current best
CDN_DP_region_9_5_c6 in rv32im_top: area: 64063200 ,dp = 0 mux = 2 sg = very_fast    worst_clk_period: -1.0000 
    wns: 0  norm_wns:  -1.0000 
    fail_endp: -1 
    tns:  0  tns_per_endp:  -1.0000   norm_tns_per_endp:  -1.0000 
    tns_sense_max:  -1.0000  tns_sense_avg:  -1.0000   tns_sense_num: -1
 is current best
CDN_DP_region_9_5_c7 in rv32im_top: area: 64063200 ,dp = 0 mux = 2 sg = very_fast    worst_clk_period: -1.0000 
    wns: 0  norm_wns:  -1.0000 
    fail_endp: -1 
    tns:  0  tns_per_endp:  -1.0000   norm_tns_per_endp:  -1.0000 
    tns_sense_max:  -1.0000  tns_sense_avg:  -1.0000   tns_sense_num: -1
 is current best
Best config: CDN_DP_region_9_5_c7 in rv32im_top: area: 64063200 ,dp = 0 mux = 2 sg = very_fast    worst_clk_period: -1.0000 
    wns: 0  norm_wns:  -1.0000 
    fail_endp: -1 
    tns:  0  tns_per_endp:  -1.0000   norm_tns_per_endp:  -1.0000 
    tns_sense_max:  -1.0000  tns_sense_avg:  -1.0000   tns_sense_num: -1
  Smallest config area : 64063200.  Fastest config wns;  0
##>+----------------------------------------------------------------------------------------------------------------------------------------------------------------+
##>Summary table of configs (Best config is CDN_DP_region_9_5_c7)
##>+----------------------------------------------------------------------------------------------------------------------------------------------------------------+
##>                     0                  1                  2                  3                  4                  5                  6                  7            
##>+----------------------------------------------------------------------------------------------------------------------------------------------------------------+
##>           Area         85417600           64063200           64063200           64063200           64063200           64063200           64063200           64063200  
##>            WNS         +9500.30           +9561.60           +9561.60           +9561.60           +9561.60           +9561.60           +9561.60           +9561.60  
##>            TNS                0                  0                  0                  0                  0                  0                  0                  0  
##>    Num Rewrite                0                  0                  0                  0                  0                  0                  0                  0  
##>     Num Factor                0                  0                  0                  0                  0                  0                  0                  0  
##>      Num Share                0                  0                  0                  0                  0                  0                  0                  0  
##>   Num CmultCse                0                  0                  0                  0                  0                  0                  0                  0  
##>   Num Downsize                0                  0                  0                  0                  0                  0                  0                  0  
##>  Num Speculate                0                  0                  0                  0                  0                  0                  0                  0  
##>     Runtime(s)                0                  0                  0                  0                  0                  0                  0                  0  
+----------------------------------------------------------------------------------------------------------------------------------------------------------------+
##>
##>
##>+------------------------------------------------------------------------------------------------------------------------------------------------------------+
##>Optimization Step DEBUG Table for config CDN_DP_region_9_5_c7
##>
##>                          Step                        Area   ( % Chg)        WNS (Change)        TNS (Change)          Runtime (s)        Comment                   
##>+------------------------------------------------------------------------------------------------------------------------------------------------------------+
##>EquationExtraction              START               85417600 (      )     9500.30 (        )             0 (        )              
##>                                  END               85417600 ( +0.00)     9500.30 (   +0.00)             0 (       0)           0  
##>createMaxCarrySave              START               85417600 ( +0.00)     9500.30 (   +0.00)             0 (       0)              
##> datapath_rewrite_one_def       START               85417600 ( +0.00)     9500.30 (   +0.00)             0 (       0)              
##>                                  END               85417600 ( +0.00)     9500.30 (   +0.00)             0 (       0)           0  
##> speculate_in_gdef              START               85417600 ( +0.00)     9500.30 (   +0.00)             0 (       0)              
##>  pre_speculate_mux_merge       START               85417600 ( +0.00)     9500.30 (   +0.00)             0 (       0)              
##>                                  END               85417600 ( +0.00)     9500.30 (   +0.00)             0 (       0)           0  
##>                                  END               85417600 ( +0.00)     9500.30 (   +0.00)             0 (       0)           0  
##> csa_opto                       START               85417600 ( +0.00)     9500.30 (   +0.00)             0 (       0)              
##>                                  END               85417600 ( +0.00)     9500.30 (   +0.00)             0 (       0)           0  
##>                                  END               85417600 ( +0.00)     9500.30 (   +0.00)             0 (       0)           0  
##>canonicalize_by_names           START               85417600 ( +0.00)     9500.30 (   +0.00)             0 (       0)              
##>                                  END               85417600 ( +0.00)     9500.30 (   +0.00)             0 (       0)           0  
##>datapath_rewrite_post_csa_one_  START               85417600 ( +0.00)     9500.30 (   +0.00)             0 (       0)              
##>                                  END               85417600 ( +0.00)     9500.30 (   +0.00)             0 (       0)           0  
##>datapath_csa_factoring_one_gde  START               85417600 ( +0.00)     9500.30 (   +0.00)             0 (       0)              
##>                                  END               85417600 ( +0.00)     9500.30 (   +0.00)             0 (       0)           0  
##>dpopt_share_one_def             START               85417600 ( +0.00)     9500.30 (   +0.00)             0 (       0)              
##>                                  END               85417600 ( +0.00)     9500.30 (   +0.00)             0 (       0)           0  
##>datapath_rewrite_post_share     START               85417600 ( +0.00)     9500.30 (   +0.00)             0 (       0)              
##>                                  END               85417600 ( +0.00)     9500.30 (   +0.00)             0 (       0)           0  
##>dp_combine_const_mult_with_com  START               85417600 ( +0.00)     9500.30 (   +0.00)             0 (       0)              
##>                                  END               85417600 ( +0.00)     9500.30 (   +0.00)             0 (       0)           0  
##>speculate_in_gdef               START               85417600 ( +0.00)     9500.30 (   +0.00)             0 (       0)              
##> pre_speculate_mux_merge        START               85417600 ( +0.00)     9500.30 (   +0.00)             0 (       0)              
##>                                  END               85417600 ( +0.00)     9500.30 (   +0.00)             0 (       0)           0  
##>                                  END               85417600 ( +0.00)     9500.30 (   +0.00)             0 (       0)           0  
##>dp_operator_level_decompositio  START               85417600 ( +0.00)     9500.30 (   +0.00)             0 (       0)              
##>                                  END               85417600 ( +0.00)     9500.30 (   +0.00)             0 (       0)           0  
##>selective_flatten_dp_config     START               85417600 ( +0.00)     9500.30 (   +0.00)             0 (       0)              
##>                                  END               64063200 (-25.00)     9561.60 (  +61.30)             0 (       0)           0  
##>createMaxCarrySave              START               64063200 ( +0.00)     9561.60 (   +0.00)             0 (       0)              
##> datapath_rewrite_one_def       START               64063200 ( +0.00)     9561.60 (   +0.00)             0 (       0)              
##>  fast_cse_elim                 START               64063200 ( +0.00)     9561.60 (   +0.00)             0 (       0)              
##>                                  END               64063200 ( +0.00)     9561.60 (   +0.00)             0 (       0)           0  
##>  fast_cse_elim                 START               64063200 ( +0.00)     9561.60 (   +0.00)             0 (       0)              
##>                                  END               64063200 ( +0.00)     9561.60 (   +0.00)             0 (       0)           0  
##>                                  END               64063200 ( +0.00)     9561.60 (   +0.00)             0 (       0)           0  
##> speculate_in_gdef              START               64063200 ( +0.00)     9561.60 (   +0.00)             0 (       0)              
##>  pre_speculate_mux_merge       START               64063200 ( +0.00)     9561.60 (   +0.00)             0 (       0)              
##>                                  END               64063200 ( +0.00)     9561.60 (   +0.00)             0 (       0)           0  
##>                                  END               64063200 ( +0.00)     9561.60 (   +0.00)             0 (       0)           0  
##> csa_opto                       START               64063200 ( +0.00)     9561.60 (   +0.00)             0 (       0)              
##>                                  END               64063200 ( +0.00)     9561.60 (   +0.00)             0 (       0)           0  
##>                                  END               64063200 ( +0.00)     9561.60 (   +0.00)             0 (       0)           0  
##>context_based_simplify          START               64063200 ( +0.00)     9561.60 (   +0.00)             0 (       0)              
##>                                  END               64063200 ( +0.00)     9561.60 (   +0.00)             0 (       0)           0  
##>group_csa_final_adder_dp        START               64063200 ( +0.00)     9561.60 (   +0.00)             0 (       0)              
##>                                  END               64063200 ( +0.00)     9561.60 (   +0.00)             0 (       0)           0  
##>dpopt_flatten_critical_muxes_i  START               64063200 ( +0.00)     9561.60 (   +0.00)             0 (       0)              
##>                                  END               64063200 ( +0.00)     9561.60 (   +0.00)             0 (       0)           0  
##>speculate_in_gdef               START               64063200 ( +0.00)     9561.60 (   +0.00)             0 (       0)              
##> pre_speculate_mux_merge        START               64063200 ( +0.00)     9561.60 (   +0.00)             0 (       0)              
##>                                  END               64063200 ( +0.00)     9561.60 (   +0.00)             0 (       0)           0  
##>                                  END               64063200 ( +0.00)     9561.60 (   +0.00)             0 (       0)           0  
##>create_score                    START               64063200 ( +0.00)     9561.60 (   +0.00)             0 (       0)              
##>                                  END               64063200 ( +0.00)     9561.60 (   +0.00)             0 (       0)           0  
##>+------------------------------------------------------------------------------------------------------------------------------------------------------------+
Committed config: CDN_DP_region_9_5_c7
Info    : Done implementing datapath configurations. [DPOPT-4]
        : Selected 'very_fast' configuration 7 for module 'CDN_DP_region_9_5'.
          Optimizations applied to 'very_fast' configuration:
            rewriting(0), factoring(0), sharing(0), cmultcse(0), downsizing(0), speculation(0)
Info    : Implementing datapath configurations. [DPOPT-3]
        : Implementing datapath configurations for 'CDN_DP_region_10_6'
CSAGen Prep Share:0 Re-Write:0 Speculation: 0
CDN_DP_region_10_6 level = 0 loads = 0 drivers = 0
CDN_DP_region_10_6_c0 in vproc_mul_MUL_OP_W32_MUL_TYPE0_CTRL_Ttype_8_ctrl_t_671_27_DONT_CARE_ZERO1: area: 82748300 ,dp = 3 mux = 2 sg = slow         worst_clk_period: -1.0000 
    wns: 0  norm_wns:  -1.0000 
    fail_endp: -1 
    tns:  0  tns_per_endp:  -1.0000   norm_tns_per_endp:  -1.0000 
    tns_sense_max:  -1.0000  tns_sense_avg:  -1.0000   tns_sense_num: -1
 skipped
CDN_DP_region_10_6_c1 in vproc_mul_MUL_OP_W32_MUL_TYPE0_CTRL_Ttype_8_ctrl_t_671_27_DONT_CARE_ZERO1: area: 61393900 ,dp = 0 mux = 2 sg = fast         worst_clk_period: -1.0000 
    wns: 0  norm_wns:  -1.0000 
    fail_endp: -1 
    tns:  0  tns_per_endp:  -1.0000   norm_tns_per_endp:  -1.0000 
    tns_sense_max:  -1.0000  tns_sense_avg:  -1.0000   tns_sense_num: -1
 is current best
CDN_DP_region_10_6_c2 in vproc_mul_MUL_OP_W32_MUL_TYPE0_CTRL_Ttype_8_ctrl_t_671_27_DONT_CARE_ZERO1: area: 61393900 ,dp = 0 mux = 2 sg = very_slow    worst_clk_period: -1.0000 
    wns: 0  norm_wns:  -1.0000 
    fail_endp: -1 
    tns:  0  tns_per_endp:  -1.0000   norm_tns_per_endp:  -1.0000 
    tns_sense_max:  -1.0000  tns_sense_avg:  -1.0000   tns_sense_num: -1
 is current best
CDN_DP_region_10_6_c3 in vproc_mul_MUL_OP_W32_MUL_TYPE0_CTRL_Ttype_8_ctrl_t_671_27_DONT_CARE_ZERO1: area: 61393900 ,dp = 0 mux = 2 sg = very_fast    worst_clk_period: -1.0000 
    wns: 0  norm_wns:  -1.0000 
    fail_endp: -1 
    tns:  0  tns_per_endp:  -1.0000   norm_tns_per_endp:  -1.0000 
    tns_sense_max:  -1.0000  tns_sense_avg:  -1.0000   tns_sense_num: -1
 is current best
CDN_DP_region_10_6_c4 in vproc_mul_MUL_OP_W32_MUL_TYPE0_CTRL_Ttype_8_ctrl_t_671_27_DONT_CARE_ZERO1: area: 61393900 ,dp = 0 mux = 2 sg = very_fast    worst_clk_period: -1.0000 
    wns: 0  norm_wns:  -1.0000 
    fail_endp: -1 
    tns:  0  tns_per_endp:  -1.0000   norm_tns_per_endp:  -1.0000 
    tns_sense_max:  -1.0000  tns_sense_avg:  -1.0000   tns_sense_num: -1
 is current best
CDN_DP_region_10_6_c5 in vproc_mul_MUL_OP_W32_MUL_TYPE0_CTRL_Ttype_8_ctrl_t_671_27_DONT_CARE_ZERO1: area: 61393900 ,dp = 0 mux = 2 sg = very_fast    worst_clk_period: -1.0000 
    wns: 0  norm_wns:  -1.0000 
    fail_endp: -1 
    tns:  0  tns_per_endp:  -1.0000   norm_tns_per_endp:  -1.0000 
    tns_sense_max:  -1.0000  tns_sense_avg:  -1.0000   tns_sense_num: -1
 is current best
CDN_DP_region_10_6_c6 in vproc_mul_MUL_OP_W32_MUL_TYPE0_CTRL_Ttype_8_ctrl_t_671_27_DONT_CARE_ZERO1: area: 61393900 ,dp = 0 mux = 2 sg = very_fast    worst_clk_period: -1.0000 
    wns: 0  norm_wns:  -1.0000 
    fail_endp: -1 
    tns:  0  tns_per_endp:  -1.0000   norm_tns_per_endp:  -1.0000 
    tns_sense_max:  -1.0000  tns_sense_avg:  -1.0000   tns_sense_num: -1
 is current best
CDN_DP_region_10_6_c7 in vproc_mul_MUL_OP_W32_MUL_TYPE0_CTRL_Ttype_8_ctrl_t_671_27_DONT_CARE_ZERO1: area: 61393900 ,dp = 0 mux = 2 sg = very_fast    worst_clk_period: -1.0000 
    wns: 0  norm_wns:  -1.0000 
    fail_endp: -1 
    tns:  0  tns_per_endp:  -1.0000   norm_tns_per_endp:  -1.0000 
    tns_sense_max:  -1.0000  tns_sense_avg:  -1.0000   tns_sense_num: -1
 is current best
Best config: CDN_DP_region_10_6_c7 in vproc_mul_MUL_OP_W32_MUL_TYPE0_CTRL_Ttype_8_ctrl_t_671_27_DONT_CARE_ZERO1: area: 61393900 ,dp = 0 mux = 2 sg = very_fast    worst_clk_period: -1.0000 
    wns: 0  norm_wns:  -1.0000 
    fail_endp: -1 
    tns:  0  tns_per_endp:  -1.0000   norm_tns_per_endp:  -1.0000 
    tns_sense_max:  -1.0000  tns_sense_avg:  -1.0000   tns_sense_num: -1
  Smallest config area : 61393900.  Fastest config wns;  0
##>+----------------------------------------------------------------------------------------------------------------------------------------------------------------+
##>Summary table of configs (Best config is CDN_DP_region_10_6_c7)
##>+----------------------------------------------------------------------------------------------------------------------------------------------------------------+
##>                     0                  1                  2                  3                  4                  5                  6                  7            
##>+----------------------------------------------------------------------------------------------------------------------------------------------------------------+
##>           Area         82748300           61393900           61393900           61393900           61393900           61393900           61393900           61393900  
##>            WNS         +9500.30           +9585.60           +9585.60           +9585.60           +9585.60           +9585.60           +9585.60           +9585.60  
##>            TNS                0                  0                  0                  0                  0                  0                  0                  0  
##>    Num Rewrite                0                  0                  0                  0                  0                  0                  0                  0  
##>     Num Factor                0                  0                  0                  0                  0                  0                  0                  0  
##>      Num Share                0                  0                  0                  0                  0                  0                  0                  0  
##>   Num CmultCse                0                  0                  0                  0                  0                  0                  0                  0  
##>   Num Downsize                0                  0                  0                  0                  0                  0                  0                  0  
##>  Num Speculate                0                  0                  0                  0                  0                  0                  0                  0  
##>     Runtime(s)                0                  0                  0                  0                  0                  0                  0                  0  
+----------------------------------------------------------------------------------------------------------------------------------------------------------------+
##>
##>
##>+------------------------------------------------------------------------------------------------------------------------------------------------------------+
##>Optimization Step DEBUG Table for config CDN_DP_region_10_6_c7
##>
##>                          Step                        Area   ( % Chg)        WNS (Change)        TNS (Change)          Runtime (s)        Comment                   
##>+------------------------------------------------------------------------------------------------------------------------------------------------------------+
##>EquationExtraction              START               82748300 (      )     9500.30 (        )             0 (        )              
##>                                  END               82748300 ( +0.00)     9500.30 (   +0.00)             0 (       0)           0  
##>createMaxCarrySave              START               82748300 ( +0.00)     9500.30 (   +0.00)             0 (       0)              
##> datapath_rewrite_one_def       START               82748300 ( +0.00)     9500.30 (   +0.00)             0 (       0)              
##>                                  END               82748300 ( +0.00)     9500.30 (   +0.00)             0 (       0)           0  
##> speculate_in_gdef              START               82748300 ( +0.00)     9500.30 (   +0.00)             0 (       0)              
##>  pre_speculate_mux_merge       START               82748300 ( +0.00)     9500.30 (   +0.00)             0 (       0)              
##>                                  END               82748300 ( +0.00)     9500.30 (   +0.00)             0 (       0)           0  
##>                                  END               82748300 ( +0.00)     9500.30 (   +0.00)             0 (       0)           0  
##> csa_opto                       START               82748300 ( +0.00)     9500.30 (   +0.00)             0 (       0)              
##>                                  END               82748300 ( +0.00)     9500.30 (   +0.00)             0 (       0)           0  
##>                                  END               82748300 ( +0.00)     9500.30 (   +0.00)             0 (       0)           0  
##>canonicalize_by_names           START               82748300 ( +0.00)     9500.30 (   +0.00)             0 (       0)              
##>                                  END               82748300 ( +0.00)     9500.30 (   +0.00)             0 (       0)           0  
##>datapath_rewrite_post_csa_one_  START               82748300 ( +0.00)     9500.30 (   +0.00)             0 (       0)              
##>                                  END               82748300 ( +0.00)     9500.30 (   +0.00)             0 (       0)           0  
##>datapath_csa_factoring_one_gde  START               82748300 ( +0.00)     9500.30 (   +0.00)             0 (       0)              
##>                                  END               82748300 ( +0.00)     9500.30 (   +0.00)             0 (       0)           0  
##>dpopt_share_one_def             START               82748300 ( +0.00)     9500.30 (   +0.00)             0 (       0)              
##>                                  END               82748300 ( +0.00)     9500.30 (   +0.00)             0 (       0)           0  
##>datapath_rewrite_post_share     START               82748300 ( +0.00)     9500.30 (   +0.00)             0 (       0)              
##>                                  END               82748300 ( +0.00)     9500.30 (   +0.00)             0 (       0)           0  
##>dp_combine_const_mult_with_com  START               82748300 ( +0.00)     9500.30 (   +0.00)             0 (       0)              
##>                                  END               82748300 ( +0.00)     9500.30 (   +0.00)             0 (       0)           0  
##>speculate_in_gdef               START               82748300 ( +0.00)     9500.30 (   +0.00)             0 (       0)              
##> pre_speculate_mux_merge        START               82748300 ( +0.00)     9500.30 (   +0.00)             0 (       0)              
##>                                  END               82748300 ( +0.00)     9500.30 (   +0.00)             0 (       0)           0  
##>                                  END               82748300 ( +0.00)     9500.30 (   +0.00)             0 (       0)           0  
##>dp_operator_level_decompositio  START               82748300 ( +0.00)     9500.30 (   +0.00)             0 (       0)              
##>                                  END               82748300 ( +0.00)     9500.30 (   +0.00)             0 (       0)           0  
##>selective_flatten_dp_config     START               82748300 ( +0.00)     9500.30 (   +0.00)             0 (       0)              
##>                                  END               61393900 (-25.81)     9585.60 (  +85.30)             0 (       0)           0  
##>createMaxCarrySave              START               61393900 ( +0.00)     9585.60 (   +0.00)             0 (       0)              
##> datapath_rewrite_one_def       START               61393900 ( +0.00)     9585.60 (   +0.00)             0 (       0)              
##>  fast_cse_elim                 START               61393900 ( +0.00)     9585.60 (   +0.00)             0 (       0)              
##>                                  END               61393900 ( +0.00)     9585.60 (   +0.00)             0 (       0)           0  
##>  fast_cse_elim                 START               61393900 ( +0.00)     9585.60 (   +0.00)             0 (       0)              
##>                                  END               61393900 ( +0.00)     9585.60 (   +0.00)             0 (       0)           0  
##>                                  END               61393900 ( +0.00)     9585.60 (   +0.00)             0 (       0)           0  
##> speculate_in_gdef              START               61393900 ( +0.00)     9585.60 (   +0.00)             0 (       0)              
##>  pre_speculate_mux_merge       START               61393900 ( +0.00)     9585.60 (   +0.00)             0 (       0)              
##>                                  END               61393900 ( +0.00)     9585.60 (   +0.00)             0 (       0)           0  
##>                                  END               61393900 ( +0.00)     9585.60 (   +0.00)             0 (       0)           0  
##> csa_opto                       START               61393900 ( +0.00)     9585.60 (   +0.00)             0 (       0)              
##>                                  END               61393900 ( +0.00)     9585.60 (   +0.00)             0 (       0)           0  
##>                                  END               61393900 ( +0.00)     9585.60 (   +0.00)             0 (       0)           0  
##>context_based_simplify          START               61393900 ( +0.00)     9585.60 (   +0.00)             0 (       0)              
##>                                  END               61393900 ( +0.00)     9585.60 (   +0.00)             0 (       0)           0  
##>group_csa_final_adder_dp        START               61393900 ( +0.00)     9585.60 (   +0.00)             0 (       0)              
##>                                  END               61393900 ( +0.00)     9585.60 (   +0.00)             0 (       0)           0  
##>dpopt_flatten_critical_muxes_i  START               61393900 ( +0.00)     9585.60 (   +0.00)             0 (       0)              
##>                                  END               61393900 ( +0.00)     9585.60 (   +0.00)             0 (       0)           0  
##>speculate_in_gdef               START               61393900 ( +0.00)     9585.60 (   +0.00)             0 (       0)              
##> pre_speculate_mux_merge        START               61393900 ( +0.00)     9585.60 (   +0.00)             0 (       0)              
##>                                  END               61393900 ( +0.00)     9585.60 (   +0.00)             0 (       0)           0  
##>                                  END               61393900 ( +0.00)     9585.60 (   +0.00)             0 (       0)           0  
##>create_score                    START               61393900 ( +0.00)     9585.60 (   +0.00)             0 (       0)              
##>                                  END               61393900 ( +0.00)     9585.60 (   +0.00)             0 (       0)           0  
##>+------------------------------------------------------------------------------------------------------------------------------------------------------------+
Committed config: CDN_DP_region_10_6_c7
Info    : Done implementing datapath configurations. [DPOPT-4]
        : Selected 'very_fast' configuration 7 for module 'CDN_DP_region_10_6'.
          Optimizations applied to 'very_fast' configuration:
            rewriting(0), factoring(0), sharing(0), cmultcse(0), downsizing(0), speculation(0)
Info    : Implementing datapath configurations. [DPOPT-3]
        : Implementing datapath configurations for 'CDN_DP_region_11_0'
CSAGen Prep Share:0 Re-Write:0 Speculation: 0
MaxCSA: Successfully built Maximal CSA Expression Expr12
CDN_DP_region_11_0 level = 0 loads = 1 drivers = 1 is driven by : CDN_DP_region_9_4 
MaxCSA: Successfully built Maximal CSA Expression Expr13
CDN_DP_region_11_0_c0 in vproc_queue_WIDTH8_DEPTH2: area: 66732500 ,dp = 2 mux = 8 sg = slow         worst_clk_period: -1.0000 
    wns: 0  norm_wns:  -1.0000 
    fail_endp: -1 
    tns:  0  tns_per_endp:  -1.0000   norm_tns_per_endp:  -1.0000 
    tns_sense_max:  -1.0000  tns_sense_avg:  -1.0000   tns_sense_num: -1
 skipped
CDN_DP_region_11_0_c1 in vproc_queue_WIDTH8_DEPTH2: area: 66732500 ,dp = 2 mux = 8 sg = fast         worst_clk_period: -1.0000 
    wns: 0  norm_wns:  -1.0000 
    fail_endp: -1 
    tns:  0  tns_per_endp:  -1.0000   norm_tns_per_endp:  -1.0000 
    tns_sense_max:  -1.0000  tns_sense_avg:  -1.0000   tns_sense_num: -1
 is current best
CDN_DP_region_11_0_c2 in vproc_queue_WIDTH8_DEPTH2: area: 69401800 ,dp = 2 mux = 7 sg = very_slow    worst_clk_period: -1.0000 
    wns: 0  norm_wns:  -1.0000 
    fail_endp: -1 
    tns:  0  tns_per_endp:  -1.0000   norm_tns_per_endp:  -1.0000 
    tns_sense_max:  -1.0000  tns_sense_avg:  -1.0000   tns_sense_num: -1

CDN_DP_region_11_0_c3 in vproc_queue_WIDTH8_DEPTH2: area: 66732500 ,dp = 2 mux = 8 sg = very_fast    worst_clk_period: -1.0000 
    wns: 0  norm_wns:  -1.0000 
    fail_endp: -1 
    tns:  0  tns_per_endp:  -1.0000   norm_tns_per_endp:  -1.0000 
    tns_sense_max:  -1.0000  tns_sense_avg:  -1.0000   tns_sense_num: -1
 is current best
CDN_DP_region_11_0_c4 in vproc_queue_WIDTH8_DEPTH2: area: 66732500 ,dp = 2 mux = 8 sg = very_fast    worst_clk_period: -1.0000 
    wns: 0  norm_wns:  -1.0000 
    fail_endp: -1 
    tns:  0  tns_per_endp:  -1.0000   norm_tns_per_endp:  -1.0000 
    tns_sense_max:  -1.0000  tns_sense_avg:  -1.0000   tns_sense_num: -1
 is current best
CDN_DP_region_11_0_c5 in vproc_queue_WIDTH8_DEPTH2: area: 66732500 ,dp = 2 mux = 8 sg = very_fast    worst_clk_period: -1.0000 
    wns: 0  norm_wns:  -1.0000 
    fail_endp: -1 
    tns:  0  tns_per_endp:  -1.0000   norm_tns_per_endp:  -1.0000 
    tns_sense_max:  -1.0000  tns_sense_avg:  -1.0000   tns_sense_num: -1
 is current best
CDN_DP_region_11_0_c6 in vproc_queue_WIDTH8_DEPTH2: area: 66732500 ,dp = 2 mux = 8 sg = very_fast    worst_clk_period: -1.0000 
    wns: 0  norm_wns:  -1.0000 
    fail_endp: -1 
    tns:  0  tns_per_endp:  -1.0000   norm_tns_per_endp:  -1.0000 
    tns_sense_max:  -1.0000  tns_sense_avg:  -1.0000   tns_sense_num: -1
 is current best
CDN_DP_region_11_0_c7 in vproc_queue_WIDTH8_DEPTH2: area: 66732500 ,dp = 2 mux = 8 sg = very_fast    worst_clk_period: -1.0000 
    wns: 0  norm_wns:  -1.0000 
    fail_endp: -1 
    tns:  0  tns_per_endp:  -1.0000   norm_tns_per_endp:  -1.0000 
    tns_sense_max:  -1.0000  tns_sense_avg:  -1.0000   tns_sense_num: -1
 is current best
Best config: CDN_DP_region_11_0_c7 in vproc_queue_WIDTH8_DEPTH2: area: 66732500 ,dp = 2 mux = 8 sg = very_fast    worst_clk_period: -1.0000 
    wns: 0  norm_wns:  -1.0000 
    fail_endp: -1 
    tns:  0  tns_per_endp:  -1.0000   norm_tns_per_endp:  -1.0000 
    tns_sense_max:  -1.0000  tns_sense_avg:  -1.0000   tns_sense_num: -1
  Smallest config area : 66732500.  Fastest config wns;  0
##>+----------------------------------------------------------------------------------------------------------------------------------------------------------------+
##>Summary table of configs (Best config is CDN_DP_region_11_0_c7)
##>+----------------------------------------------------------------------------------------------------------------------------------------------------------------+
##>                     0                  1                  2                  3                  4                  5                  6                  7            
##>+----------------------------------------------------------------------------------------------------------------------------------------------------------------+
##>           Area         66732500           66732500           69401800           66732500           66732500           66732500           66732500           66732500  
##>            WNS         +3863.60           +3863.60           +3863.60           +3863.60           +3863.60           +3863.60           +3863.60           +3863.60  
##>            TNS                0                  0                  0                  0                  0                  0                  0                  0  
##>    Num Rewrite                0                  0                  0                  0                  0                  0                  0                  0  
##>     Num Factor                0                  0                  0                  0                  0                  0                  0                  0  
##>      Num Share                0                  0                  0                  0                  0                  0                  0                  0  
##>   Num CmultCse                0                  0                  0                  0                  0                  0                  0                  0  
##>   Num Downsize                0                  0                  0                  0                  0                  0                  0                  0  
##>  Num Speculate                0                  0                  0                  0                  0                  0                  0                  0  
##>     Runtime(s)                0                  0                  0                  0                  0                  0                  0                  0  
+----------------------------------------------------------------------------------------------------------------------------------------------------------------+
##>
##>
##>+------------------------------------------------------------------------------------------------------------------------------------------------------------+
##>Optimization Step DEBUG Table for config CDN_DP_region_11_0_c7
##>
##>                          Step                        Area   ( % Chg)        WNS (Change)        TNS (Change)          Runtime (s)        Comment                   
##>+------------------------------------------------------------------------------------------------------------------------------------------------------------+
##>EquationExtraction              START               66732500 (      )     3863.60 (        )             0 (        )              
##> rewrite                        START               69401800 ( +4.00)     3858.80 (   -4.80)             0 (       0)              (a,ar) Expr12_from --> Expr12_to
##>                                  END               73405750 ( +5.77)     3858.80 (   +0.00)             0 (       0)           0  
##> rewrite                        START               73405750 ( +0.00)     3858.80 (   +0.00)             0 (       0)              (a,ar) Expr13_from --> Expr13_to
##>                                  END               77409700 ( +5.45)     3858.80 (   +0.00)             0 (       0)           0  
##>                                  END               66732500 ( +0.00)     3863.60 (   +0.00)             0 (       0)           0  
##>createMaxCarrySave              START               66732500 ( +0.00)     3863.60 (   +0.00)             0 (       0)              
##> datapath_rewrite_one_def       START               66732500 ( +0.00)     3863.60 (   +0.00)             0 (       0)              
##>                                  END               66732500 ( +0.00)     3863.60 (   +0.00)             0 (       0)           0  
##> speculate_in_gdef              START               66732500 ( +0.00)     3863.60 (   +0.00)             0 (       0)              
##>  pre_speculate_mux_merge       START               66732500 ( +0.00)     3863.60 (   +0.00)             0 (       0)              
##>                                  END               66732500 ( +0.00)     3863.60 (   +0.00)             0 (       0)           0  
##>                                  END               66732500 ( +0.00)     3863.60 (   +0.00)             0 (       0)           0  
##> csa_opto                       START               66732500 ( +0.00)     3863.60 (   +0.00)             0 (       0)              
##>                                  END               69401800 ( +4.00)     3863.60 (   +0.00)             0 (       0)           0  
##>                                  END               69401800 ( +4.00)     3863.60 (   +0.00)             0 (       0)           0  
##>canonicalize_by_names           START               69401800 ( +0.00)     3863.60 (   +0.00)             0 (       0)              
##>                                  END               69401800 ( +0.00)     3863.60 (   +0.00)             0 (       0)           0  
##>datapath_rewrite_post_csa_one_  START               69401800 ( +0.00)     3863.60 (   +0.00)             0 (       0)              
##>                                  END               69401800 ( +0.00)     3863.60 (   +0.00)             0 (       0)           0  
##>datapath_csa_factoring_one_gde  START               69401800 ( +0.00)     3863.60 (   +0.00)             0 (       0)              
##>                                  END               69401800 ( +0.00)     3863.60 (   +0.00)             0 (       0)           0  
##>dpopt_share_one_def             START               69401800 ( +0.00)     3863.60 (   +0.00)             0 (       0)              
##>                                  END               69401800 ( +0.00)     3863.60 (   +0.00)             0 (       0)           0  
##>datapath_rewrite_post_share     START               69401800 ( +0.00)     3863.60 (   +0.00)             0 (       0)              
##>                                  END               69401800 ( +0.00)     3863.60 (   +0.00)             0 (       0)           0  
##>dp_combine_const_mult_with_com  START               69401800 ( +0.00)     3863.60 (   +0.00)             0 (       0)              
##>                                  END               69401800 ( +0.00)     3863.60 (   +0.00)             0 (       0)           0  
##>speculate_in_gdef               START               69401800 ( +0.00)     3863.60 (   +0.00)             0 (       0)              
##> pre_speculate_mux_merge        START               69401800 ( +0.00)     3863.60 (   +0.00)             0 (       0)              
##>                                  END               69401800 ( +0.00)     3863.60 (   +0.00)             0 (       0)           0  
##>                                  END               69401800 ( +0.00)     3863.60 (   +0.00)             0 (       0)           0  
##>dp_operator_level_decompositio  START               69401800 ( +0.00)     3863.60 (   +0.00)             0 (       0)              
##>                                  END               69401800 ( +0.00)     3863.60 (   +0.00)             0 (       0)           0  
##>selective_flatten_dp_config     START               69401800 ( +0.00)     3863.60 (   +0.00)             0 (       0)              
##>                                  END               69401800 ( +0.00)     3863.60 (   +0.00)             0 (       0)           0  
##>createMaxCarrySave              START               69401800 ( +0.00)     3863.60 (   +0.00)             0 (       0)              
##> datapath_rewrite_one_def       START               69401800 ( +0.00)     3863.60 (   +0.00)             0 (       0)              
##>  fast_cse_elim                 START               69401800 ( +0.00)     3863.60 (   +0.00)             0 (       0)              
##>                                  END               69401800 ( +0.00)     3863.60 (   +0.00)             0 (       0)           0  
##>  fast_cse_elim                 START               69401800 ( +0.00)     3863.60 (   +0.00)             0 (       0)              
##>                                  END               69401800 ( +0.00)     3863.60 (   +0.00)             0 (       0)           0  
##>                                  END               69401800 ( +0.00)     3863.60 (   +0.00)             0 (       0)           0  
##> speculate_in_gdef              START               69401800 ( +0.00)     3863.60 (   +0.00)             0 (       0)              
##>  pre_speculate_mux_merge       START               69401800 ( +0.00)     3863.60 (   +0.00)             0 (       0)              
##>                                  END               69401800 ( +0.00)     3863.60 (   +0.00)             0 (       0)           0  
##>                                  END               69401800 ( +0.00)     3863.60 (   +0.00)             0 (       0)           0  
##> csa_opto                       START               69401800 ( +0.00)     3863.60 (   +0.00)             0 (       0)              
##>                                  END               69401800 ( +0.00)     3863.60 (   +0.00)             0 (       0)           0  
##>                                  END               69401800 ( +0.00)     3863.60 (   +0.00)             0 (       0)           0  
##>context_based_simplify          START               66732500 ( -3.85)     3863.60 (   +0.00)             0 (       0)              
##>                                  END               66732500 ( +0.00)     3863.60 (   +0.00)             0 (       0)           0  
##>group_csa_final_adder_dp        START               66732500 ( +0.00)     3863.60 (   +0.00)             0 (       0)              
##>                                  END               66732500 ( +0.00)     3863.60 (   +0.00)             0 (       0)           0  
##>dpopt_flatten_critical_muxes_i  START               66732500 ( +0.00)     3863.60 (   +0.00)             0 (       0)              
##>                                  END               66732500 ( +0.00)     3863.60 (   +0.00)             0 (       0)           0  
##>speculate_in_gdef               START               66732500 ( +0.00)     3863.60 (   +0.00)             0 (       0)              
##> pre_speculate_mux_merge        START               66732500 ( +0.00)     3863.60 (   +0.00)             0 (       0)              
##>                                  END               66732500 ( +0.00)     3863.60 (   +0.00)             0 (       0)           0  
##>                                  END               66732500 ( +0.00)     3863.60 (   +0.00)             0 (       0)           0  
##>create_score                    START               66732500 ( +0.00)     3863.60 (   +0.00)             0 (       0)              
##>                                  END               66732500 ( +0.00)     3863.60 (   +0.00)             0 (       0)           0  
##>+------------------------------------------------------------------------------------------------------------------------------------------------------------+
Committed config: CDN_DP_region_11_0_c7
Info    : Done implementing datapath configurations. [DPOPT-4]
        : Selected 'very_fast' configuration 7 for module 'CDN_DP_region_11_0'.
          Optimizations applied to 'very_fast' configuration:
            rewriting(0), factoring(0), sharing(0), cmultcse(0), downsizing(0), speculation(0)
Info    : Implementing datapath configurations. [DPOPT-3]
        : Implementing datapath configurations for 'CDN_DP_region_9_0'
CSAGen Prep Share:0 Re-Write:0 Speculation: 0
CDN_DP_region_9_0 level = 2 loads = 0 drivers = 1 is driven by : CDN_DP_region_9_4 
CDN_DP_region_9_0_c0 in rv32im_top: area: 174839150 ,dp = 0 mux = 1 sg = slow         worst_clk_period: -1.0000 
    wns: 0  norm_wns:  -1.0000 
    fail_endp: -1 
    tns:  0  tns_per_endp:  -1.0000   norm_tns_per_endp:  -1.0000 
    tns_sense_max:  -1.0000  tns_sense_avg:  -1.0000   tns_sense_num: -1
 skipped
CDN_DP_region_9_0_c1 in rv32im_top: area: 174839150 ,dp = 0 mux = 1 sg = fast         worst_clk_period: -1.0000 
    wns: 0  norm_wns:  -1.0000 
    fail_endp: -1 
    tns:  0  tns_per_endp:  -1.0000   norm_tns_per_endp:  -1.0000 
    tns_sense_max:  -1.0000  tns_sense_avg:  -1.0000   tns_sense_num: -1
 is current best
CDN_DP_region_9_0_c2 in rv32im_top: area: 174839150 ,dp = 0 mux = 1 sg = very_slow    worst_clk_period: -1.0000 
    wns: 0  norm_wns:  -1.0000 
    fail_endp: -1 
    tns:  0  tns_per_endp:  -1.0000   norm_tns_per_endp:  -1.0000 
    tns_sense_max:  -1.0000  tns_sense_avg:  -1.0000   tns_sense_num: -1
 is current best
CDN_DP_region_9_0_c3 in rv32im_top: area: 174839150 ,dp = 0 mux = 1 sg = very_fast    worst_clk_period: -1.0000 
    wns: 0  norm_wns:  -1.0000 
    fail_endp: -1 
    tns:  0  tns_per_endp:  -1.0000   norm_tns_per_endp:  -1.0000 
    tns_sense_max:  -1.0000  tns_sense_avg:  -1.0000   tns_sense_num: -1
 is current best
CDN_DP_region_9_0_c4 in rv32im_top: area: 174839150 ,dp = 0 mux = 1 sg = very_fast    worst_clk_period: -1.0000 
    wns: 0  norm_wns:  -1.0000 
    fail_endp: -1 
    tns:  0  tns_per_endp:  -1.0000   norm_tns_per_endp:  -1.0000 
    tns_sense_max:  -1.0000  tns_sense_avg:  -1.0000   tns_sense_num: -1
 is current best
CDN_DP_region_9_0_c5 in rv32im_top: area: 174839150 ,dp = 0 mux = 1 sg = very_fast    worst_clk_period: -1.0000 
    wns: 0  norm_wns:  -1.0000 
    fail_endp: -1 
    tns:  0  tns_per_endp:  -1.0000   norm_tns_per_endp:  -1.0000 
    tns_sense_max:  -1.0000  tns_sense_avg:  -1.0000   tns_sense_num: -1
 is current best
CDN_DP_region_9_0_c6 in rv32im_top: area: 174839150 ,dp = 0 mux = 1 sg = very_fast    worst_clk_period: -1.0000 
    wns: 0  norm_wns:  -1.0000 
    fail_endp: -1 
    tns:  0  tns_per_endp:  -1.0000   norm_tns_per_endp:  -1.0000 
    tns_sense_max:  -1.0000  tns_sense_avg:  -1.0000   tns_sense_num: -1
 is current best
CDN_DP_region_9_0_c7 in rv32im_top: area: 174839150 ,dp = 0 mux = 1 sg = very_fast    worst_clk_period: -1.0000 
    wns: 0  norm_wns:  -1.0000 
    fail_endp: -1 
    tns:  0  tns_per_endp:  -1.0000   norm_tns_per_endp:  -1.0000 
    tns_sense_max:  -1.0000  tns_sense_avg:  -1.0000   tns_sense_num: -1
 is current best
Best config: CDN_DP_region_9_0_c7 in rv32im_top: area: 174839150 ,dp = 0 mux = 1 sg = very_fast    worst_clk_period: -1.0000 
    wns: 0  norm_wns:  -1.0000 
    fail_endp: -1 
    tns:  0  tns_per_endp:  -1.0000   norm_tns_per_endp:  -1.0000 
    tns_sense_max:  -1.0000  tns_sense_avg:  -1.0000   tns_sense_num: -1
  Smallest config area : 174839150.  Fastest config wns;  0
##>+----------------------------------------------------------------------------------------------------------------------------------------------------------------+
##>Summary table of configs (Best config is CDN_DP_region_9_0_c7)
##>+----------------------------------------------------------------------------------------------------------------------------------------------------------------+
##>                     0                  1                  2                  3                  4                  5                  6                  7            
##>+----------------------------------------------------------------------------------------------------------------------------------------------------------------+
##>           Area        174839150          174839150          174839150          174839150          174839150          174839150          174839150          174839150  
##>            WNS         +3881.00           +3881.00           +3881.00           +3881.00           +3881.00           +3881.00           +3881.00           +3881.00  
##>            TNS                0                  0                  0                  0                  0                  0                  0                  0  
##>    Num Rewrite                0                  0                  0                  0                  0                  0                  0                  0  
##>     Num Factor                0                  0                  0                  0                  0                  0                  0                  0  
##>      Num Share                0                  0                  0                  0                  0                  0                  0                  0  
##>   Num CmultCse                0                  0                  0                  0                  0                  0                  0                  0  
##>   Num Downsize                0                  0                  0                  0                  0                  0                  0                  0  
##>  Num Speculate                0                  0                  0                  0                  0                  0                  0                  0  
##>     Runtime(s)                0                  0                  0                  0                  0                  0                  0                  0  
+----------------------------------------------------------------------------------------------------------------------------------------------------------------+
##>
##>
##>+------------------------------------------------------------------------------------------------------------------------------------------------------------+
##>Optimization Step DEBUG Table for config CDN_DP_region_9_0_c7
##>
##>                          Step                        Area   ( % Chg)        WNS (Change)        TNS (Change)          Runtime (s)        Comment                   
##>+------------------------------------------------------------------------------------------------------------------------------------------------------------+
##>EquationExtraction              START              174839150 (      )     3881.00 (        )             0 (        )              
##>                                  END              174839150 ( +0.00)     3881.00 (   +0.00)             0 (       0)           0  
##>createMaxCarrySave              START              174839150 ( +0.00)     3881.00 (   +0.00)             0 (       0)              
##> datapath_rewrite_one_def       START              174839150 ( +0.00)     3881.00 (   +0.00)             0 (       0)              
##>                                  END              174839150 ( +0.00)     3881.00 (   +0.00)             0 (       0)           0  
##> csa_opto                       START              174839150 ( +0.00)     3881.00 (   +0.00)             0 (       0)              
##>                                  END              174839150 ( +0.00)     3881.00 (   +0.00)             0 (       0)           0  
##>                                  END              174839150 ( +0.00)     3881.00 (   +0.00)             0 (       0)           0  
##>canonicalize_by_names           START              174839150 ( +0.00)     3881.00 (   +0.00)             0 (       0)              
##>                                  END              174839150 ( +0.00)     3881.00 (   +0.00)             0 (       0)           0  
##>datapath_rewrite_post_csa_one_  START              174839150 ( +0.00)     3881.00 (   +0.00)             0 (       0)              
##>                                  END              174839150 ( +0.00)     3881.00 (   +0.00)             0 (       0)           0  
##>datapath_csa_factoring_one_gde  START              174839150 ( +0.00)     3881.00 (   +0.00)             0 (       0)              
##>                                  END              174839150 ( +0.00)     3881.00 (   +0.00)             0 (       0)           0  
##>dpopt_share_one_def             START              174839150 ( +0.00)     3881.00 (   +0.00)             0 (       0)              
##>                                  END              174839150 ( +0.00)     3881.00 (   +0.00)             0 (       0)           0  
##>datapath_rewrite_post_share     START              174839150 ( +0.00)     3881.00 (   +0.00)             0 (       0)              
##>                                  END              174839150 ( +0.00)     3881.00 (   +0.00)             0 (       0)           0  
##>dp_combine_const_mult_with_com  START              174839150 ( +0.00)     3881.00 (   +0.00)             0 (       0)              
##>                                  END              174839150 ( +0.00)     3881.00 (   +0.00)             0 (       0)           0  
##>dp_operator_level_decompositio  START              174839150 ( +0.00)     3881.00 (   +0.00)             0 (       0)              
##>                                  END              174839150 ( +0.00)     3881.00 (   +0.00)             0 (       0)           0  
##>selective_flatten_dp_config     START              174839150 ( +0.00)     3881.00 (   +0.00)             0 (       0)              
##>                                  END              174839150 ( +0.00)     3881.00 (   +0.00)             0 (       0)           0  
##>createMaxCarrySave              START              174839150 ( +0.00)     3881.00 (   +0.00)             0 (       0)              
##> datapath_rewrite_one_def       START              174839150 ( +0.00)     3881.00 (   +0.00)             0 (       0)              
##>  fast_cse_elim                 START              174839150 ( +0.00)     3881.00 (   +0.00)             0 (       0)              
##>                                  END              174839150 ( +0.00)     3881.00 (   +0.00)             0 (       0)           0  
##>  fast_cse_elim                 START              174839150 ( +0.00)     3881.00 (   +0.00)             0 (       0)              
##>                                  END              174839150 ( +0.00)     3881.00 (   +0.00)             0 (       0)           0  
##>                                  END              174839150 ( +0.00)     3881.00 (   +0.00)             0 (       0)           0  
##> csa_opto                       START              174839150 ( +0.00)     3881.00 (   +0.00)             0 (       0)              
##>                                  END              174839150 ( +0.00)     3881.00 (   +0.00)             0 (       0)           0  
##>                                  END              174839150 ( +0.00)     3881.00 (   +0.00)             0 (       0)           0  
##>context_based_simplify          START              174839150 ( +0.00)     3881.00 (   +0.00)             0 (       0)              
##>                                  END              174839150 ( +0.00)     3881.00 (   +0.00)             0 (       0)           0  
##>group_csa_final_adder_dp        START              174839150 ( +0.00)     3881.00 (   +0.00)             0 (       0)              
##>                                  END              174839150 ( +0.00)     3881.00 (   +0.00)             0 (       0)           0  
##>dpopt_flatten_critical_muxes_i  START              174839150 ( +0.00)     3881.00 (   +0.00)             0 (       0)              
##>                                  END              174839150 ( +0.00)     3881.00 (   +0.00)             0 (       0)           0  
##>create_score                    START              174839150 ( +0.00)     3881.00 (   +0.00)             0 (       0)              
##>                                  END              174839150 ( +0.00)     3881.00 (   +0.00)             0 (       0)           0  
##>+------------------------------------------------------------------------------------------------------------------------------------------------------------+
Committed config: CDN_DP_region_9_0_c7
Info    : Done implementing datapath configurations. [DPOPT-4]
        : Selected 'very_fast' configuration 7 for module 'CDN_DP_region_9_0'.
          Optimizations applied to 'very_fast' configuration:
            rewriting(0), factoring(0), sharing(0), cmultcse(0), downsizing(0), speculation(0)
Info    : Implementing datapath configurations. [DPOPT-3]
        : Implementing datapath configurations for 'CDN_DP_region_5_0'
CSAGen Prep Share:0 Re-Write:1 Speculation: 0
MaxCSA: Successfully built Maximal CSA Expression Expr14
CDN_DP_region_5_0 level = 0 loads = 0 drivers = 0
CDN_DP_region_5_0_c0 in i_mem_SIZE_POW210_BASE_ADDR0: area: 109441300 ,dp = 1 mux = 1 sg = slow         worst_clk_period: -1.0000 
    wns: 0  norm_wns:  -1.0000 
    fail_endp: -1 
    tns:  0  tns_per_endp:  -1.0000   norm_tns_per_endp:  -1.0000 
    tns_sense_max:  -1.0000  tns_sense_avg:  -1.0000   tns_sense_num: -1
 skipped
CDN_DP_region_5_0_c1 in i_mem_SIZE_POW210_BASE_ADDR0: area: 82748300 ,dp = 1 mux = 1 sg = fast         worst_clk_period: -1.0000 
    wns: 0  norm_wns:  -1.0000 
    fail_endp: -1 
    tns:  0  tns_per_endp:  -1.0000   norm_tns_per_endp:  -1.0000 
    tns_sense_max:  -1.0000  tns_sense_avg:  -1.0000   tns_sense_num: -1
 is current best
CDN_DP_region_5_0_c2 in i_mem_SIZE_POW210_BASE_ADDR0: area: 82748300 ,dp = 1 mux = 1 sg = very_slow    worst_clk_period: -1.0000 
    wns: 0  norm_wns:  -1.0000 
    fail_endp: -1 
    tns:  0  tns_per_endp:  -1.0000   norm_tns_per_endp:  -1.0000 
    tns_sense_max:  -1.0000  tns_sense_avg:  -1.0000   tns_sense_num: -1
 is current best
CDN_DP_region_5_0_c3 in i_mem_SIZE_POW210_BASE_ADDR0: area: 82748300 ,dp = 1 mux = 1 sg = very_fast    worst_clk_period: -1.0000 
    wns: 0  norm_wns:  -1.0000 
    fail_endp: -1 
    tns:  0  tns_per_endp:  -1.0000   norm_tns_per_endp:  -1.0000 
    tns_sense_max:  -1.0000  tns_sense_avg:  -1.0000   tns_sense_num: -1
 is current best
CDN_DP_region_5_0_c4 in i_mem_SIZE_POW210_BASE_ADDR0: area: 82748300 ,dp = 1 mux = 1 sg = very_fast    worst_clk_period: -1.0000 
    wns: 0  norm_wns:  -1.0000 
    fail_endp: -1 
    tns:  0  tns_per_endp:  -1.0000   norm_tns_per_endp:  -1.0000 
    tns_sense_max:  -1.0000  tns_sense_avg:  -1.0000   tns_sense_num: -1
 is current best
CDN_DP_region_5_0_c5 in i_mem_SIZE_POW210_BASE_ADDR0: area: 82748300 ,dp = 1 mux = 1 sg = very_fast    worst_clk_period: -1.0000 
    wns: 0  norm_wns:  -1.0000 
    fail_endp: -1 
    tns:  0  tns_per_endp:  -1.0000   norm_tns_per_endp:  -1.0000 
    tns_sense_max:  -1.0000  tns_sense_avg:  -1.0000   tns_sense_num: -1
 is current best
CDN_DP_region_5_0_c6 in i_mem_SIZE_POW210_BASE_ADDR0: area: 82748300 ,dp = 1 mux = 1 sg = very_fast    worst_clk_period: -1.0000 
    wns: 0  norm_wns:  -1.0000 
    fail_endp: -1 
    tns:  0  tns_per_endp:  -1.0000   norm_tns_per_endp:  -1.0000 
    tns_sense_max:  -1.0000  tns_sense_avg:  -1.0000   tns_sense_num: -1
 is current best
CDN_DP_region_5_0_c7 in i_mem_SIZE_POW210_BASE_ADDR0: area: 194858900 ,dp = 1 mux = 1 sg = very_fast    worst_clk_period: -1.0000 
    wns: 0  norm_wns:  -1.0000 
    fail_endp: -1 
    tns:  0  tns_per_endp:  -1.0000   norm_tns_per_endp:  -1.0000 
    tns_sense_max:  -1.0000  tns_sense_avg:  -1.0000   tns_sense_num: -1

Best config: CDN_DP_region_5_0_c6 in i_mem_SIZE_POW210_BASE_ADDR0: area: 82748300 ,dp = 1 mux = 1 sg = very_fast    worst_clk_period: -1.0000 
    wns: 0  norm_wns:  -1.0000 
    fail_endp: -1 
    tns:  0  tns_per_endp:  -1.0000   norm_tns_per_endp:  -1.0000 
    tns_sense_max:  -1.0000  tns_sense_avg:  -1.0000   tns_sense_num: -1
  Smallest config area : 82748300.  Fastest config wns;  0
##>+----------------------------------------------------------------------------------------------------------------------------------------------------------------+
##>Summary table of configs (Best config is CDN_DP_region_5_0_c6)
##>+----------------------------------------------------------------------------------------------------------------------------------------------------------------+
##>                     0                  1                  2                  3                  4                  5                  6                  7            
##>+----------------------------------------------------------------------------------------------------------------------------------------------------------------+
##>           Area        109441300           82748300           82748300           82748300           82748300           82748300           82748300          194858900  
##>            WNS         +7737.50           +7737.50           +7737.50           +7737.50           +7737.50           +7737.50           +7737.50           +7737.50  
##>            TNS                0                  0                  0                  0                  0                  0                  0                  0  
##>    Num Rewrite                0                  0                  0                  0                  0                  0                  0                  1  
##>     Num Factor                0                  0                  0                  0                  0                  0                  0                  0  
##>      Num Share                0                  0                  0                  0                  0                  0                  0                  0  
##>   Num CmultCse                0                  0                  0                  0                  0                  0                  0                  0  
##>   Num Downsize                0                  0                  0                  0                  0                  0                  0                  0  
##>  Num Speculate                0                  0                  0                  0                  0                  0                  0                  0  
##>     Runtime(s)                0                  0                  0                  0                  0                  0                  0                  0  
+----------------------------------------------------------------------------------------------------------------------------------------------------------------+
##>
##>
##>+------------------------------------------------------------------------------------------------------------------------------------------------------------+
##>Optimization Step DEBUG Table for config CDN_DP_region_5_0_c6
##>
##>                          Step                        Area   ( % Chg)        WNS (Change)        TNS (Change)          Runtime (s)        Comment                   
##>+------------------------------------------------------------------------------------------------------------------------------------------------------------+
##>createMaxCarrySave              START              109441300 (      )    107381919.90 (        )             0 (        )              
##> datapath_rewrite_one_def       START              109441300 ( +0.00)    107381919.90 (   +0.00)             0 (       0)              
##>  fast_cse_elim                 START              109441300 ( +0.00)    107381919.90 (   +0.00)             0 (       0)              
##>                                  END              109441300 ( +0.00)    107381919.90 (   +0.00)             0 (       0)           0  
##>  fast_cse_elim                 START              109441300 ( +0.00)    107381919.90 (   +0.00)             0 (       0)              
##>                                  END              109441300 ( +0.00)    107381919.90 (   +0.00)             0 (       0)           0  
##>                                  END              109441300 ( +0.00)    107381919.90 (   +0.00)             0 (       0)           0  
##> dpopt_share_one_def            START              109441300 ( +0.00)    107381919.90 (   +0.00)             0 (       0)              
##>                                  END              109441300 ( +0.00)    107381919.90 (   +0.00)             0 (       0)           0  
##> csa_opto                       START              109441300 ( +0.00)    214748364.70 (+107366444.80)             0 (       0)              
##>                                  END              109441300 ( +0.00)    214748364.70 (   +0.00)             0 (       0)           0  
##>                                  END              109441300 ( +0.00)    214748364.70 (+107366444.80)             0 (       0)           0  
##>canonicalize_by_names           START              109441300 ( +0.00)    214748364.70 (   +0.00)             0 (       0)              
##>                                  END              109441300 ( +0.00)    214748364.70 (   +0.00)             0 (       0)           0  
##>datapath_rewrite_post_csa_one_  START              109441300 ( +0.00)    214748364.70 (   +0.00)             0 (       0)              
##>                                  END              109441300 ( +0.00)    214748364.70 (   +0.00)             0 (       0)           0  
##>datapath_csa_factoring_one_gde  START              109441300 ( +0.00)    214748364.70 (   +0.00)             0 (       0)              
##>                                  END              109441300 ( +0.00)    214748364.70 (   +0.00)             0 (       0)           0  
##>dpopt_share_one_def             START              109441300 ( +0.00)    214748364.70 (   +0.00)             0 (       0)              
##>                                  END              109441300 ( +0.00)    214748364.70 (   +0.00)             0 (       0)           0  
##>datapath_rewrite_post_share     START              109441300 ( +0.00)    214748364.70 (   +0.00)             0 (       0)              
##>                                  END              109441300 ( +0.00)    214748364.70 (   +0.00)             0 (       0)           0  
##>dp_combine_const_mult_with_com  START              109441300 ( +0.00)    214748364.70 (   +0.00)             0 (       0)              
##>                                  END              109441300 ( +0.00)    214748364.70 (   +0.00)             0 (       0)           0  
##>dp_operator_level_decompositio  START              109441300 ( +0.00)    214748364.70 (   +0.00)             0 (       0)              
##>                                  END              109441300 ( +0.00)    214748364.70 (   +0.00)             0 (       0)           0  
##>selective_flatten_dp_config     START              109441300 ( +0.00)    214748364.70 (   +0.00)             0 (       0)              
##>                                  END              109441300 ( +0.00)    214748364.70 (   +0.00)             0 (       0)           0  
##>createMaxCarrySave              START              109441300 ( +0.00)    214748364.70 (   +0.00)             0 (       0)              
##> datapath_rewrite_one_def       START              109441300 ( +0.00)    214748364.70 (   +0.00)             0 (       0)              
##>  fast_cse_elim                 START              109441300 ( +0.00)    214748364.70 (   +0.00)             0 (       0)              
##>                                  END              109441300 ( +0.00)    214748364.70 (   +0.00)             0 (       0)           0  
##>  fast_cse_elim                 START              109441300 ( +0.00)    214748364.70 (   +0.00)             0 (       0)              
##>                                  END              109441300 ( +0.00)    214748364.70 (   +0.00)             0 (       0)           0  
##>                                  END              109441300 ( +0.00)    214748364.70 (   +0.00)             0 (       0)           0  
##> dpopt_share_one_def            START              109441300 ( +0.00)    214748364.70 (   +0.00)             0 (       0)              
##>                                  END              109441300 ( +0.00)    214748364.70 (   +0.00)             0 (       0)           0  
##> csa_opto                       START              109441300 ( +0.00)    214748364.70 (   +0.00)             0 (       0)              
##>                                  END              109441300 ( +0.00)    214748364.70 (   +0.00)             0 (       0)           0  
##>                                  END              109441300 ( +0.00)    214748364.70 (   +0.00)             0 (       0)           0  
##>context_based_simplify          START              109441300 ( +0.00)    214748364.70 (   +0.00)             0 (       0)              
##>                                  END               82748300 (-24.39)    214748364.70 (   +0.00)             0 (       0)           0  
##>group_csa_final_adder_dp        START               82748300 ( +0.00)    214748364.70 (   +0.00)             0 (       0)              
##>                                  END               82748300 ( +0.00)    214748364.70 (   +0.00)             0 (       0)           0  
##>dpopt_flatten_critical_muxes_i  START               82748300 ( +0.00)    214748364.70 (   +0.00)             0 (       0)              
##>                                  END               82748300 ( +0.00)    214748364.70 (   +0.00)             0 (       0)           0  
##>create_score                    START               82748300 ( +0.00)     7737.50 (-214740627.20)             0 (       0)              
##>                                  END               82748300 ( +0.00)     7737.50 (   +0.00)             0 (       0)           0  
##>+------------------------------------------------------------------------------------------------------------------------------------------------------------+
Committed config: CDN_DP_region_5_0_c6
Info    : Done implementing datapath configurations. [DPOPT-4]
        : Selected 'very_fast' configuration 6 for module 'CDN_DP_region_5_0'.
          Optimizations applied to 'very_fast' configuration:
            rewriting(0), factoring(0), sharing(0), cmultcse(0), downsizing(0), speculation(0)
Info    : Implementing datapath configurations. [DPOPT-3]
        : Implementing datapath configurations for 'CDN_DP_region_9_4'
CDN_DP_region_9_4 level = 1 loads = 4 drivers = 3 is driven by : CDN_DP_region_9_3 CDN_DP_region_11_0 CDN_DP_region_9_6 
CDN_DP_region_9_4_c0 in rv32im_top: area: 109238433200 ,dp = 243 mux = 751 sg = slow         worst_clk_period: -1.0000 
    wns: 0  norm_wns:  -1.0000 
    fail_endp: -1 
    tns:  0  tns_per_endp:  -1.0000   norm_tns_per_endp:  -1.0000 
    tns_sense_max:  -1.0000  tns_sense_avg:  -1.0000   tns_sense_num: -1
 skipped
CDN_DP_region_9_4_c1 in rv32im_top: area: 99188518700 ,dp = 96 mux = 749 sg = fast         worst_clk_period: -1.0000 
    wns: 0  norm_wns:  -1.0000 
    fail_endp: -1 
    tns:  0  tns_per_endp:  -1.0000   norm_tns_per_endp:  -1.0000 
    tns_sense_max:  -1.0000  tns_sense_avg:  -1.0000   tns_sense_num: -1
 is current best
CDN_DP_region_9_4_c2 in rv32im_top: area: 97223913900 ,dp = 97 mux = 726 sg = very_slow    worst_clk_period: -1.0000 
    wns: 0  norm_wns:  -1.0000 
    fail_endp: -1 
    tns:  0  tns_per_endp:  -1.0000   norm_tns_per_endp:  -1.0000 
    tns_sense_max:  -1.0000  tns_sense_avg:  -1.0000   tns_sense_num: -1
 is current best
CDN_DP_region_9_4_c3 in rv32im_top: area: 98702706100 ,dp = 96 mux = 745 sg = very_fast    worst_clk_period: -1.0000 
    wns: 0  norm_wns:  -1.0000 
    fail_endp: -1 
    tns:  0  tns_per_endp:  -1.0000   norm_tns_per_endp:  -1.0000 
    tns_sense_max:  -1.0000  tns_sense_avg:  -1.0000   tns_sense_num: -1

CDN_DP_region_9_4_c4 in rv32im_top: area: 97640324700 ,dp = 97 mux = 744 sg = very_fast    worst_clk_period: -1.0000 
    wns: 0  norm_wns:  -1.0000 
    fail_endp: -1 
    tns:  0  tns_per_endp:  -1.0000   norm_tns_per_endp:  -1.0000 
    tns_sense_max:  -1.0000  tns_sense_avg:  -1.0000   tns_sense_num: -1

CDN_DP_region_9_4_c5 in rv32im_top: area: 97640324700 ,dp = 97 mux = 744 sg = very_fast    worst_clk_period: -1.0000 
    wns: 0  norm_wns:  -1.0000 
    fail_endp: -1 
    tns:  0  tns_per_endp:  -1.0000   norm_tns_per_endp:  -1.0000 
    tns_sense_max:  -1.0000  tns_sense_avg:  -1.0000   tns_sense_num: -1

CDN_DP_region_9_4_c6 in rv32im_top: area: 98385059400 ,dp = 97 mux = 746 sg = very_fast    worst_clk_period: -1.0000 
    wns: 0  norm_wns:  -1.0000 
    fail_endp: -1 
    tns:  0  tns_per_endp:  -1.0000   norm_tns_per_endp:  -1.0000 
    tns_sense_max:  -1.0000  tns_sense_avg:  -1.0000   tns_sense_num: -1

Best config: CDN_DP_region_9_4_c2 in rv32im_top: area: 97223913900 ,dp = 97 mux = 726 sg = very_slow    worst_clk_period: -1.0000 
    wns: 0  norm_wns:  -1.0000 
    fail_endp: -1 
    tns:  0  tns_per_endp:  -1.0000   norm_tns_per_endp:  -1.0000 
    tns_sense_max:  -1.0000  tns_sense_avg:  -1.0000   tns_sense_num: -1
  Smallest config area : 97223913900.  Fastest config wns;  0
##>+----------------------------------------------------------------------------------------------------------------------------------------------------------------+
##>Summary table of configs (Best config is CDN_DP_region_9_4_c2)
##>+----------------------------------------------------------------------------------------------------------------------------------------------------------------+
##>                     0                  1                  2                  3                  4                  5                  6            
##>+----------------------------------------------------------------------------------------------------------------------------------------------------------------+
##>           Area     109238433200        99188518700        97223913900        98702706100        97640324700        97640324700        98385059400  
##>            WNS         +2084.20           +2050.00           +2050.00           +2050.00           +2050.00           +2050.00           +2050.00  
##>            TNS                0                  0                  0                  0                  0                  0                  0  
##>    Num Rewrite                0                 14                 14                 14                 14                 14                 11  
##>     Num Factor                0                  0                  0                  0                  0                  0                  0  
##>      Num Share                0                 22                 22                 22                 22                 22                 21  
##>   Num CmultCse                0                  0                  0                  0                  0                  0                  0  
##>   Num Downsize                0                  0                  0                  0                  0                  0                  0  
##>  Num Speculate                0                  0                  0                  0                  0                  0                  0  
##>     Runtime(s)                0                 22                 23                 21                 23                 23                 28  
+----------------------------------------------------------------------------------------------------------------------------------------------------------------+
##>
##>
##>+------------------------------------------------------------------------------------------------------------------------------------------------------------+
##>Optimization Step DEBUG Table for config CDN_DP_region_9_4_c2
##>
##>                          Step                        Area   ( % Chg)        WNS (Change)        TNS (Change)          Runtime (s)        Comment                   
##>+------------------------------------------------------------------------------------------------------------------------------------------------------------+
##>createMaxCarrySave              START           109238433200 (      )    107376266.60 (        )             0 (        )              
##> datapath_rewrite_one_def       START           109238433200 ( +0.00)    107376266.60 (   +0.00)             0 (       0)              
##>  rewrite                       START           109238433200 ( +0.00)    107376266.60 (   +0.00)             0 (       0)              (na,csaa) constant_mux_add_rtl --> shift_add_before_mux_to
##>                                  END           109410603050 ( +0.16)    107376266.60 (   +0.00)             0 (       0)           0  
##>  fast_cse_elim                 START           109238433200 ( -0.16)    107376266.60 (   +0.00)             0 (       0)              
##>                                  END           107263151200 ( -1.81)    107376266.60 (   +0.00)             0 (       0)           0  
##>  fast_cse_elim                 START           107263151200 ( +0.00)    107376266.60 (   +0.00)             0 (       0)              
##>                                  END           107263151200 ( +0.00)    107376266.60 (   +0.00)             0 (       0)           0  
##>  rewrite                       START           107263151200 ( +0.00)    107376266.60 (   +0.00)             0 (       0)              (a,csaa) dec_with_select --> dec_ci
##>                                  END           107256477950 ( -0.01)    107376266.60 (   +0.00)             0 (       0)           0  
##>  rewrite                       START           107256477950 ( +0.00)    107376266.60 (   +0.00)             0 (       0)              (a,csaa) inc_with_select --> inc_ci
##>                                  END           107251139350 ( -0.00)    107376266.60 (   +0.00)             0 (       0)           0  
##>  rewrite                       START           107251139350 ( +0.00)    107376266.60 (   +0.00)             0 (       0)              (a,ar) add_c_ohmux_version3_1 --> add_c_ohmux_version4
##>                                  END           107165721750 ( -0.08)    107376266.60 (   +0.00)             0 (       0)           0  
##>  fast_cse_elim                 START           107165721750 ( +0.00)    107376266.60 (   +0.00)             0 (       0)              
##>                                  END           107165721750 ( +0.00)    107376266.60 (   +0.00)             0 (       0)           0  
##>  fast_cse_elim                 START           107165721750 ( +0.00)    107376266.60 (   +0.00)             0 (       0)              
##>                                  END           107165721750 ( +0.00)    107376266.60 (   +0.00)             0 (       0)           0  
##>  rewrite                       START           107165721750 ( +0.00)    107376266.60 (   +0.00)             0 (       0)              (na,csaa) and_en_v2 --> en_mux
##>                                  END           107252474000 ( +0.08)    107376266.60 (   +0.00)             0 (       0)           0  
##>  rewrite                       START           107165721750 ( -0.08)    107376266.60 (   +0.00)             0 (       0)              (a,ar) 2scompliment_from --> 2scompliment_to
##>                                  END           107028252800 ( -0.13)    107376266.60 (   +0.00)             0 (       0)           0  
##>  rewrite                       START           107028252800 ( +0.00)    107376266.60 (   +0.00)             0 (       0)              (a,ar) 2scompliment_from --> 2scompliment_to
##>                                  END           106961520300 ( -0.06)    107376266.60 (   +0.00)             0 (       0)           0  
##>  rewrite                       START           106961520300 ( +0.00)    107376266.60 (   +0.00)             0 (       0)              (a,ar) 2scompliment_from --> 2scompliment_to
##>                                  END           106894787800 ( -0.06)    107376266.60 (   +0.00)             0 (       0)           0  
##>  rewrite                       START           106894787800 ( +0.00)    107376266.60 (   +0.00)             0 (       0)              (a,ar) 2scompliment_from --> 2scompliment_to
##>                                  END           106828055300 ( -0.06)    107376266.60 (   +0.00)             0 (       0)           0  
##>  rewrite                       START           106828055300 ( +0.00)    107376266.60 (   +0.00)             0 (       0)              (a,ar) 2scompliment_from --> 2scompliment_to
##>                                  END           106804031600 ( -0.02)    107376266.60 (   +0.00)             0 (       0)           0  
##>                                  END           106804031600 ( -2.23)    107376266.60 (   +0.00)             0 (       0)           0  
##> csa_opto                       START           106804031600 ( +0.00)    107376266.60 (   +0.00)             0 (       0)              
##>                                  END           106481046300 ( -0.30)    107376266.60 (   +0.00)             0 (       0)           0  
##>                                  END           106481046300 ( -2.52)    107376266.60 (   +0.00)             0 (       0)           1  
##>canonicalize_by_names           START           106481046300 ( +0.00)    107376266.60 (   +0.00)             0 (       0)              
##>                                  END           106481046300 ( +0.00)    107376266.60 (   +0.00)             0 (       0)           0  
##>datapath_rewrite_post_csa_one_  START           106481046300 ( +0.00)    107376266.60 (   +0.00)             0 (       0)              
##> rewrite                        START           106481046300 ( +0.00)    107376266.60 (   +0.00)             0 (       0)              (a,ar) csa_add_and_inc_v2 --> csa_add_ci
##>                                  END           106487719550 ( +0.01)    107376266.60 (   +0.00)             0 (       0)           0  
##> rewrite                        START           106487719550 ( +0.00)    107376266.60 (   +0.00)             0 (       0)              (a,ar) csa_add_and_inc_v2 --> csa_add_ci
##>                                  END           106477042350 ( -0.01)    107376266.60 (   +0.00)             0 (       0)           0  
##> rewrite                        START           106477042350 ( +0.00)    107376266.60 (   +0.00)             0 (       0)              (a,ar) csa_add_and_inc_v2 --> csa_add_ci
##>                                  END           106212781650 ( -0.25)    107376266.60 (   +0.00)             0 (       0)           0  
##> rewrite                        START           106212781650 ( +0.00)    107376266.60 (   +0.00)             0 (       0)              (a,ar) csa_add_and_inc_v2 --> csa_add_ci
##>                                  END           106061966200 ( -0.14)    107376266.60 (   +0.00)             0 (       0)           0  
##>                                  END           106061966200 ( -0.39)    107376266.60 (   +0.00)             0 (       0)           0  
##>datapath_csa_factoring_one_gde  START           106061966200 ( +0.00)    107376266.60 (   +0.00)             0 (       0)              
##>                                  END           106061966200 ( +0.00)    107376266.60 (   +0.00)             0 (       0)           0  
##>dpopt_share_one_def             START           106061966200 ( +0.00)    107376266.60 (   +0.00)             0 (       0)              
##>                                  END           101897858200 ( -3.93)    107376266.60 (   +0.00)             0 (       0)          12  
##>datapath_rewrite_post_share     START           101897858200 ( +0.00)    107376266.60 (   +0.00)             0 (       0)              
##>                                  END           101897858200 ( +0.00)    107376266.60 (   +0.00)             0 (       0)           0  
##>dp_combine_const_mult_with_com  START           101897858200 ( +0.00)    107376266.60 (   +0.00)             0 (       0)              
##>                                  END           101897858200 ( +0.00)    107376266.60 (   +0.00)             0 (       0)           0  
##>speculate_in_gdef               START           101897858200 ( +0.00)    107376266.60 (   +0.00)             0 (       0)              
##> pre_speculate_mux_merge        START           101897858200 ( +0.00)    107376266.60 (   +0.00)             0 (       0)              
##>                                  END           101897858200 ( +0.00)    107376266.60 (   +0.00)             0 (       0)           0  
##>                                  END           101897858200 ( +0.00)    107376266.60 (   +0.00)             0 (       0)           0  
##>dp_operator_level_decompositio  START           101897858200 ( +0.00)    107376266.60 (   +0.00)             0 (       0)              
##>                                  END           101897858200 ( +0.00)    107376266.60 (   +0.00)             0 (       0)           0  
##>selective_flatten_dp_config     START           101897858200 ( +0.00)    107376266.60 (   +0.00)             0 (       0)              
##>                                  END           101197166950 ( -0.69)    107376232.40 (  -34.20)             0 (       0)           0  
##>createMaxCarrySave              START           101197166950 ( +0.00)    107376232.40 (   +0.00)             0 (       0)              
##> datapath_rewrite_one_def       START           101197166950 ( +0.00)    107376232.40 (   +0.00)             0 (       0)              
##>  fast_cse_elim                 START           101197166950 ( +0.00)    107376232.40 (   +0.00)             0 (       0)              
##>                                  END           100930236950 ( -0.26)    107376232.40 (   +0.00)             0 (       0)           0  
##>  fast_cse_elim                 START           100930236950 ( +0.00)    107376232.40 (   +0.00)             0 (       0)              
##>                                  END           100930236950 ( +0.00)    107376232.40 (   +0.00)             0 (       0)           0  
##>  rewrite                       START           100930236950 ( +0.00)    107376232.40 (   +0.00)             0 (       0)              (a,ar) add_c_ohmux_version1 --> add_c_ohmux_version2
##>                                  END           100895536050 ( -0.03)    107376232.40 (   +0.00)             0 (       0)           0  
##>  rewrite                       START           100895536050 ( +0.00)    107376232.40 (   +0.00)             0 (       0)              (a,ar) add_c_ohmux_version1 --> add_c_ohmux_version2
##>                                  END           100860835150 ( -0.03)    107376232.40 (   +0.00)             0 (       0)           0  
##>  fast_cse_elim                 START           100860835150 ( +0.00)    107376232.40 (   +0.00)             0 (       0)              
##>                                  END           100860835150 ( +0.00)    107376232.40 (   +0.00)             0 (       0)           0  
##>  fast_cse_elim                 START           100860835150 ( +0.00)    107376232.40 (   +0.00)             0 (       0)              
##>                                  END           100860835150 ( +0.00)    107376232.40 (   +0.00)             0 (       0)           0  
##>  rewrite                       START           100860835150 ( +0.00)    107376232.40 (   +0.00)             0 (       0)              (na,csaa) and_en_v2 --> en_mux
##>                                  END           100870177700 ( +0.01)    107376232.40 (   +0.00)             0 (       0)           0  
##>                                  END           100860835150 ( -0.33)    107376232.40 (   +0.00)             0 (       0)           0  
##> csa_opto                       START           100860835150 ( +0.00)    107376232.40 (   +0.00)             0 (       0)              
##>                                  END           100860835150 ( +0.00)    107376232.40 (   +0.00)             0 (       0)           0  
##>                                  END           100860835150 ( -0.33)    107376232.40 (   +0.00)             0 (       0)           0  
##>datapath_rewrite_post_csa_one_  START           100860835150 ( +0.00)    107376232.40 (   +0.00)             0 (       0)              
##>                                  END           100860835150 ( +0.00)    107376232.40 (   +0.00)             0 (       0)           0  
##>datapath_csa_factoring_one_gde  START           100860835150 ( +0.00)    107376232.40 (   +0.00)             0 (       0)              
##>                                  END           100860835150 ( +0.00)    107376232.40 (   +0.00)             0 (       0)           0  
##>dpopt_share_one_def             START           100860835150 ( +0.00)    107376232.40 (   +0.00)             0 (       0)              
##>                                  END            99552878150 ( -1.30)    107376232.40 (   +0.00)             0 (       0)           3  
##>datapath_rewrite_post_share     START            99552878150 ( +0.00)    107376232.40 (   +0.00)             0 (       0)              
##>                                  END            99552878150 ( +0.00)    107376232.40 (   +0.00)             0 (       0)           0  
##>dp_combine_const_mult_with_com  START            99552878150 ( +0.00)    107376232.40 (   +0.00)             0 (       0)              
##>                                  END            99552878150 ( +0.00)    107376232.40 (   +0.00)             0 (       0)           0  
##>speculate_in_gdef               START            99552878150 ( +0.00)    107376232.40 (   +0.00)             0 (       0)              
##> pre_speculate_mux_merge        START            99552878150 ( +0.00)    107376232.40 (   +0.00)             0 (       0)              
##>                                  END            99552878150 ( +0.00)    107376232.40 (   +0.00)             0 (       0)           0  
##>                                  END            99552878150 ( +0.00)    107376232.40 (   +0.00)             0 (       0)           0  
##>dp_operator_level_decompositio  START            99552878150 ( +0.00)    107376232.40 (   +0.00)             0 (       0)              
##>                                  END            99552878150 ( +0.00)    107376232.40 (   +0.00)             0 (       0)           0  
##>selective_flatten_dp_config     START            99552878150 ( +0.00)    107376232.40 (   +0.00)             0 (       0)              
##>                                  END            99552878150 ( +0.00)    107376232.40 (   +0.00)             0 (       0)           0  
##>createMaxCarrySave              START            99552878150 ( +0.00)    107376232.40 (   +0.00)             0 (       0)              
##> datapath_rewrite_one_def       START            99552878150 ( +0.00)    107376232.40 (   +0.00)             0 (       0)              
##>  fast_cse_elim                 START            99552878150 ( +0.00)    107376232.40 (   +0.00)             0 (       0)              
##>                                  END            99552878150 ( +0.00)    107376232.40 (   +0.00)             0 (       0)           0  
##>  fast_cse_elim                 START            99552878150 ( +0.00)    107376232.40 (   +0.00)             0 (       0)              
##>                                  END            99552878150 ( +0.00)    107376232.40 (   +0.00)             0 (       0)           0  
##>                                  END            99552878150 ( +0.00)    107376232.40 (   +0.00)             0 (       0)           0  
##> csa_opto                       START            99552878150 ( +0.00)    107376232.40 (   +0.00)             0 (       0)              
##>                                  END            99552878150 ( +0.00)    107376232.40 (   +0.00)             0 (       0)           0  
##>                                  END            99552878150 ( +0.00)    107376232.40 (   +0.00)             0 (       0)           0  
##>datapath_rewrite_post_csa_one_  START            99552878150 ( +0.00)    107376232.40 (   +0.00)             0 (       0)              
##>                                  END            99552878150 ( +0.00)    107376232.40 (   +0.00)             0 (       0)           0  
##>datapath_csa_factoring_one_gde  START            99552878150 ( +0.00)    107376232.40 (   +0.00)             0 (       0)              
##>                                  END            99552878150 ( +0.00)    107376232.40 (   +0.00)             0 (       0)           0  
##>dpopt_share_one_def             START            99552878150 ( +0.00)    107376232.40 (   +0.00)             0 (       0)              
##>                                  END            99103101100 ( -0.45)    107376232.40 (   +0.00)             0 (       0)           0  
##>datapath_rewrite_post_share     START            99103101100 ( +0.00)    107376232.40 (   +0.00)             0 (       0)              
##>                                  END            99103101100 ( +0.00)    107376232.40 (   +0.00)             0 (       0)           0  
##>dp_combine_const_mult_with_com  START            99103101100 ( +0.00)    107376232.40 (   +0.00)             0 (       0)              
##>                                  END            99103101100 ( +0.00)    107376232.40 (   +0.00)             0 (       0)           0  
##>speculate_in_gdef               START            99103101100 ( +0.00)    107376232.40 (   +0.00)             0 (       0)              
##> pre_speculate_mux_merge        START            99103101100 ( +0.00)    107376232.40 (   +0.00)             0 (       0)              
##>                                  END            99103101100 ( +0.00)    107376232.40 (   +0.00)             0 (       0)           0  
##>                                  END            99103101100 ( +0.00)    107376232.40 (   +0.00)             0 (       0)           0  
##>dp_operator_level_decompositio  START            99103101100 ( +0.00)    107376232.40 (   +0.00)             0 (       0)              
##>                                  END            99103101100 ( +0.00)    107376232.40 (   +0.00)             0 (       0)           0  
##>selective_flatten_dp_config     START            99103101100 ( +0.00)    107376232.40 (   +0.00)             0 (       0)              
##>                                  END            99103101100 ( +0.00)    107376232.40 (   +0.00)             0 (       0)           0  
##>createMaxCarrySave              START            99103101100 ( +0.00)    107376232.40 (   +0.00)             0 (       0)              
##> datapath_rewrite_one_def       START            99103101100 ( +0.00)    107376232.40 (   +0.00)             0 (       0)              
##>  fast_cse_elim                 START            99103101100 ( +0.00)    107376232.40 (   +0.00)             0 (       0)              
##>                                  END            99099097150 ( -0.00)    107376232.40 (   +0.00)             0 (       0)           0  
##>  fast_cse_elim                 START            99099097150 ( +0.00)    107376232.40 (   +0.00)             0 (       0)              
##>                                  END            99099097150 ( +0.00)    107376232.40 (   +0.00)             0 (       0)           0  
##>                                  END            99099097150 ( -0.00)    107376232.40 (   +0.00)             0 (       0)           0  
##> csa_opto                       START            99099097150 ( +0.00)    107376232.40 (   +0.00)             0 (       0)              
##>                                  END            99099097150 ( +0.00)    107376232.40 (   +0.00)             0 (       0)           0  
##>                                  END            99099097150 ( -0.00)    107376232.40 (   +0.00)             0 (       0)           0  
##>datapath_rewrite_post_csa_one_  START            99099097150 ( +0.00)    107376232.40 (   +0.00)             0 (       0)              
##>                                  END            99099097150 ( +0.00)    107376232.40 (   +0.00)             0 (       0)           0  
##>datapath_csa_factoring_one_gde  START            99099097150 ( +0.00)    107376232.40 (   +0.00)             0 (       0)              
##>                                  END            99099097150 ( +0.00)    107376232.40 (   +0.00)             0 (       0)           0  
##>dpopt_share_one_def             START            99099097150 ( +0.00)    107376232.40 (   +0.00)             0 (       0)              
##>                                  END            99099097150 ( +0.00)    107376232.40 (   +0.00)             0 (       0)           0  
##>datapath_rewrite_post_share     START            99099097150 ( +0.00)    107376232.40 (   +0.00)             0 (       0)              
##>                                  END            99099097150 ( +0.00)    107376232.40 (   +0.00)             0 (       0)           0  
##>dp_combine_const_mult_with_com  START            99099097150 ( +0.00)    107376232.40 (   +0.00)             0 (       0)              
##>                                  END            99099097150 ( +0.00)    107376232.40 (   +0.00)             0 (       0)           0  
##>speculate_in_gdef               START            99099097150 ( +0.00)    107376232.40 (   +0.00)             0 (       0)              
##> pre_speculate_mux_merge        START            99099097150 ( +0.00)    107376232.40 (   +0.00)             0 (       0)              
##>                                  END            99099097150 ( +0.00)    107376232.40 (   +0.00)             0 (       0)           0  
##>                                  END            99099097150 ( +0.00)    107376232.40 (   +0.00)             0 (       0)           0  
##>dp_operator_level_decompositio  START            99099097150 ( +0.00)    107376232.40 (   +0.00)             0 (       0)              
##>                                  END            99099097150 ( +0.00)    107376232.40 (   +0.00)             0 (       0)           0  
##>selective_flatten_dp_config     START            99099097150 ( +0.00)    107376232.40 (   +0.00)             0 (       0)              
##>                                  END            99099097150 ( +0.00)    107376232.40 (   +0.00)             0 (       0)           0  
##>createMaxCarrySave              START            99099097150 ( +0.00)    107376232.40 (   +0.00)             0 (       0)              
##> datapath_rewrite_one_def       START            99099097150 ( +0.00)    107376232.40 (   +0.00)             0 (       0)              
##>  fast_cse_elim                 START            99099097150 ( +0.00)    107376232.40 (   +0.00)             0 (       0)              
##>                                  END            99099097150 ( +0.00)    107376232.40 (   +0.00)             0 (       0)           0  
##>  fast_cse_elim                 START            99099097150 ( +0.00)    107376232.40 (   +0.00)             0 (       0)              
##>                                  END            99099097150 ( +0.00)    107376232.40 (   +0.00)             0 (       0)           0  
##>                                  END            99099097150 ( +0.00)    107376232.40 (   +0.00)             0 (       0)           0  
##> csa_opto                       START            99099097150 ( +0.00)    107376232.40 (   +0.00)             0 (       0)              
##>                                  END            99099097150 ( +0.00)    107376232.40 (   +0.00)             0 (       0)           0  
##>                                  END            99099097150 ( +0.00)    107376232.40 (   +0.00)             0 (       0)           0  
##>context_based_simplify          START            99047045800 ( -0.05)    107376232.40 (   +0.00)             0 (       0)              
##>                                  END            98721391200 ( -0.33)    107376232.40 (   +0.00)             0 (       0)           0  
##>group_csa_final_adder_dp        START            98721391200 ( +0.00)    107376232.40 (   +0.00)             0 (       0)              
##>                                  END            98721391200 ( +0.00)    107376232.40 (   +0.00)             0 (       0)           0  
##>dpopt_flatten_critical_muxes_i  START            98721391200 ( +0.00)    107376232.40 (   +0.00)             0 (       0)              
##>                                  END            97223913900 ( -1.52)    107376232.40 (   +0.00)             0 (       0)           0  
##>speculate_in_gdef               START            97223913900 ( +0.00)    107376232.40 (   +0.00)             0 (       0)              
##> pre_speculate_mux_merge        START            97223913900 ( +0.00)    107376232.40 (   +0.00)             0 (       0)              
##>                                  END            97223913900 ( +0.00)    107376232.40 (   +0.00)             0 (       0)           0  
##>                                  END            97223913900 ( +0.00)    107376232.40 (   +0.00)             0 (       0)           0  
##>create_score                    START            97223913900 ( +0.00)     2050.00 (-107374182.40)             0 (       0)              
##>                                  END            97223913900 ( +0.00)     2050.00 (   +0.00)             0 (       0)           0  
##>+------------------------------------------------------------------------------------------------------------------------------------------------------------+
Committed config: CDN_DP_region_9_4_c2
Info    : Done implementing datapath configurations. [DPOPT-4]
        : Selected 'very_slow' configuration 2 for module 'CDN_DP_region_9_4'.
          Optimizations applied to 'very_slow' configuration:
            rewriting(14), factoring(0), sharing(22), cmultcse(0), downsizing(0), speculation(0)
Info    : Deleting instances not driving any primary outputs. [GLO-34]
        : Deleting 165 sequential instances.
Info    : Done optimizing datapath logic. [DPOPT-2]
        : Done optimizing datapath logic in 'rv32im_top'.
Number of big hc bmuxes after = 12
Starting logic reduction [v1.0] (stage: post_rtlopt, startdef: rv32im_top, recur: true)
Completed logic reduction (accepts: 0, rejects: 0, runtime: 0.006s)
Starting mux data reorder optimization [v1.0] (stage: post_rtlopt, startdef: rv32im_top, recur: true)
Completed mux data reorder optimization (accepts: 0, rejects: 0, runtime: 1.020s)

Stage: post_rtlopt
----------------------------------------------------------
| Transform           | Accepts | Rejects | Runtime (ms) | 
----------------------------------------------------------
| hlo_logic_reduction |       0 |       0 |         6.00 | 
| hlo_mux_reorder     |       0 |       0 |      1020.00 | 
----------------------------------------------------------
Info    : Deleting instances not driving any primary outputs. [GLO-34]
        : Deleting 163 sequential instances.
Info    : Deleting instances not driving any primary outputs. [GLO-34]
        : Deleting 6 hierarchical instances.
Info    : Deleting instances not driving any primary outputs. [GLO-34]
        : Deleting 32 sequential instances.
Starting mux speculation [v1.0] (stage: post_muxopt, startdef: rv32im_top, recur: true)
Starting speculation optimization
Completed speculation optimization (accepts:0)
Completed mux speculation (accepts: 0, rejects: 0, runtime: 14.539s)

Stage: post_muxopt
------------------------------------------------------
| Transform       | Accepts | Rejects | Runtime (ms) | 
------------------------------------------------------
| hlo_speculation |       0 |       0 |     14539.00 | 
------------------------------------------------------
==================================
Stage : to_generic 
==================================
  =================
   Message Summary
  =================
-------------------------------------------------------------------------------------------------------------------------------------
|     Id      |  Sev   |Count |                                            Message Text                                             |
-------------------------------------------------------------------------------------------------------------------------------------
| CDFG-236    |Warning |   16 |Detected non-positive value for replication prefix.                                                  |
|             |        |      |The prefix expression of a replication generally must evaluate to a positive constant.  The value of |
|             |        |      | a replication with a non-positive prefix depends on the setting of the attribute                    |
|             |        |      | 'hdl_zero_replicate_is_null'.  If true, the replication is treated as a zero-width expression.  If  |
|             |        |      | false, the replication evaluates to 1'b0.                                                           |
| CDFG-250    |Info    |  277 |Processing multi-dimensional arrays.                                                                 |
| CDFG-372    |Info    | 1192 |Bitwidth mismatch in assignment.                                                                     |
|             |        |      |Review and make sure the mismatch is unintentional. Genus can possibly issue bitwidth mismatch       |
|             |        |      | warning for explicit assignments present in RTL as-well-as for implicit assignments inferred by the |
|             |        |      | tool. For example, in case of enum declaration without value, the tool will implicitly assign value |
|             |        |      | to the enum variables. It also issues the warning for any bitwidth mismatch that appears in this    |
|             |        |      | implicit assignment.                                                                                |
| CDFG-373    |Info    |    4 |Sign mismatch in assignment.                                                                         |
| CDFG-472    |Warning |   40 |Unreachable statements for case item.                                                                |
| CDFG-479    |Info    |   22 |Constant relational expression.                                                                      |
|             |        |      |A relational expression can evaluate to a constant when a variable is compared to a value which is   |
|             |        |      | outside the bounds of the variable.                                                                 |
| CDFG-485    |Warning |    8 |Loop condition is always false.                                                                      |
|             |        |      |Loop body will not be synthesized.                                                                   |
| CDFG-487    |Warning |    4 |Non-static conditional expression in 'for' statement.                                                |
| CDFG-500    |Info    |  146 |Unused module input port.                                                                            |
|             |        |      |(In port definition within the module, the input port is not used in any assignment statements or co |
|             |        |      | nditional expressions for decision statements.                                                      |
| CDFG-508    |Warning |  938 |Removing unused register.                                                                            |
|             |        |      |Genus removes the flip-flop or latch inferred for an unused signal or variable. To preserve the      |
|             |        |      | flip-flop or latch, set the hdl_preserve_unused_registers attribute to true or use a pragma in the  |
|             |        |      | RTL.                                                                                                |
| CDFG-738    |Info    |  510 |Common subexpression eliminated.                                                                     |
| CDFG-739    |Info    |  510 |Common subexpression kept.                                                                           |
| CDFG-769    |Info    |   67 |Identified sum-of-products logic to be optimized during syn_generic.                                 |
| CDFG-771    |Info    |   13 |Replaced logic with a constant value.                                                                |
| CDFG-818    |Warning |    1 |Using default parameter value for module elaboration.                                                |
| CDFG-893    |Info    |   19 |Optimized the MUX created for array read / write or variable shifter.                                |
| CDFG2G-628  |Info    |   23 |Variable indexed array read/write found inside for loop.                                             |
| CWD-19      |Info    |14428 |An implementation was inferred.                                                                      |
| DPOPT-1     |Info    |    1 |Optimizing datapath logic.                                                                           |
| DPOPT-2     |Info    |    1 |Done optimizing datapath logic.                                                                      |
| DPOPT-3     |Info    |   18 |Implementing datapath configurations.                                                                |
| DPOPT-4     |Info    |   18 |Done implementing datapath configurations.                                                           |
| DPOPT-6     |Info    |    1 |Pre-processed datapath logic.                                                                        |
| DPOPT-10    |Info    |   69 |Optimized a mux chain.                                                                               |
| ELAB-1      |Info    |    1 |Elaborating Design.                                                                                  |
| ELAB-2      |Info    |   55 |Elaborating Subdesign.                                                                               |
| ELAB-3      |Info    |    1 |Done Elaborating Design.                                                                             |
| ELABUTL-123 |Warning |   88 |Undriven module output port.                                                                         |
| ELABUTL-125 |Warning |  256 |Undriven signal detected.                                                                            |
|             |        |      |The undriven signal handling can be controlled by setting the attribute 'hdl_unconnected_value'      |
|             |        |      | before syn_generic command.                                                                         |
| ELABUTL-127 |Warning |   46 |Undriven module input port.                                                                          |
|             |        |      |Run check_design to check 'Undriven Port(s)/Pin(s)                                                   |
|             |        |      | ' section for all undriven module input ports. It is better to double confirm with designer if      |
|             |        |      | these undriven ports are expected. During syn_gen the undriven ports are controlled by attribute    |
|             |        |      | 'hdl_unconnected_value', the default value is 0.                                                    |
| ELABUTL-128 |Info    |   88 |Undriven module output port.                                                                         |
|             |        |      |The 'hdl_unconnected_value' attribute controls treatment of undriven output port.                    |
| ELABUTL-130 |Info    |  256 |Undriven signal detected.                                                                            |
|             |        |      |The 'hdl_unconnected_value' attribute controls treatment of undriven signal.                         |
| ELABUTL-131 |Info    |   46 |Undriven module input port.                                                                          |
|             |        |      |The 'hdl_unconnected_value' attribute controls treatment of undriven input port.                     |
| ELABUTL-132 |Info    |   22 |Unused instance port.                                                                                |
|             |        |      |Please check the reported scenario of unconnected instance port to ensure that it matches the design |
|             |        |      | intent.                                                                                             |
| GB-6        |Info    |  430 |A datapath component has been ungrouped.                                                             |
| GLO-12      |Info    |   66 |Replacing a flip-flop with a logic constant 0.                                                       |
|             |        |      |To prevent this optimization, set the 'optimize_constant_0_flops' root attribute to 'false' or       |
|             |        |      | 'optimize_constant_0_seq' instance attribute to 'false'. You can also see the complete list of      |
|             |        |      | deleted sequential with command 'report sequential -deleted' (on Reason 'constant0').               |
| GLO-13      |Info    |    1 |Replacing a flip-flop with a logic constant 1.                                                       |
|             |        |      |To prevent this optimization, set the 'optimize_constant_1_flops' root attribute to 'false' or       |
|             |        |      | 'optimize_constant_1_seq' instance attribute to 'false'.                                            |
| GLO-34      |Info    |   12 |Deleting instances not driving any primary outputs.                                                  |
|             |        |      |Optimizations such as constant propagation or redundancy removal could change the connections so a   |
|             |        |      | hierarchical instance does not drive any primary outputs anymore. To see the list of deleted        |
|             |        |      | hierarchical instances, set the 'information_level' attribute to 2 or above. If the message is      |
|             |        |      | truncated set the message attribute 'truncate' to false to see the complete list. To prevent this   |
|             |        |      | optimization, set the 'delete_unloaded_insts' root/subdesign attribute to 'false' or 'preserve'     |
|             |        |      | instance attribute to 'true'.                                                                       |
| GLO-40      |Info    |   10 |Combinational hierarchical blocks with identical inputs have been merged.                            |
|             |        |      |This optimization usually reduces design area. To prevent merging of combinational hierarchical      |
|             |        |      | blocks, set the 'merge_combinational_hier_instances' root attribute to 'false' or the               |
|             |        |      | 'merge_combinational_hier_instance' instance attribute to 'false'.                                  |
| GLO-42      |Info    |  182 |Equivalent sequential instances have been merged.                                                    |
|             |        |      |To prevent merging of sequential instances, set the 'optimize_merge_flops' and                       |
|             |        |      | 'optimize_merge_latches' root attributes to 'false' or the 'optimize_merge_seq' instance attribute  |
|             |        |      | to 'false'.                                                                                         |
| GLO-46      |Info    |    1 |Combinational hierarchical instances are merged.                                                     |
| GLO-51      |Info    |   51 |Hierarchical instance automatically ungrouped.                                                       |
|             |        |      |Hierarchical instances can be automatically ungrouped to allow for better area or timing             |
|             |        |      | optimization. To prevent this ungroup, set the root-level attribute 'auto_ungroup' to 'none'. You   |
|             |        |      | can also prevent individual ungroup with setting the attribute 'ungroup_ok' of instances or modules |
|             |        |      | to 'false'.                                                                                         |
| LBR-9       |Warning |    2 |Library cell has no output pins defined.                                                             |
|             |        |      |Add the missing output pin(s)                                                                        |
|             |        |      | , then reload the library. Else the library cell will be marked as timing model i.e. unusable.      |
|             |        |      | Timing_model means that the cell does not have any defined function. If there is no output pin,     |
|             |        |      | Genus will mark library cell as unusable i.e. the attribute 'usable' will be marked to 'false' on   |
|             |        |      | the libcell. Therefore, the cell is not used for mapping and it will not be picked up from the      |
|             |        |      | library for synthesis. If you query the attribute 'unusable_reason' on the libcell; result will be: |
|             |        |      | 'Library cell has no output pins.'Note: The message LBR-9 is only for the logical pins and not for  |
|             |        |      | the power_ground pins. Genus will depend upon the output function defined in the pin group          |
|             |        |      | (output pin) of the cell, to use it for mapping. The pg_pin will not have any function defined.     |
| LBR-41      |Info    |    1 |An output library pin lacks a function attribute.                                                    |
|             |        |      |If the remainder of this library cell's semantic checks are successful, it will be considered as a   |
|             |        |      | timing-model (because one of its outputs does not have a valid function.                            |
| LBR-43      |Warning |    3 |Libcell has no area attribute.  Defaulting to 0 area.                                                |
|             |        |      |Specify a valid area value for the libcell.                                                          |
| LBR-155     |Info    |  264 |Mismatch in unateness between 'timing_sense' attribute and the function.                             |
|             |        |      |The 'timing_sense' attribute will be respected.                                                      |
| LBR-161     |Info    |    1 |Setting the maximum print count of this message to 10 if information_level is less than 9.           |
| LBR-162     |Info    |  124 |Both 'pos_unate' and 'neg_unate' timing_sense arcs have been processed.                              |
|             |        |      |Setting the 'timing_sense' to non_unate.                                                             |
| LBR-412     |Info    |    1 |Created nominal operating condition.                                                                 |
|             |        |      |The nominal operating condition is represented, either by the nominal PVT values specified in the    |
|             |        |      | library source (via nom_process,nom_voltage and nom_temperature respectively)                       |
|             |        |      | , or by the default PVT values (1.0,1.0,1.0).                                                       |
| LBR-518     |Info    |    1 |Missing a function attribute in the output pin definition.                                           |
| PHYS-752    |Info    |    1 |Partition Based Synthesis execution skipped.                                                         |
| RTLOPT-30   |Info    |  144 |Accepted resource sharing opportunity.                                                               |
| RTLOPT-40   |Info    |   35 |Transformed datapath macro.                                                                          |
| SYNTH-1     |Info    |    1 |Synthesizing.                                                                                        |
| TIM-1000    |Info    |    1 |Multimode clock gating check is disabled.                                                            |
| VLOGPT-122  |Warning |    5 |Ignoring 'static' lifetime qualifier.                                                                |
|             |        |      |For synthesis, all declarations in subprograms, packages, programs etc are treated as automatic.     |
|             |        |      | Therefore an explicit 'static' lifetime qualifier has no effect.                                    |
| VLOGPT-506  |Warning |    2 |Unused attribute.                                                                                    |
-------------------------------------------------------------------------------------------------------------------------------------
Mapper: Libraries have:
	domain _default_: 324 combo usable cells and 128 sequential usable cells
Info    : Attempting to launch a super-threading server. [ST-120]
        : Attempting to Launch server 1 of 8.
        : The tool is entering super-threading mode and is launching a CPU server process.  This is enabled by the root attribute 'super_thread_servers' or 'auto_super_thread'.
Info    : Connection established with super-threading server. [ST-110]
        : The server 'localhost_1_0' is process '834127' on this host.
        : The tool is entering super-threading mode and has established a connection with a CPU server process.  This is enabled by the root attributes 'super_thread_servers' or 'auto_super_thread'.
                  Library loading done successfully on server 'localhost_1_0'.
Info    : Connection established with super-threading server. [ST-110]
        : The server 'localhost_1_1' is forked process '834401' on this host.
Info    : Connection established with super-threading server. [ST-110]
        : The server 'localhost_1_2' is forked process '834403' on this host.
Info    : Connection established with super-threading server. [ST-110]
        : The server 'localhost_1_3' is forked process '834405' on this host.
Info    : Connection established with super-threading server. [ST-110]
        : The server 'localhost_1_4' is forked process '834407' on this host.
Info    : Connection established with super-threading server. [ST-110]
        : The server 'localhost_1_5' is forked process '834409' on this host.
Info    : Connection established with super-threading server. [ST-110]
        : The server 'localhost_1_6' is forked process '834411' on this host.
Info    : Connection established with super-threading server. [ST-110]
        : The server 'localhost_1_7' is forked process '834413' on this host.
Multi-threaded constant propagation [1|0] ...
Info    : Replacing a flip-flop with a logic constant 0. [GLO-12]
        : The instance is 'u_cpu_u_vicuna_wrapper_u_vicuna_genblk9[0].pipe_genblk2.pipeline_unit_mux_genblk1[2].genblk1.unit/genblk1.mul/genblk5[1].mul_block_genblk1.acc_q_reg[8]'.
Info    : Replacing a flip-flop with a logic constant 0. [GLO-12]
        : The instance is 'u_i_mem/RD_reg[2]'.
Info    : Replacing a flip-flop with a logic constant 0. [GLO-12]
        : The instance is 'u_cpu_u_vicuna_wrapper_u_vicuna_queue_data_q_reg[id][0]'.
Info    : Replacing a flip-flop with a logic constant 0. [GLO-12]
        : The instance is 'u_cpu_u_decode_reg/InstrD_reg[2]'.
Info    : Replacing a flip-flop with a logic constant 0. [GLO-12]
        : The instance is 'u_cpu_u_decode_reg/InstrD_reg[3]'.
Info    : Replacing a flip-flop with a logic constant 0. [GLO-12]
        : The instance is 'u_cpu_u_decode_reg/InstrD_reg[5]'.
Info    : Replacing a flip-flop with a logic constant 0. [GLO-12]
        : The instance is 'u_cpu_u_decode_reg/InstrD_reg[6]'.
Info    : Replacing a flip-flop with a logic constant 0. [GLO-12]
        : The instance is 'u_cpu_u_decode_reg/InstrD_reg[7]'.
Info    : Replacing a flip-flop with a logic constant 0. [GLO-12]
        : The instance is 'u_cpu_u_decode_reg/InstrD_reg[8]'.
Info    : Replacing a flip-flop with a logic constant 0. [GLO-12]
        : The instance is 'u_cpu_u_decode_reg/InstrD_reg[9]'.
Info    : Replacing a flip-flop with a logic constant 0. [GLO-12]
        : The instance is 'u_cpu_u_decode_reg/InstrD_reg[10]'.
Info    : Replacing a flip-flop with a logic constant 0. [GLO-12]
        : The instance is 'u_cpu_u_decode_reg/InstrD_reg[11]'.
Info    : Replacing a flip-flop with a logic constant 0. [GLO-12]
        : The instance is 'u_cpu_u_decode_reg/InstrD_reg[12]'.
Info    : Replacing a flip-flop with a logic constant 0. [GLO-12]
        : The instance is 'u_cpu_u_decode_reg/InstrD_reg[13]'.
Info    : Replacing a flip-flop with a logic constant 0. [GLO-12]
        : The instance is 'u_cpu_u_decode_reg/InstrD_reg[14]'.
Info    : Replacing a flip-flop with a logic constant 0. [GLO-12]
        : The instance is 'u_cpu_u_decode_reg/InstrD_reg[15]'.
Info    : Replacing a flip-flop with a logic constant 0. [GLO-12]
        : The instance is 'u_cpu_u_decode_reg/InstrD_reg[16]'.
Info    : Replacing a flip-flop with a logic constant 0. [GLO-12]
        : The instance is 'u_cpu_u_decode_reg/InstrD_reg[17]'.
Info    : Replacing a flip-flop with a logic constant 0. [GLO-12]
        : The instance is 'u_cpu_u_decode_reg/InstrD_reg[18]'.
Info    : Replacing a flip-flop with a logic constant 0. [GLO-12]
        : The instance is 'u_cpu_u_decode_reg/InstrD_reg[19]'.
Info    : Replacing a flip-flop with a logic constant 1. [GLO-13]
        : The instance is 'u_cpu_u_vicuna_wrapper_u_vicuna_dec_data_q_reg[pend_load]'.
Info    : Replacing a flip-flop with a logic constant 1. [GLO-13]
        : The instance is 'u_cpu_u_vicuna_wrapper_u_vicuna_genblk6.instr_queue_data_reg[0][1]'.
Info    : Replacing a flip-flop with a logic constant 1. [GLO-13]
        : The instance is 'u_cpu_u_vicuna_wrapper_u_vicuna_genblk6.instr_queue_data_reg[1][1]'.
Info    : Replacing a blocking flip-flop with a logic constant 0. [GLO-21]
        : The instance is 'u_cpu_u_vicuna_wrapper_u_vicuna_instr_empty_res_q_reg[0]'.
        : The value used to replace the flop can be set by the root attribute 'optimize_seq_x_to'.
Info    : Deleting instances not driving any primary outputs. [GLO-34]
        : Deleting 2713 sequential instances.
Info    : Deleting instances not driving any primary outputs. [GLO-34]
        : Deleting 22 hierarchical instances.
Info    : Deleting instances not driving any primary outputs. [GLO-34]
        : Deleting 1028 sequential instances.
Info    : Deleting instances not driving any primary outputs. [GLO-34]
        : Deleting 400 sequential instances.
Info    : Deleting instances not driving any primary outputs. [GLO-34]
        : Deleting 5 hierarchical instances.
Info    : Deleting instances not driving any primary outputs. [GLO-34]
        : Deleting 4 sequential instances.
Info    : Deleting instances not driving any primary outputs. [GLO-34]
        : Deleting 3 hierarchical instances.
Multi-threaded Virtual Mapping    (8 threads per ST process, 8 of 16 CPUs usable)
        Distributing super-thread jobs: mult_signed_11598 mult_signed_11470 mult_signed_1 add_unsigned_10833 addsub_unsigned_19396 addsub_unsigned_19401 addsub_unsigned_19401_11826 addsub_unsigned_19396_12031 cb_part add_unsigned_11321
          Sending 'mult_signed_11598' to server 'localhost_1_3'...
            Sent 'mult_signed_11598' to server 'localhost_1_3'.
          Sending 'mult_signed_11470' to server 'localhost_1_2'...
            Sent 'mult_signed_11470' to server 'localhost_1_2'.
          Sending 'mult_signed_1' to server 'localhost_1_5'...
            Sent 'mult_signed_1' to server 'localhost_1_5'.
          Sending 'add_unsigned_10833' to server 'localhost_1_1'...
            Sent 'add_unsigned_10833' to server 'localhost_1_1'.
          Sending 'addsub_unsigned_19396' to server 'localhost_1_4'...
            Sent 'addsub_unsigned_19396' to server 'localhost_1_4'.
          Sending 'addsub_unsigned_19401' to server 'localhost_1_0'...
            Sent 'addsub_unsigned_19401' to server 'localhost_1_0'.
          Sending 'addsub_unsigned_19401_11826' to server 'localhost_1_6'...
            Sent 'addsub_unsigned_19401_11826' to server 'localhost_1_6'.
          Sending 'addsub_unsigned_19396_12031' to server 'localhost_1_7'...
            Sent 'addsub_unsigned_19396_12031' to server 'localhost_1_7'.
          Received 'addsub_unsigned_19401' from server 'localhost_1_0'. (339 ms elapsed)
          Sending 'cb_part' to server 'localhost_1_0'...
            Sent 'cb_part' to server 'localhost_1_0'.
          Received 'addsub_unsigned_19396_12031' from server 'localhost_1_7'. (320 ms elapsed)
          Sending 'add_unsigned_11321' to server 'localhost_1_7'...
            Sent 'add_unsigned_11321' to server 'localhost_1_7'.
          Received 'addsub_unsigned_19401_11826' from server 'localhost_1_6'. (346 ms elapsed)
          Received 'add_unsigned_10833' from server 'localhost_1_1'. (388 ms elapsed)
          Received 'add_unsigned_11321' from server 'localhost_1_7'. (99 ms elapsed)
          Received 'cb_part' from server 'localhost_1_0'. (127 ms elapsed)
          Received 'mult_signed_1' from server 'localhost_1_5'. (953 ms elapsed)
          Received 'mult_signed_11470' from server 'localhost_1_2'. (1035 ms elapsed)
          Received 'mult_signed_11598' from server 'localhost_1_3'. (1093 ms elapsed)
          Received 'addsub_unsigned_19396' from server 'localhost_1_4'. (1097 ms elapsed)
        Distributing super-thread jobs: cb_part_347168 WALLACE_CSA_DUMMY_OP_group_22142 csa_tree_229878
          Sending 'cb_part_347168' to server 'localhost_1_3'...
            Sent 'cb_part_347168' to server 'localhost_1_3'.
          Sending 'WALLACE_CSA_DUMMY_OP_group_22142' to server 'localhost_1_2'...
            Sent 'WALLACE_CSA_DUMMY_OP_group_22142' to server 'localhost_1_2'.
          Sending 'csa_tree_229878' to server 'localhost_1_5'...
            Sent 'csa_tree_229878' to server 'localhost_1_5'.
          Received 'csa_tree_229878' from server 'localhost_1_5'. (250 ms elapsed)
          Received 'WALLACE_CSA_DUMMY_OP_group_22142' from server 'localhost_1_2'. (427 ms elapsed)
          Received 'cb_part_347168' from server 'localhost_1_3'. (1039 ms elapsed)
        Distributing super-thread jobs: cb_oseq_347161 cb_oseq_347163 cb_oseq_347157 shift_left_vlog_unsigned_453 cmp6_unsigned cmp6_signed_215728
          Sending 'cb_oseq_347161' to server 'localhost_1_3'...
            Sent 'cb_oseq_347161' to server 'localhost_1_3'.
          Sending 'cb_oseq_347163' to server 'localhost_1_2'...
            Sent 'cb_oseq_347163' to server 'localhost_1_2'.
          Sending 'cb_oseq_347157' to server 'localhost_1_5'...
            Sent 'cb_oseq_347157' to server 'localhost_1_5'.
          Sending 'shift_left_vlog_unsigned_453' to server 'localhost_1_1'...
            Sent 'shift_left_vlog_unsigned_453' to server 'localhost_1_1'.
          Sending 'cmp6_unsigned' to server 'localhost_1_4'...
            Sent 'cmp6_unsigned' to server 'localhost_1_4'.
          Sending 'cmp6_signed_215728' to server 'localhost_1_0'...
            Sent 'cmp6_signed_215728' to server 'localhost_1_0'.
          Received 'shift_left_vlog_unsigned_453' from server 'localhost_1_1'. (138 ms elapsed)
          Received 'cmp6_unsigned' from server 'localhost_1_4'. (161 ms elapsed)
          Received 'cmp6_signed_215728' from server 'localhost_1_0'. (151 ms elapsed)
          Received 'cb_oseq_347157' from server 'localhost_1_5'. (1433 ms elapsed)
          Received 'cb_oseq_347163' from server 'localhost_1_2'. (11387 ms elapsed)
          Received 'cb_oseq_347161' from server 'localhost_1_3'. (42763 ms elapsed)
        Distributing super-thread jobs: add_unsigned_5839_5 add_unsigned_5839_5_12543 add_unsigned_5837_1
          Sending 'add_unsigned_5839_5' to server 'localhost_1_3'...
            Sent 'add_unsigned_5839_5' to server 'localhost_1_3'.
          Sending 'add_unsigned_5839_5_12543' to server 'localhost_1_2'...
            Sent 'add_unsigned_5839_5_12543' to server 'localhost_1_2'.
          Sending 'add_unsigned_5837_1' to server 'localhost_1_5'...
            Sent 'add_unsigned_5837_1' to server 'localhost_1_5'.
          Received 'add_unsigned_5837_1' from server 'localhost_1_5'. (101 ms elapsed)
          Received 'add_unsigned_5839_5' from server 'localhost_1_3'. (227 ms elapsed)
          Received 'add_unsigned_5839_5_12543' from server 'localhost_1_2'. (215 ms elapsed)
        Distributing super-thread jobs: cb_part_347166
          Sending 'cb_part_347166' to server 'localhost_1_3'...
            Sent 'cb_part_347166' to server 'localhost_1_3'.
          Received 'cb_part_347166' from server 'localhost_1_3'. (45244 ms elapsed)
        Distributing super-thread jobs: cb_seq_347156 cb_seq_347162 cb_seq_347160 cb_seq_347158 cb_part_347170
          Sending 'cb_seq_347156' to server 'localhost_1_3'...
            Sent 'cb_seq_347156' to server 'localhost_1_3'.
          Sending 'cb_seq_347162' to server 'localhost_1_2'...
            Sent 'cb_seq_347162' to server 'localhost_1_2'.
          Sending 'cb_seq_347160' to server 'localhost_1_5'...
            Sent 'cb_seq_347160' to server 'localhost_1_5'.
          Sending 'cb_seq_347158' to server 'localhost_1_1'...
            Sent 'cb_seq_347158' to server 'localhost_1_1'.
          Sending 'cb_part_347170' to server 'localhost_1_4'...
            Sent 'cb_part_347170' to server 'localhost_1_4'.
          Received 'cb_part_347170' from server 'localhost_1_4'. (387 ms elapsed)
          Received 'cb_seq_347158' from server 'localhost_1_1'. (554 ms elapsed)
          Received 'cb_seq_347162' from server 'localhost_1_2'. (19151 ms elapsed)
          Received 'cb_seq_347160' from server 'localhost_1_5'. (19133 ms elapsed)
          Received 'cb_seq_347156' from server 'localhost_1_3'. (32861 ms elapsed)
        Distributing super-thread jobs: cb_seq_347154
          Sending 'cb_seq_347154' to server 'localhost_1_3'...
            Sent 'cb_seq_347154' to server 'localhost_1_3'.
          Received 'cb_seq_347154' from server 'localhost_1_3'. (419 ms elapsed)
==================================
Stage : first_condense 
==================================
  =================
   Message Summary
  =================
-------------------------------------------------------------------------------------------------------------------------------------
|   Id   |Sev  |Count |                                                Message Text                                                 |
-------------------------------------------------------------------------------------------------------------------------------------
| GLO-12 |Info |  414 |Replacing a flip-flop with a logic constant 0.                                                               |
|        |     |      |To prevent this optimization, set the 'optimize_constant_0_flops' root attribute to 'false' or               |
|        |     |      | 'optimize_constant_0_seq' instance attribute to 'false'. You can also see the complete list of deleted      |
|        |     |      | sequential with command 'report sequential -deleted' (on Reason 'constant0').                               |
| GLO-13 |Info |    3 |Replacing a flip-flop with a logic constant 1.                                                               |
|        |     |      |To prevent this optimization, set the 'optimize_constant_1_flops' root attribute to 'false' or               |
|        |     |      | 'optimize_constant_1_seq' instance attribute to 'false'.                                                    |
| GLO-21 |Info |    1 |Replacing a blocking flip-flop with a logic constant 0.                                                      |
|        |     |      |The value used to replace the flop can be set by the root attribute 'optimize_seq_x_to'.                     |
| GLO-34 |Info |    7 |Deleting instances not driving any primary outputs.                                                          |
|        |     |      |Optimizations such as constant propagation or redundancy removal could change the connections so a           |
|        |     |      | hierarchical instance does not drive any primary outputs anymore. To see the list of deleted hierarchical   |
|        |     |      | instances, set the 'information_level' attribute to 2 or above. If the message is truncated set the message |
|        |     |      | attribute 'truncate' to false to see the complete list. To prevent this optimization, set the               |
|        |     |      | 'delete_unloaded_insts' root/subdesign attribute to 'false' or 'preserve' instance attribute to 'true'.     |
| GLO-42 |Info | 1030 |Equivalent sequential instances have been merged.                                                            |
|        |     |      |To prevent merging of sequential instances, set the 'optimize_merge_flops' and 'optimize_merge_latches' root |
|        |     |      | attributes to 'false' or the 'optimize_merge_seq' instance attribute to 'false'.                            |
| ST-110 |Info |    8 |Connection established with super-threading server.                                                          |
|        |     |      |The tool is entering super-threading mode and has established a connection with a CPU server process.  This  |
|        |     |      | is enabled by the root attributes 'super_thread_servers' or 'auto_super_thread'.                            |
| ST-120 |Info |    1 |Attempting to launch a super-threading server.                                                               |
|        |     |      |The tool is entering super-threading mode and is launching a CPU server process.  This is enabled by the     |
|        |     |      | root attribute 'super_thread_servers' or 'auto_super_thread'.                                               |
| ST-128 |Info |    2 |Super thread servers are launched successfully.                                                              |
-------------------------------------------------------------------------------------------------------------------------------------
 
Global mapping target info
==========================
Cost Group 'clk' target slack:   146 ps
Target path end-point (Pin: u_d_mem_DMEM_reg[1023][31]/d)

Info    : Deleting instances not driving any primary outputs. [GLO-34]
        : Deleting 12 sequential instances.

+-----------+-----------+-----+----------------------+---------------------------+
|   Host    |  Machine  | CPU | Physical Memory (MB) | Peak Physical Memory (MB) |
+-----------+-----------+-----+----------------------+---------------------------+
| localhost | localhost |  8  |        3540.1        |          5021.3           |
+-----------+-----------+-----+----------------------+---------------------------+

+---------------+----------------------+---------------------------+
|    Server     | Physical Memory (MB) | Peak Physical Memory (MB) |
+---------------+----------------------+---------------------------+
| localhost_1_0 |      1161.4 [1]      |        2408.1 [1]         |
| localhost_1_4 |       57.7 [2]       |          [2] [3]          |
| localhost_1_2 |      289.1 [2]       |          [2] [3]          |
| localhost_1_3 |      306.3 [2]       |          [2] [3]          |
| localhost_1_7 |       54.8 [2]       |          [2] [3]          |
| localhost_1_5 |      251.7 [2]       |          [2] [3]          |
| localhost_1_6 |       53.8 [2]       |          [2] [3]          |
| localhost_1_1 |       70.1 [2]       |          [2] [3]          |
+---------------+----------------------+---------------------------+
[1] Memory of child processes is included.
[2] Memory is included in parent localhost_1_0.
[3] Peak physical memory is not available for forked background servers.


State Retention Synthesis Status
================================

Category                         Flops   Percentage
---------------------------------------------------
Total instances                 107330        100.0
Excluded from State Retention   107330        100.0
    - Will not convert          107330        100.0
      - Preserved                    0          0.0
      - Power intent excluded   107330        100.0
    - Could not convert              0          0.0
      - Scan type                    0          0.0
      - No suitable cell             0          0.0
State Retention instances            0          0.0
---------------------------------------------------


+-----------+-----------+-----+----------------------+---------------------------+
|   Host    |  Machine  | CPU | Physical Memory (MB) | Peak Physical Memory (MB) |
+-----------+-----------+-----+----------------------+---------------------------+
| localhost | localhost |  1  |        2733.3        |          5021.3           |
+-----------+-----------+-----+----------------------+---------------------------+

+---------------+----------------------+---------------------------+
|    Server     | Physical Memory (MB) | Peak Physical Memory (MB) |
+---------------+----------------------+---------------------------+
| localhost_1_0 |        319.8         |          2408.1           |
+---------------+----------------------+---------------------------+

Info    : Using '2' number of super-threading servers using the attribute 'super_thread_servers' could have
          saved '50' more seconds during global map.
PBS_Generic_Opt-Post - Elapsed_Time 988, CPU_Time 1040.025804
stamp 'PBS_Generic_Opt-Post' being created for table 'pbs_debug'

  Total Time (Wall) |  Stage Time (Wall)  |   % (Wall)   |    Date - Time     |  Memory   | Stage
--------------------+---------------------+--------------+--------------------+-----------+----------------------
 00:00:55(00:00:53) |  00:00:00(00:00:00) |   0.0(  0.0) |   22:39:41 (May11) |   1.37 GB | PBS_Generic-Start
--------------------+---------------------+--------------+--------------------+-----------+----------------------
 00:18:15(00:17:21) |  00:17:20(00:16:28) | 100.0(100.0) |   22:56:09 (May11) |   2.81 GB | PBS_Generic_Opt-Post
--------------------+---------------------+--------------+--------------------+-----------+----------------------
Number of threads: 8 * 1   (id: pbs_debug, time_info v1.57)
Info: (*N*) indicates data that was populated from previously saved time_info database
Info: CPU time includes time of parent + longest thread
PBS_Generic-Postgen HBO Optimizations - Elapsed_Time 7, CPU_Time 8.0
stamp 'PBS_Generic-Postgen HBO Optimizations' being created for table 'pbs_debug'

  Total Time (Wall) |  Stage Time (Wall)  |   % (Wall)   |    Date - Time     |  Memory   | Stage
--------------------+---------------------+--------------+--------------------+-----------+----------------------
 00:00:55(00:00:53) |  00:00:00(00:00:00) |   0.0(  0.0) |   22:39:41 (May11) |   1.37 GB | PBS_Generic-Start
--------------------+---------------------+--------------+--------------------+-----------+----------------------
 00:18:15(00:17:21) |  00:17:20(00:16:28) |  99.2( 99.3) |   22:56:09 (May11) |   2.81 GB | PBS_Generic_Opt-Post
--------------------+---------------------+--------------+--------------------+-----------+----------------------
 00:18:23(00:17:28) |  00:00:08(00:00:07) |   0.8(  0.7) |   22:56:16 (May11) |   2.72 GB | PBS_Generic-Postgen HBO Optimizations
--------------------+---------------------+--------------+--------------------+-----------+----------------------
Number of threads: 8 * 1   (id: pbs_debug, time_info v1.57)
Info: (*N*) indicates data that was populated from previously saved time_info database
Info: CPU time includes time of parent + longest thread
##>=================== Cadence Confidential (Generic-Logical) ===================
##>=================== Cadence Confidential (Generic-Logical) ===================
##>Main Thread Summary:
##>----------------------------------------------------------------------------------------
##>STEP                           Elapsed       WNS       TNS     Insts      Area    Memory
##>----------------------------------------------------------------------------------------
##>G:Initial                            7         -         -    199455   1700360      1370
##>G:Setup                              0         -         -         -         -         -
##>G:Launch ST                          0         -         -         -         -         -
##>G:Design Partition                   0         -         -         -         -         -
##>G:Create Partition Netlists          0         -         -         -         -         -
##>G:Init Power                         0         -         -         -         -         -
##>G:Budgeting                          0         -         -         -         -         -
##>G:Derenv-DB                          0         -         -         -         -         -
##>G:Debug Outputs                      0         -         -         -         -         -
##>G:ST loading                         0         -         -         -         -         -
##>G:Distributed                        0         -         -         -         -         -
##>G:Timer                              0         -         -         -         -         -
##>G:Assembly                           0         -         -         -         -         -
##>G:DFT                                0         -         -         -         -         -
##>G:Const Prop                         7         -         -    443075   2043673      2723
##>G:Misc                             987
##>----------------------------------------------------------------------------------------
##>Total Elapsed                     1001
##>========================================================================================
Info    : Done synthesizing. [SYNTH-2]
        : Done synthesizing 'rv32im_top' to generic gates.
      flow.cputime  flow.realtime  timing.setup.tns  timing.setup.wns  snapshot
UM:*                                                                   syn_gen
@file(synth_with_mem.tcl) 94: syn_map -effort low
##Generic Timing Info for library domain: _default_ typical gate delay: 49.3 ps std_slew: 8.9 ps std_load: 1.2 fF
Info    : Mapping. [SYNTH-4]
        : Mapping 'rv32im_top' using 'low' effort.
Mapper: Libraries have:
	domain _default_: 324 combo usable cells and 128 sequential usable cells
Configuring mapper costing (none)
TNS Restructuring config: no_value at stage: map applied.
PBS_TechMap-Start - Elapsed_Time 0, CPU_Time 0.0
stamp 'PBS_TechMap-Start' being created for table 'pbs_debug'

  Total Time (Wall) |  Stage Time (Wall)  |   % (Wall)   |    Date - Time     |  Memory   | Stage
--------------------+---------------------+--------------+--------------------+-----------+----------------------
 00:00:55(00:00:53) |  00:00:00(00:00:00) |   0.0(  0.0) |   22:39:41 (May11) |   1.37 GB | PBS_Generic-Start
--------------------+---------------------+--------------+--------------------+-----------+----------------------
 00:18:15(00:17:21) |  00:17:20(00:16:28) |  97.9( 97.8) |   22:56:09 (May11) |   2.81 GB | PBS_Generic_Opt-Post
--------------------+---------------------+--------------+--------------------+-----------+----------------------
 00:18:23(00:17:28) |  00:00:08(00:00:07) |   0.8(  0.7) |   22:56:16 (May11) |   2.72 GB | PBS_Generic-Postgen HBO Optimizations
--------------------+---------------------+--------------+--------------------+-----------+----------------------
 00:18:37(00:17:43) |  00:00:14(00:00:15) |   1.3(  1.5) |   22:56:31 (May11) |   2.72 GB | PBS_TechMap-Start
--------------------+---------------------+--------------+--------------------+-----------+----------------------
Number of threads: 8 * 1   (id: pbs_debug, time_info v1.57)
Info: (*N*) indicates data that was populated from previously saved time_info database
Info: CPU time includes time of parent + longest thread
PBS_TechMap-Premap HBO Optimizations - Elapsed_Time 7, CPU_Time 7.0
stamp 'PBS_TechMap-Premap HBO Optimizations' being created for table 'pbs_debug'

  Total Time (Wall) |  Stage Time (Wall)  |   % (Wall)   |    Date - Time     |  Memory   | Stage
--------------------+---------------------+--------------+--------------------+-----------+----------------------
 00:00:55(00:00:53) |  00:00:00(00:00:00) |   0.0(  0.0) |   22:39:41 (May11) |   1.37 GB | PBS_Generic-Start
--------------------+---------------------+--------------+--------------------+-----------+----------------------
 00:18:15(00:17:21) |  00:17:20(00:16:28) |  97.3( 97.1) |   22:56:09 (May11) |   2.81 GB | PBS_Generic_Opt-Post
--------------------+---------------------+--------------+--------------------+-----------+----------------------
 00:18:23(00:17:28) |  00:00:08(00:00:07) |   0.7(  0.7) |   22:56:16 (May11) |   2.72 GB | PBS_Generic-Postgen HBO Optimizations
--------------------+---------------------+--------------+--------------------+-----------+----------------------
 00:18:37(00:17:43) |  00:00:14(00:00:15) |   1.3(  1.5) |   22:56:31 (May11) |   2.72 GB | PBS_TechMap-Start
--------------------+---------------------+--------------+--------------------+-----------+----------------------
 00:18:44(00:17:50) |  00:00:07(00:00:07) |   0.7(  0.7) |   22:56:38 (May11) |   2.72 GB | PBS_TechMap-Premap HBO Optimizations
--------------------+---------------------+--------------+--------------------+-----------+----------------------
Number of threads: 8 * 1   (id: pbs_debug, time_info v1.57)
Info: (*N*) indicates data that was populated from previously saved time_info database
Info: CPU time includes time of parent + longest thread
Info    : Partition Based Synthesis execution skipped. [PHYS-752]
        : 'low' effort synthesis done in non-distributed manner. Set synthesize -effort to 'medium' or 'high' to turn on distributed optimization.
Mapper: Libraries have:
	domain _default_: 324 combo usable cells and 128 sequential usable cells
Updating ST server settings
Info    : Connection established with super-threading server. [ST-110]
        : The server 'localhost_1_8' is forked process '835394' on this host.
Info    : Connection established with super-threading server. [ST-110]
        : The server 'localhost_1_9' is forked process '835396' on this host.
Info    : Connection established with super-threading server. [ST-110]
        : The server 'localhost_1_10' is forked process '835398' on this host.
Info    : Connection established with super-threading server. [ST-110]
        : The server 'localhost_1_11' is forked process '835400' on this host.
Info    : Connection established with super-threading server. [ST-110]
        : The server 'localhost_1_12' is forked process '835402' on this host.
Info    : Connection established with super-threading server. [ST-110]
        : The server 'localhost_1_13' is forked process '835404' on this host.
Info    : Connection established with super-threading server. [ST-110]
        : The server 'localhost_1_14' is forked process '835406' on this host.
Updating ST server settings
Info    : Connection established with super-threading server. [ST-110]
        : The server 'localhost_1_15' is forked process '835629' on this host.
Info    : Connection established with super-threading server. [ST-110]
        : The server 'localhost_1_16' is forked process '835631' on this host.
Info    : Connection established with super-threading server. [ST-110]
        : The server 'localhost_1_17' is forked process '835633' on this host.
Info    : Connection established with super-threading server. [ST-110]
        : The server 'localhost_1_18' is forked process '835635' on this host.
Info    : Connection established with super-threading server. [ST-110]
        : The server 'localhost_1_19' is forked process '835637' on this host.
Info    : Connection established with super-threading server. [ST-110]
        : The server 'localhost_1_20' is forked process '835639' on this host.
Info    : Connection established with super-threading server. [ST-110]
        : The server 'localhost_1_21' is forked process '835641' on this host.
        Distributing super-thread jobs: cb_seq_347527 cb_seq_347519 cb_seq_347521 cb_seq_347525
          Sending 'cb_seq_347527' to server 'localhost_1_20'...
            Sent 'cb_seq_347527' to server 'localhost_1_20'.
          Sending 'cb_seq_347519' to server 'localhost_1_17'...
            Sent 'cb_seq_347519' to server 'localhost_1_17'.
          Sending 'cb_seq_347521' to server 'localhost_1_21'...
            Sent 'cb_seq_347521' to server 'localhost_1_21'.
          Sending 'cb_seq_347525' to server 'localhost_1_0'...
            Sent 'cb_seq_347525' to server 'localhost_1_0'.
          Received 'cb_seq_347521' from server 'localhost_1_21'. (3996 ms elapsed)
          Received 'cb_seq_347519' from server 'localhost_1_17'. (6203 ms elapsed)
          Received 'cb_seq_347527' from server 'localhost_1_20'. (8526 ms elapsed)
          Received 'cb_seq_347525' from server 'localhost_1_0'. (3742 ms elapsed)
Multi-threaded Virtual Mapping    (8 threads per ST process, 8 of 16 CPUs usable)
        Distributing super-thread jobs: cb_part_347606 mult_signed_1 mult_signed_11598 mult_signed_11470 mrg_mux_ctl_347626 add_unsigned_10833 addsub_unsigned_19396 addsub_unsigned_19401 addsub_unsigned_19401_11826 addsub_unsigned_19396_12031 mrg_mux_ctl shift_left_vlog_unsigned_6218_1 mrg_mux_ctl_347625 add_unsigned_11321
          Sending 'cb_part_347606' to server 'localhost_1_20'...
            Sent 'cb_part_347606' to server 'localhost_1_20'.
          Sending 'mult_signed_1' to server 'localhost_1_17'...
            Sent 'mult_signed_1' to server 'localhost_1_17'.
          Sending 'mult_signed_11598' to server 'localhost_1_21'...
            Sent 'mult_signed_11598' to server 'localhost_1_21'.
          Sending 'mult_signed_11470' to server 'localhost_1_0'...
            Sent 'mult_signed_11470' to server 'localhost_1_0'.
          Sending 'mrg_mux_ctl_347626' to server 'localhost_1_16'...
            Sent 'mrg_mux_ctl_347626' to server 'localhost_1_16'.
          Sending 'add_unsigned_10833' to server 'localhost_1_19'...
            Sent 'add_unsigned_10833' to server 'localhost_1_19'.
          Sending 'addsub_unsigned_19396' to server 'localhost_1_18'...
            Sent 'addsub_unsigned_19396' to server 'localhost_1_18'.
          Sending 'addsub_unsigned_19401' to server 'localhost_1_15'...
            Sent 'addsub_unsigned_19401' to server 'localhost_1_15'.
          Received 'mult_signed_1' from server 'localhost_1_17'. (735 ms elapsed)
          Sending 'addsub_unsigned_19401_11826' to server 'localhost_1_17'...
            Sent 'addsub_unsigned_19401_11826' to server 'localhost_1_17'.
          Received 'add_unsigned_10833' from server 'localhost_1_19'. (543 ms elapsed)
          Sending 'addsub_unsigned_19396_12031' to server 'localhost_1_19'...
            Sent 'addsub_unsigned_19396_12031' to server 'localhost_1_19'.
          Received 'mult_signed_11598' from server 'localhost_1_21'. (802 ms elapsed)
          Sending 'mrg_mux_ctl' to server 'localhost_1_21'...
            Sent 'mrg_mux_ctl' to server 'localhost_1_21'.
          Received 'addsub_unsigned_19396_12031' from server 'localhost_1_19'. (135 ms elapsed)
          Sending 'shift_left_vlog_unsigned_6218_1' to server 'localhost_1_19'...
            Sent 'shift_left_vlog_unsigned_6218_1' to server 'localhost_1_19'.
          Received 'mrg_mux_ctl' from server 'localhost_1_21'. (107 ms elapsed)
          Sending 'mrg_mux_ctl_347625' to server 'localhost_1_21'...
            Sent 'mrg_mux_ctl_347625' to server 'localhost_1_21'.
          Received 'shift_left_vlog_unsigned_6218_1' from server 'localhost_1_19'. (95 ms elapsed)
          Sending 'add_unsigned_11321' to server 'localhost_1_19'...
            Sent 'add_unsigned_11321' to server 'localhost_1_19'.
          Received 'mrg_mux_ctl_347625' from server 'localhost_1_21'. (87 ms elapsed)
          Received 'add_unsigned_11321' from server 'localhost_1_19'. (94 ms elapsed)
          Received 'addsub_unsigned_19396' from server 'localhost_1_18'. (913 ms elapsed)
          Received 'addsub_unsigned_19401' from server 'localhost_1_15'. (926 ms elapsed)
          Received 'addsub_unsigned_19401_11826' from server 'localhost_1_17'. (542 ms elapsed)
          Received 'mult_signed_11470' from server 'localhost_1_0'. (1405 ms elapsed)
          Received 'mrg_mux_ctl_347626' from server 'localhost_1_16'. (1858 ms elapsed)
          Received 'cb_part_347606' from server 'localhost_1_20'. (2551 ms elapsed)
        Distributing super-thread jobs: cb_part_347608 mrg_mux_ctl_347622 WALLACE_CSA_DUMMY_OP_group_22142 csa_tree_229878 mrg_mux_ctl_347628 add_unsigned_5839_5_12543 cmp6_unsigned cmp6_signed_215728 cb_part_347564
          Sending 'cb_part_347608' to server 'localhost_1_20'...
            Sent 'cb_part_347608' to server 'localhost_1_20'.
          Sending 'mrg_mux_ctl_347622' to server 'localhost_1_17'...
            Sent 'mrg_mux_ctl_347622' to server 'localhost_1_17'.
          Sending 'WALLACE_CSA_DUMMY_OP_group_22142' to server 'localhost_1_21'...
            Sent 'WALLACE_CSA_DUMMY_OP_group_22142' to server 'localhost_1_21'.
          Sending 'csa_tree_229878' to server 'localhost_1_0'...
            Sent 'csa_tree_229878' to server 'localhost_1_0'.
          Sending 'mrg_mux_ctl_347628' to server 'localhost_1_16'...
            Sent 'mrg_mux_ctl_347628' to server 'localhost_1_16'.
          Sending 'add_unsigned_5839_5_12543' to server 'localhost_1_19'...
            Sent 'add_unsigned_5839_5_12543' to server 'localhost_1_19'.
          Sending 'cmp6_unsigned' to server 'localhost_1_18'...
            Sent 'cmp6_unsigned' to server 'localhost_1_18'.
          Sending 'cmp6_signed_215728' to server 'localhost_1_15'...
            Sent 'cmp6_signed_215728' to server 'localhost_1_15'.
          Received 'csa_tree_229878' from server 'localhost_1_0'. (344 ms elapsed)
          Sending 'cb_part_347564' to server 'localhost_1_0'...
            Sent 'cb_part_347564' to server 'localhost_1_0'.
          Received 'mrg_mux_ctl_347622' from server 'localhost_1_17'. (445 ms elapsed)
          Received 'WALLACE_CSA_DUMMY_OP_group_22142' from server 'localhost_1_21'. (449 ms elapsed)
          Received 'cb_part_347564' from server 'localhost_1_0'. (81 ms elapsed)
          Received 'cmp6_unsigned' from server 'localhost_1_18'. (517 ms elapsed)
          Received 'add_unsigned_5839_5_12543' from server 'localhost_1_19'. (565 ms elapsed)
          Received 'mrg_mux_ctl_347628' from server 'localhost_1_16'. (591 ms elapsed)
          Received 'cmp6_signed_215728' from server 'localhost_1_15'. (914 ms elapsed)
          Received 'cb_part_347608' from server 'localhost_1_20'. (16698 ms elapsed)
        Distributing super-thread jobs: cb_part_347552 cb_part_347558 mrg_mux_ctl_347629 mux_ctl_0x_347513
          Sending 'cb_part_347552' to server 'localhost_1_20'...
            Sent 'cb_part_347552' to server 'localhost_1_20'.
          Sending 'cb_part_347558' to server 'localhost_1_17'...
            Sent 'cb_part_347558' to server 'localhost_1_17'.
          Sending 'mrg_mux_ctl_347629' to server 'localhost_1_21'...
            Sent 'mrg_mux_ctl_347629' to server 'localhost_1_21'.
          Sending 'mux_ctl_0x_347513' to server 'localhost_1_0'...
            Sent 'mux_ctl_0x_347513' to server 'localhost_1_0'.
          Received 'mux_ctl_0x_347513' from server 'localhost_1_0'. (88 ms elapsed)
          Received 'mrg_mux_ctl_347629' from server 'localhost_1_21'. (157 ms elapsed)
          Received 'cb_part_347558' from server 'localhost_1_17'. (289 ms elapsed)
          Received 'cb_part_347552' from server 'localhost_1_20'. (14114 ms elapsed)
        Distributing super-thread jobs: cb_part_347532 mrg_mux_ctl_347631 add_unsigned_5839_5 shift_left_vlog_unsigned_453 add_unsigned_5837_1
          Sending 'cb_part_347532' to server 'localhost_1_20'...
            Sent 'cb_part_347532' to server 'localhost_1_20'.
          Sending 'mrg_mux_ctl_347631' to server 'localhost_1_17'...
            Sent 'mrg_mux_ctl_347631' to server 'localhost_1_17'.
          Sending 'add_unsigned_5839_5' to server 'localhost_1_21'...
            Sent 'add_unsigned_5839_5' to server 'localhost_1_21'.
          Sending 'shift_left_vlog_unsigned_453' to server 'localhost_1_0'...
            Sent 'shift_left_vlog_unsigned_453' to server 'localhost_1_0'.
          Sending 'add_unsigned_5837_1' to server 'localhost_1_16'...
            Sent 'add_unsigned_5837_1' to server 'localhost_1_16'.
          Received 'shift_left_vlog_unsigned_453' from server 'localhost_1_0'. (118 ms elapsed)
          Received 'add_unsigned_5839_5' from server 'localhost_1_21'. (174 ms elapsed)
          Received 'mrg_mux_ctl_347631' from server 'localhost_1_17'. (190 ms elapsed)
          Received 'cb_part_347532' from server 'localhost_1_20'. (515 ms elapsed)
          Received 'add_unsigned_5837_1' from server 'localhost_1_16'. (493 ms elapsed)
        Distributing super-thread jobs: increment_unsigned_62764_189069
          Sending 'increment_unsigned_62764_189069' to server 'localhost_1_20'...
            Sent 'increment_unsigned_62764_189069' to server 'localhost_1_20'.
          Received 'increment_unsigned_62764_189069' from server 'localhost_1_20'. (94 ms elapsed)
        Distributing super-thread jobs: cb_part_347617
          Sending 'cb_part_347617' to server 'localhost_1_20'...
            Sent 'cb_part_347617' to server 'localhost_1_20'.
          Received 'cb_part_347617' from server 'localhost_1_20'. (16722 ms elapsed)
        Distributing super-thread jobs: mrg_mux_ctl_347632 cb_part_347619 cb_part_347559 increment_unsigned_62748_231336
          Sending 'mrg_mux_ctl_347632' to server 'localhost_1_20'...
            Sent 'mrg_mux_ctl_347632' to server 'localhost_1_20'.
          Sending 'cb_part_347619' to server 'localhost_1_17'...
            Sent 'cb_part_347619' to server 'localhost_1_17'.
          Sending 'cb_part_347559' to server 'localhost_1_21'...
            Sent 'cb_part_347559' to server 'localhost_1_21'.
          Sending 'increment_unsigned_62748_231336' to server 'localhost_1_0'...
            Sent 'increment_unsigned_62748_231336' to server 'localhost_1_0'.
          Received 'increment_unsigned_62748_231336' from server 'localhost_1_0'. (96 ms elapsed)
          Received 'mrg_mux_ctl_347632' from server 'localhost_1_20'. (21623 ms elapsed)
          Received 'cb_part_347559' from server 'localhost_1_21'. (19157 ms elapsed)
          Received 'cb_part_347619' from server 'localhost_1_17'. (25656 ms elapsed)
        Distributing super-thread jobs: cb_part_347603 cb_part_347609 cb_seq_347517
          Sending 'cb_part_347603' to server 'localhost_1_20'...
            Sent 'cb_part_347603' to server 'localhost_1_20'.
          Sending 'cb_part_347609' to server 'localhost_1_17'...
            Sent 'cb_part_347609' to server 'localhost_1_17'.
          Sending 'cb_seq_347517' to server 'localhost_1_21'...
            Sent 'cb_seq_347517' to server 'localhost_1_21'.
          Received 'cb_seq_347517' from server 'localhost_1_21'. (879 ms elapsed)
          Received 'cb_part_347609' from server 'localhost_1_17'. (4379 ms elapsed)
          Received 'cb_part_347603' from server 'localhost_1_20'. (19928 ms elapsed)
        Distributing super-thread jobs: cb_seq_347527 cb_seq_347519 cb_seq_347529 cb_seq_347521 cb_seq_347525 cb_seq_347523
          Sending 'cb_seq_347527' to server 'localhost_1_20'...
            Sent 'cb_seq_347527' to server 'localhost_1_20'.
          Sending 'cb_seq_347519' to server 'localhost_1_17'...
            Sent 'cb_seq_347519' to server 'localhost_1_17'.
          Sending 'cb_seq_347529' to server 'localhost_1_21'...
            Sent 'cb_seq_347529' to server 'localhost_1_21'.
          Sending 'cb_seq_347521' to server 'localhost_1_0'...
            Sent 'cb_seq_347521' to server 'localhost_1_0'.
          Sending 'cb_seq_347525' to server 'localhost_1_16'...
            Sent 'cb_seq_347525' to server 'localhost_1_16'.
          Sending 'cb_seq_347523' to server 'localhost_1_19'...
            Sent 'cb_seq_347523' to server 'localhost_1_19'.
          Received 'cb_seq_347527' from server 'localhost_1_20'. (17872 ms elapsed)
          Received 'cb_seq_347519' from server 'localhost_1_17'. (17792 ms elapsed)
          Received 'cb_seq_347529' from server 'localhost_1_21'. (16880 ms elapsed)
          Received 'cb_seq_347521' from server 'localhost_1_0'. (20622 ms elapsed)
          Received 'cb_seq_347523' from server 'localhost_1_19'. (17180 ms elapsed)
          Received 'cb_seq_347525' from server 'localhost_1_16'. (20740 ms elapsed)
==================================
Stage : first_condense 
==================================
  =================
   Message Summary
  =================
-------------------------------------------------------------------------------------------------------------------------------------
|    Id    |Sev  |Count |                                               Message Text                                                |
-------------------------------------------------------------------------------------------------------------------------------------
| GLO-34   |Info |    1 |Deleting instances not driving any primary outputs.                                                        |
|          |     |      |Optimizations such as constant propagation or redundancy removal could change the connections so a         |
|          |     |      | hierarchical instance does not drive any primary outputs anymore. To see the list of deleted hierarchical |
|          |     |      | instances, set the 'information_level' attribute to 2 or above. If the message is truncated set the       |
|          |     |      | message attribute 'truncate' to false to see the complete list. To prevent this optimization, set the     |
|          |     |      | 'delete_unloaded_insts' root/subdesign attribute to 'false' or 'preserve' instance attribute to 'true'.   |
| PHYS-752 |Info |    1 |Partition Based Synthesis execution skipped.                                                               |
| ST-110   |Info |   14 |Connection established with super-threading server.                                                        |
|          |     |      |The tool is entering super-threading mode and has established a connection with a CPU server process.      |
|          |     |      | This is enabled by the root attributes 'super_thread_servers' or 'auto_super_thread'.                     |
| ST-112   |Info |   14 |A super-threading server has been shut down normally.                                                      |
|          |     |      |A super-threaded optimization is complete and a CPU server was successfully shut down.                     |
| ST-128   |Info |    2 |Super thread servers are launched successfully.                                                            |
| SYNTH-2  |Info |    1 |Done synthesizing.                                                                                         |
| SYNTH-4  |Info |    1 |Mapping.                                                                                                   |
-------------------------------------------------------------------------------------------------------------------------------------
 
Global mapping target info
==========================
Cost Group 'clk' target slack:   146 ps
Target path end-point (Pin: u_cpu_u_vicuna_wrapper_mem_rdata_q_reg[30]/d)

Multi-threaded Technology Mapping (8 threads per ST process, 8 of 16 CPUs usable)
        Distributing super-thread jobs: cb_seq_347527 cb_seq_347519 cb_seq_347529 cb_seq_347521 cb_seq_347525 cb_seq_347523
          Sending 'cb_seq_347527' to server 'localhost_1_20'...
            Sent 'cb_seq_347527' to server 'localhost_1_20'.
          Sending 'cb_seq_347519' to server 'localhost_1_17'...
            Sent 'cb_seq_347519' to server 'localhost_1_17'.
          Sending 'cb_seq_347529' to server 'localhost_1_21'...
            Sent 'cb_seq_347529' to server 'localhost_1_21'.
          Sending 'cb_seq_347521' to server 'localhost_1_0'...
            Sent 'cb_seq_347521' to server 'localhost_1_0'.
          Sending 'cb_seq_347525' to server 'localhost_1_16'...
            Sent 'cb_seq_347525' to server 'localhost_1_16'.
          Sending 'cb_seq_347523' to server 'localhost_1_19'...
            Sent 'cb_seq_347523' to server 'localhost_1_19'.
          Received 'cb_seq_347523' from server 'localhost_1_19'. (31794 ms elapsed)
          Received 'cb_seq_347519' from server 'localhost_1_17'. (44325 ms elapsed)
          Received 'cb_seq_347525' from server 'localhost_1_16'. (40595 ms elapsed)
          Received 'cb_seq_347527' from server 'localhost_1_20'. (51014 ms elapsed)
          Received 'cb_seq_347521' from server 'localhost_1_0'. (44480 ms elapsed)
          Received 'cb_seq_347529' from server 'localhost_1_21'. (50665 ms elapsed)
        Distributing super-thread jobs: cb_seq_347517
          Sending 'cb_seq_347517' to server 'localhost_1_20'...
            Sent 'cb_seq_347517' to server 'localhost_1_20'.
          Received 'cb_seq_347517' from server 'localhost_1_20'. (1104 ms elapsed)
        Distributing super-thread jobs: cb_part_347603 cb_part_347609
          Sending 'cb_part_347603' to server 'localhost_1_20'...
            Sent 'cb_part_347603' to server 'localhost_1_20'.
          Sending 'cb_part_347609' to server 'localhost_1_17'...
            Sent 'cb_part_347609' to server 'localhost_1_17'.
          Received 'cb_part_347609' from server 'localhost_1_17'. (5490 ms elapsed)
          Received 'cb_part_347603' from server 'localhost_1_20'. (22131 ms elapsed)
        Distributing super-thread jobs: mrg_mux_ctl_347632 cb_part_347619 cb_part_347559 increment_unsigned_62748_231336
          Sending 'mrg_mux_ctl_347632' to server 'localhost_1_20'...
            Sent 'mrg_mux_ctl_347632' to server 'localhost_1_20'.
          Sending 'cb_part_347619' to server 'localhost_1_17'...
            Sent 'cb_part_347619' to server 'localhost_1_17'.
          Sending 'cb_part_347559' to server 'localhost_1_21'...
            Sent 'cb_part_347559' to server 'localhost_1_21'.
          Sending 'increment_unsigned_62748_231336' to server 'localhost_1_0'...
            Sent 'increment_unsigned_62748_231336' to server 'localhost_1_0'.
          Received 'increment_unsigned_62748_231336' from server 'localhost_1_0'. (508 ms elapsed)
          Received 'cb_part_347619' from server 'localhost_1_17'. (41296 ms elapsed)
          Received 'cb_part_347559' from server 'localhost_1_21'. (38727 ms elapsed)
          Received 'mrg_mux_ctl_347632' from server 'localhost_1_20'. (47107 ms elapsed)
        Distributing super-thread jobs: cb_part_347617
          Sending 'cb_part_347617' to server 'localhost_1_20'...
            Sent 'cb_part_347617' to server 'localhost_1_20'.
          Received 'cb_part_347617' from server 'localhost_1_20'. (20023 ms elapsed)
        Distributing super-thread jobs: increment_unsigned_62764_189069
          Sending 'increment_unsigned_62764_189069' to server 'localhost_1_20'...
            Sent 'increment_unsigned_62764_189069' to server 'localhost_1_20'.
          Received 'increment_unsigned_62764_189069' from server 'localhost_1_20'. (426 ms elapsed)
        Distributing super-thread jobs: cb_part_347532 shift_left_vlog_unsigned_453 add_unsigned_5839_5 mrg_mux_ctl_347631 add_unsigned_5837_1
          Sending 'cb_part_347532' to server 'localhost_1_20'...
            Sent 'cb_part_347532' to server 'localhost_1_20'.
          Sending 'shift_left_vlog_unsigned_453' to server 'localhost_1_17'...
            Sent 'shift_left_vlog_unsigned_453' to server 'localhost_1_17'.
          Sending 'add_unsigned_5839_5' to server 'localhost_1_21'...
            Sent 'add_unsigned_5839_5' to server 'localhost_1_21'.
          Sending 'mrg_mux_ctl_347631' to server 'localhost_1_0'...
            Sent 'mrg_mux_ctl_347631' to server 'localhost_1_0'.
          Sending 'add_unsigned_5837_1' to server 'localhost_1_16'...
            Sent 'add_unsigned_5837_1' to server 'localhost_1_16'.
          Received 'shift_left_vlog_unsigned_453' from server 'localhost_1_17'. (547 ms elapsed)
          Received 'add_unsigned_5839_5' from server 'localhost_1_21'. (548 ms elapsed)
          Received 'mrg_mux_ctl_347631' from server 'localhost_1_0'. (1131 ms elapsed)
          Received 'cb_part_347532' from server 'localhost_1_20'. (1353 ms elapsed)
          Received 'add_unsigned_5837_1' from server 'localhost_1_16'. (1223 ms elapsed)
        Distributing super-thread jobs: cb_part_347552 cb_part_347558 mrg_mux_ctl_347629 mux_ctl_0x_347513
          Sending 'cb_part_347552' to server 'localhost_1_20'...
            Sent 'cb_part_347552' to server 'localhost_1_20'.
          Sending 'cb_part_347558' to server 'localhost_1_17'...
            Sent 'cb_part_347558' to server 'localhost_1_17'.
          Sending 'mrg_mux_ctl_347629' to server 'localhost_1_21'...
            Sent 'mrg_mux_ctl_347629' to server 'localhost_1_21'.
          Sending 'mux_ctl_0x_347513' to server 'localhost_1_0'...
            Sent 'mux_ctl_0x_347513' to server 'localhost_1_0'.
          Received 'mux_ctl_0x_347513' from server 'localhost_1_0'. (147 ms elapsed)
          Received 'mrg_mux_ctl_347629' from server 'localhost_1_21'. (562 ms elapsed)
          Received 'cb_part_347558' from server 'localhost_1_17'. (1192 ms elapsed)
          Received 'cb_part_347552' from server 'localhost_1_20'. (15572 ms elapsed)
        Distributing super-thread jobs: cb_part_347608 mrg_mux_ctl_347622 WALLACE_CSA_DUMMY_OP_group_22142 csa_tree_229878 mrg_mux_ctl_347628 add_unsigned_5839_5_12543 cmp6_unsigned cmp6_signed_215728 cb_part_347564
          Sending 'cb_part_347608' to server 'localhost_1_20'...
            Sent 'cb_part_347608' to server 'localhost_1_20'.
          Sending 'mrg_mux_ctl_347622' to server 'localhost_1_17'...
            Sent 'mrg_mux_ctl_347622' to server 'localhost_1_17'.
          Sending 'WALLACE_CSA_DUMMY_OP_group_22142' to server 'localhost_1_21'...
            Sent 'WALLACE_CSA_DUMMY_OP_group_22142' to server 'localhost_1_21'.
          Sending 'csa_tree_229878' to server 'localhost_1_0'...
            Sent 'csa_tree_229878' to server 'localhost_1_0'.
          Sending 'mrg_mux_ctl_347628' to server 'localhost_1_16'...
            Sent 'mrg_mux_ctl_347628' to server 'localhost_1_16'.
          Sending 'add_unsigned_5839_5_12543' to server 'localhost_1_19'...
            Sent 'add_unsigned_5839_5_12543' to server 'localhost_1_19'.
          Sending 'cmp6_unsigned' to server 'localhost_1_18'...
            Sent 'cmp6_unsigned' to server 'localhost_1_18'.
          Sending 'cmp6_signed_215728' to server 'localhost_1_15'...
            Sent 'cmp6_signed_215728' to server 'localhost_1_15'.
          Received 'mrg_mux_ctl_347628' from server 'localhost_1_16'. (453 ms elapsed)
          Sending 'cb_part_347564' to server 'localhost_1_16'...
            Sent 'cb_part_347564' to server 'localhost_1_16'.
          Received 'add_unsigned_5839_5_12543' from server 'localhost_1_19'. (655 ms elapsed)
          Received 'csa_tree_229878' from server 'localhost_1_0'. (741 ms elapsed)
          Received 'WALLACE_CSA_DUMMY_OP_group_22142' from server 'localhost_1_21'. (1362 ms elapsed)
          Received 'mrg_mux_ctl_347622' from server 'localhost_1_17'. (1566 ms elapsed)
          Received 'cb_part_347564' from server 'localhost_1_16'. (1357 ms elapsed)
          Received 'cmp6_unsigned' from server 'localhost_1_18'. (1983 ms elapsed)
          Received 'cmp6_signed_215728' from server 'localhost_1_15'. (2016 ms elapsed)
          Received 'cb_part_347608' from server 'localhost_1_20'. (30147 ms elapsed)
        Distributing super-thread jobs: cb_part_347606 mult_signed_11598 mult_signed_1 mult_signed_11470 mrg_mux_ctl_347626 add_unsigned_10833 addsub_unsigned_19396 addsub_unsigned_19401_11826 addsub_unsigned_19401 addsub_unsigned_19396_12031 mrg_mux_ctl mrg_mux_ctl_347625 shift_left_vlog_unsigned_6218_1 add_unsigned_11321
          Sending 'cb_part_347606' to server 'localhost_1_20'...
            Sent 'cb_part_347606' to server 'localhost_1_20'.
          Sending 'mult_signed_11598' to server 'localhost_1_17'...
            Sent 'mult_signed_11598' to server 'localhost_1_17'.
          Sending 'mult_signed_1' to server 'localhost_1_21'...
            Sent 'mult_signed_1' to server 'localhost_1_21'.
          Sending 'mult_signed_11470' to server 'localhost_1_0'...
            Sent 'mult_signed_11470' to server 'localhost_1_0'.
          Sending 'mrg_mux_ctl_347626' to server 'localhost_1_16'...
            Sent 'mrg_mux_ctl_347626' to server 'localhost_1_16'.
          Sending 'add_unsigned_10833' to server 'localhost_1_19'...
            Sent 'add_unsigned_10833' to server 'localhost_1_19'.
          Sending 'addsub_unsigned_19396' to server 'localhost_1_18'...
            Sent 'addsub_unsigned_19396' to server 'localhost_1_18'.
          Sending 'addsub_unsigned_19401_11826' to server 'localhost_1_15'...
            Sent 'addsub_unsigned_19401_11826' to server 'localhost_1_15'.
          Received 'mrg_mux_ctl_347626' from server 'localhost_1_16'. (1396 ms elapsed)
          Sending 'addsub_unsigned_19401' to server 'localhost_1_16'...
            Sent 'addsub_unsigned_19401' to server 'localhost_1_16'.
          Received 'add_unsigned_10833' from server 'localhost_1_19'. (2270 ms elapsed)
          Sending 'addsub_unsigned_19396_12031' to server 'localhost_1_19'...
            Sent 'addsub_unsigned_19396_12031' to server 'localhost_1_19'.
          Received 'mult_signed_1' from server 'localhost_1_21'. (3197 ms elapsed)
          Sending 'mrg_mux_ctl' to server 'localhost_1_21'...
            Sent 'mrg_mux_ctl' to server 'localhost_1_21'.
          Received 'mrg_mux_ctl' from server 'localhost_1_21'. (248 ms elapsed)
          Sending 'mrg_mux_ctl_347625' to server 'localhost_1_21'...
            Sent 'mrg_mux_ctl_347625' to server 'localhost_1_21'.
          Received 'addsub_unsigned_19401' from server 'localhost_1_16'. (2413 ms elapsed)
          Sending 'shift_left_vlog_unsigned_6218_1' to server 'localhost_1_16'...
            Sent 'shift_left_vlog_unsigned_6218_1' to server 'localhost_1_16'.
          Received 'addsub_unsigned_19396_12031' from server 'localhost_1_19'. (1632 ms elapsed)
          Sending 'add_unsigned_11321' to server 'localhost_1_19'...
            Sent 'add_unsigned_11321' to server 'localhost_1_19'.
          Received 'addsub_unsigned_19401_11826' from server 'localhost_1_15'. (3966 ms elapsed)
          Received 'mrg_mux_ctl_347625' from server 'localhost_1_21'. (1592 ms elapsed)
          Received 'shift_left_vlog_unsigned_6218_1' from server 'localhost_1_16'. (1565 ms elapsed)
          Received 'addsub_unsigned_19396' from server 'localhost_1_18'. (5567 ms elapsed)
          Received 'mult_signed_11598' from server 'localhost_1_17'. (6403 ms elapsed)
          Received 'cb_part_347606' from server 'localhost_1_20'. (6733 ms elapsed)
          Received 'mult_signed_11470' from server 'localhost_1_0'. (7119 ms elapsed)
          Received 'add_unsigned_11321' from server 'localhost_1_19'. (3194 ms elapsed)
 
Global mapping status
=====================
                                   Group   
                                  Tot Wrst 
                           Total  Weighted 
Operation                   Area   Slacks  
 global_map               388346        0 

    Cost Group            Target    Slack    Diff.  Constr.
-----------------------------------------------------------
           clk               146      504             10000 

 
Global incremental target info
==============================
Cost Group 'clk' target slack:   157 ps
Target path end-point (Pin: u_cpu_u_pc/PC_reg[4]/D (DFFSX2LVT/D))

              Distributing super-thread jobs: cb_seq_347527 cb_seq_347519 cb_seq_347529 cb_seq_347521 cb_seq_347525 cb_seq_347523
                Sending 'cb_seq_347527' to server 'localhost_1_20'...
                  Sent 'cb_seq_347527' to server 'localhost_1_20'.
                Sending 'cb_seq_347519' to server 'localhost_1_17'...
                  Sent 'cb_seq_347519' to server 'localhost_1_17'.
                Sending 'cb_seq_347529' to server 'localhost_1_21'...
                  Sent 'cb_seq_347529' to server 'localhost_1_21'.
                Sending 'cb_seq_347521' to server 'localhost_1_0'...
                  Sent 'cb_seq_347521' to server 'localhost_1_0'.
                Sending 'cb_seq_347525' to server 'localhost_1_16'...
                  Sent 'cb_seq_347525' to server 'localhost_1_16'.
                Sending 'cb_seq_347523' to server 'localhost_1_19'...
                  Sent 'cb_seq_347523' to server 'localhost_1_19'.
                Received 'cb_seq_347527' from server 'localhost_1_20'. (11600 ms elapsed)
                Received 'cb_seq_347519' from server 'localhost_1_17'. (11958 ms elapsed)
                Received 'cb_seq_347529' from server 'localhost_1_21'. (11957 ms elapsed)
                Received 'cb_seq_347523' from server 'localhost_1_19'. (7948 ms elapsed)
                Received 'cb_seq_347521' from server 'localhost_1_0'. (11880 ms elapsed)
                Received 'cb_seq_347525' from server 'localhost_1_16'. (12009 ms elapsed)
              Distributing super-thread jobs: cb_seq_347517
                Sending 'cb_seq_347517' to server 'localhost_1_20'...
                  Sent 'cb_seq_347517' to server 'localhost_1_20'.
                Received 'cb_seq_347517' from server 'localhost_1_20'. (383 ms elapsed)
              Distributing super-thread jobs: cb_part_347603 cb_part_347609
                Sending 'cb_part_347603' to server 'localhost_1_20'...
                  Sent 'cb_part_347603' to server 'localhost_1_20'.
                Sending 'cb_part_347609' to server 'localhost_1_17'...
                  Sent 'cb_part_347609' to server 'localhost_1_17'.
                Received 'cb_part_347609' from server 'localhost_1_17'. (1892 ms elapsed)
                Received 'cb_part_347603' from server 'localhost_1_20'. (9066 ms elapsed)
              Distributing super-thread jobs: mrg_mux_ctl_347632 cb_part_347619 cb_part_347559
                Sending 'mrg_mux_ctl_347632' to server 'localhost_1_20'...
                  Sent 'mrg_mux_ctl_347632' to server 'localhost_1_20'.
                Sending 'cb_part_347619' to server 'localhost_1_17'...
                  Sent 'cb_part_347619' to server 'localhost_1_17'.
                Sending 'cb_part_347559' to server 'localhost_1_21'...
                  Sent 'cb_part_347559' to server 'localhost_1_21'.
                Received 'cb_part_347559' from server 'localhost_1_21'. (7851 ms elapsed)
                Received 'mrg_mux_ctl_347632' from server 'localhost_1_20'. (13230 ms elapsed)
                Received 'cb_part_347619' from server 'localhost_1_17'. (24795 ms elapsed)
              Distributing super-thread jobs: cb_part_347617
                Sending 'cb_part_347617' to server 'localhost_1_20'...
                  Sent 'cb_part_347617' to server 'localhost_1_20'.
                Received 'cb_part_347617' from server 'localhost_1_20'. (7890 ms elapsed)
              Distributing super-thread jobs: cb_part_347532
                Sending 'cb_part_347532' to server 'localhost_1_20'...
                  Sent 'cb_part_347532' to server 'localhost_1_20'.
                Received 'cb_part_347532' from server 'localhost_1_20'. (712 ms elapsed)
              Distributing super-thread jobs: cb_part_347608 cb_part_347552 cb_part_347558
                Sending 'cb_part_347608' to server 'localhost_1_20'...
                  Sent 'cb_part_347608' to server 'localhost_1_20'.
                Sending 'cb_part_347552' to server 'localhost_1_17'...
                  Sent 'cb_part_347552' to server 'localhost_1_17'.
                Sending 'cb_part_347558' to server 'localhost_1_21'...
                  Sent 'cb_part_347558' to server 'localhost_1_21'.
                Received 'cb_part_347558' from server 'localhost_1_21'. (521 ms elapsed)
                Received 'cb_part_347608' from server 'localhost_1_20'. (6275 ms elapsed)
                Received 'cb_part_347552' from server 'localhost_1_17'. (6702 ms elapsed)
              Distributing super-thread jobs: cb_part_347606 mrg_mux_ctl_347622 mult_signed_1 mult_signed_11598 mult_signed_11470 mrg_mux_ctl_347626
                Sending 'cb_part_347606' to server 'localhost_1_20'...
                  Sent 'cb_part_347606' to server 'localhost_1_20'.
                Sending 'mrg_mux_ctl_347622' to server 'localhost_1_17'...
                  Sent 'mrg_mux_ctl_347622' to server 'localhost_1_17'.
                Sending 'mult_signed_1' to server 'localhost_1_21'...
                  Sent 'mult_signed_1' to server 'localhost_1_21'.
                Sending 'mult_signed_11598' to server 'localhost_1_0'...
                  Sent 'mult_signed_11598' to server 'localhost_1_0'.
                Sending 'mult_signed_11470' to server 'localhost_1_16'...
                  Sent 'mult_signed_11470' to server 'localhost_1_16'.
                Sending 'mrg_mux_ctl_347626' to server 'localhost_1_19'...
                  Sent 'mrg_mux_ctl_347626' to server 'localhost_1_19'.
                Received 'mult_signed_1' from server 'localhost_1_21'. (238 ms elapsed)
                Received 'mult_signed_11598' from server 'localhost_1_0'. (213 ms elapsed)
                Received 'mrg_mux_ctl_347626' from server 'localhost_1_19'. (191 ms elapsed)
                Received 'mult_signed_11470' from server 'localhost_1_16'. (217 ms elapsed)
                Received 'mrg_mux_ctl_347622' from server 'localhost_1_17'. (565 ms elapsed)
                Received 'cb_part_347606' from server 'localhost_1_20'. (4292 ms elapsed)
==================================
Stage : global_incr_map 
==================================
  =================
   Message Summary
  =================
---------------------------------------------------------------------
|  Id  |Sev  |Count |                 Message Text                  |
---------------------------------------------------------------------
| GB-6 |Info |  164 |A datapath component has been ungrouped.       |
| PA-7 |Info |  314 |Resetting power analysis results.              |
|      |     |      |All computed switching activities are removed. |
---------------------------------------------------------------------
 
Global incremental optimization status
======================================
                                   Group   
                                  Tot Wrst 
                           Total  Weighted 
Operation                   Area   Slacks  
 global_incr              377675        0 

    Cost Group            Target    Slack    Diff.  Constr.
-----------------------------------------------------------
           clk               157      288             10000 


+-----------+-----------+-----+----------------------+---------------------------+
|   Host    |  Machine  | CPU | Physical Memory (MB) | Peak Physical Memory (MB) |
+-----------+-----------+-----+----------------------+---------------------------+
| localhost | localhost |  8  |        5454.5        |          6533.1           |
+-----------+-----------+-----+----------------------+---------------------------+

+----------------+----------------------+---------------------------+
|     Server     | Physical Memory (MB) | Peak Physical Memory (MB) |
+----------------+----------------------+---------------------------+
| localhost_1_19 |      217.5 [1]       |          [1] [2]          |
| localhost_1_0  |      1979.4 [3]      |        3037.6 [3]         |
| localhost_1_16 |      220.1 [1]       |          [1] [2]          |
| localhost_1_17 |      594.3 [1]       |          [1] [2]          |
| localhost_1_20 |      291.8 [1]       |          [1] [2]          |
| localhost_1_15 |       59.8 [1]       |          [1] [2]          |
| localhost_1_18 |       59.1 [1]       |          [1] [2]          |
| localhost_1_21 |      278.5 [1]       |          [1] [2]          |
+----------------+----------------------+---------------------------+
[1] Memory is included in parent localhost_1_0.
[2] Peak physical memory is not available for forked background servers.
[3] Memory of child processes is included.


State Retention Synthesis Status
================================

Category                         Flops   Percentage
---------------------------------------------------
Total instances                 107330        100.0
Excluded from State Retention   107330        100.0
    - Will not convert          107330        100.0
      - Preserved                    0          0.0
      - Power intent excluded   107330        100.0
    - Could not convert              0          0.0
      - Scan type                    0          0.0
      - No suitable cell             0          0.0
State Retention instances            0          0.0
---------------------------------------------------

INFO: skipping constant propagation
PBS_Techmap-Global Mapping - Elapsed_Time 827, CPU_Time 923.9142510000001
stamp 'PBS_Techmap-Global Mapping' being created for table 'pbs_debug'

  Total Time (Wall) |  Stage Time (Wall)  |   % (Wall)   |    Date - Time     |  Memory   | Stage
--------------------+---------------------+--------------+--------------------+-----------+----------------------
 00:00:55(00:00:53) |  00:00:00(00:00:00) |   0.0(  0.0) |   22:39:41 (May11) |   1.37 GB | PBS_Generic-Start
--------------------+---------------------+--------------+--------------------+-----------+----------------------
 00:18:15(00:17:21) |  00:17:20(00:16:28) |  52.2( 53.6) |   22:56:09 (May11) |   2.81 GB | PBS_Generic_Opt-Post
--------------------+---------------------+--------------+--------------------+-----------+----------------------
 00:18:23(00:17:28) |  00:00:08(00:00:07) |   0.4(  0.4) |   22:56:16 (May11) |   2.72 GB | PBS_Generic-Postgen HBO Optimizations
--------------------+---------------------+--------------+--------------------+-----------+----------------------
 00:18:37(00:17:43) |  00:00:14(00:00:15) |   0.7(  0.8) |   22:56:31 (May11) |   2.72 GB | PBS_TechMap-Start
--------------------+---------------------+--------------+--------------------+-----------+----------------------
 00:18:44(00:17:50) |  00:00:07(00:00:07) |   0.4(  0.4) |   22:56:38 (May11) |   2.72 GB | PBS_TechMap-Premap HBO Optimizations
--------------------+---------------------+--------------+--------------------+-----------+----------------------
 00:34:07(00:31:37) |  00:15:23(00:13:47) |  46.4( 44.8) |   23:10:25 (May11) |   4.00 GB | PBS_Techmap-Global Mapping
--------------------+---------------------+--------------+--------------------+-----------+----------------------
Number of threads: 8 * 1   (id: pbs_debug, time_info v1.57)
Info: (*N*) indicates data that was populated from previously saved time_info database
Info: CPU time includes time of parent + longest thread
Warning : Command 'commit_power_intent' cannot proceed as there is no power intent loaded. [CPI-506]
        : Command 'commit_power_intent' requires a valid power_intent to be loaded.
Info    : Wrote formal verification information. [CFM-5]
        : Wrote 'fv/rv32im_top/fv_map.fv.json' for netlist 'fv/rv32im_top/fv_map.v.gz'.
Info    : Existing dofile found. Copied as fv/rv32im_top/rtl_to_fv_map.do~.
Info    : Wrote dofile. [CFM-1]
        : Dofile is 'fv/rv32im_top/rtl_to_fv_map.do'.
        : Alias mapping flow is enabled.
PBS_TechMap-Datapath Postmap Operations - Elapsed_Time 62, CPU_Time 62.591808999999785
stamp 'PBS_TechMap-Datapath Postmap Operations' being created for table 'pbs_debug'

  Total Time (Wall) |  Stage Time (Wall)  |   % (Wall)   |    Date - Time     |  Memory   | Stage
--------------------+---------------------+--------------+--------------------+-----------+----------------------
 00:00:55(00:00:53) |  00:00:00(00:00:00) |   0.0(  0.0) |   22:39:41 (May11) |   1.37 GB | PBS_Generic-Start
--------------------+---------------------+--------------+--------------------+-----------+----------------------
 00:18:15(00:17:21) |  00:17:20(00:16:28) |  50.6( 51.8) |   22:56:09 (May11) |   2.81 GB | PBS_Generic_Opt-Post
--------------------+---------------------+--------------+--------------------+-----------+----------------------
 00:18:23(00:17:28) |  00:00:08(00:00:07) |   0.4(  0.4) |   22:56:16 (May11) |   2.72 GB | PBS_Generic-Postgen HBO Optimizations
--------------------+---------------------+--------------+--------------------+-----------+----------------------
 00:18:37(00:17:43) |  00:00:14(00:00:15) |   0.7(  0.8) |   22:56:31 (May11) |   2.72 GB | PBS_TechMap-Start
--------------------+---------------------+--------------+--------------------+-----------+----------------------
 00:18:44(00:17:50) |  00:00:07(00:00:07) |   0.3(  0.4) |   22:56:38 (May11) |   2.72 GB | PBS_TechMap-Premap HBO Optimizations
--------------------+---------------------+--------------+--------------------+-----------+----------------------
 00:34:07(00:31:37) |  00:15:23(00:13:47) |  44.9( 43.4) |   23:10:25 (May11) |   4.00 GB | PBS_Techmap-Global Mapping
--------------------+---------------------+--------------+--------------------+-----------+----------------------
 00:35:10(00:32:39) |  00:01:02(00:01:02) |   3.0(  3.3) |   23:11:27 (May11) |   3.69 GB | PBS_TechMap-Datapath Postmap Operations
--------------------+---------------------+--------------+--------------------+-----------+----------------------
Number of threads: 8 * 1   (id: pbs_debug, time_info v1.57)
Info: (*N*) indicates data that was populated from previously saved time_info database
Info: CPU time includes time of parent + longest thread
PBS_TechMap-Postmap HBO Optimizations - Elapsed_Time 5, CPU_Time 6.595332000000326
stamp 'PBS_TechMap-Postmap HBO Optimizations' being created for table 'pbs_debug'

  Total Time (Wall) |  Stage Time (Wall)  |   % (Wall)   |    Date - Time     |  Memory   | Stage
--------------------+---------------------+--------------+--------------------+-----------+----------------------
 00:00:55(00:00:53) |  00:00:00(00:00:00) |   0.0(  0.0) |   22:39:41 (May11) |   1.37 GB | PBS_Generic-Start
--------------------+---------------------+--------------+--------------------+-----------+----------------------
 00:18:15(00:17:21) |  00:17:20(00:16:28) |  50.4( 51.7) |   22:56:09 (May11) |   2.81 GB | PBS_Generic_Opt-Post
--------------------+---------------------+--------------+--------------------+-----------+----------------------
 00:18:23(00:17:28) |  00:00:08(00:00:07) |   0.4(  0.4) |   22:56:16 (May11) |   2.72 GB | PBS_Generic-Postgen HBO Optimizations
--------------------+---------------------+--------------+--------------------+-----------+----------------------
 00:18:37(00:17:43) |  00:00:14(00:00:15) |   0.7(  0.8) |   22:56:31 (May11) |   2.72 GB | PBS_TechMap-Start
--------------------+---------------------+--------------+--------------------+-----------+----------------------
 00:18:44(00:17:50) |  00:00:07(00:00:07) |   0.3(  0.4) |   22:56:38 (May11) |   2.72 GB | PBS_TechMap-Premap HBO Optimizations
--------------------+---------------------+--------------+--------------------+-----------+----------------------
 00:34:07(00:31:37) |  00:15:23(00:13:47) |  44.8( 43.3) |   23:10:25 (May11) |   4.00 GB | PBS_Techmap-Global Mapping
--------------------+---------------------+--------------+--------------------+-----------+----------------------
 00:35:10(00:32:39) |  00:01:02(00:01:02) |   3.0(  3.2) |   23:11:27 (May11) |   3.69 GB | PBS_TechMap-Datapath Postmap Operations
--------------------+---------------------+--------------+--------------------+-----------+----------------------
 00:35:17(00:32:44) |  00:00:06(00:00:05) |   0.3(  0.3) |   23:11:32 (May11) |   3.70 GB | PBS_TechMap-Postmap HBO Optimizations
--------------------+---------------------+--------------+--------------------+-----------+----------------------
Number of threads: 8 * 1   (id: pbs_debug, time_info v1.57)
Info: (*N*) indicates data that was populated from previously saved time_info database
Info: CPU time includes time of parent + longest thread
 Doing ConstProp on design:rv32im_top ... 

Time taken by ConstProp Step: 00:00:27
PBS_TechMap-Postmap Clock Gating - Elapsed_Time 29, CPU_Time 30.0
stamp 'PBS_TechMap-Postmap Clock Gating' being created for table 'pbs_debug'

  Total Time (Wall) |  Stage Time (Wall)  |   % (Wall)   |    Date - Time     |  Memory   | Stage
--------------------+---------------------+--------------+--------------------+-----------+----------------------
 00:00:55(00:00:53) |  00:00:00(00:00:00) |   0.0(  0.0) |   22:39:41 (May11) |   1.37 GB | PBS_Generic-Start
--------------------+---------------------+--------------+--------------------+-----------+----------------------
 00:18:15(00:17:21) |  00:17:20(00:16:28) |  49.7( 50.9) |   22:56:09 (May11) |   2.81 GB | PBS_Generic_Opt-Post
--------------------+---------------------+--------------+--------------------+-----------+----------------------
 00:18:23(00:17:28) |  00:00:08(00:00:07) |   0.4(  0.4) |   22:56:16 (May11) |   2.72 GB | PBS_Generic-Postgen HBO Optimizations
--------------------+---------------------+--------------+--------------------+-----------+----------------------
 00:18:37(00:17:43) |  00:00:14(00:00:15) |   0.7(  0.8) |   22:56:31 (May11) |   2.72 GB | PBS_TechMap-Start
--------------------+---------------------+--------------+--------------------+-----------+----------------------
 00:18:44(00:17:50) |  00:00:07(00:00:07) |   0.3(  0.4) |   22:56:38 (May11) |   2.72 GB | PBS_TechMap-Premap HBO Optimizations
--------------------+---------------------+--------------+--------------------+-----------+----------------------
 00:34:07(00:31:37) |  00:15:23(00:13:47) |  44.2( 42.6) |   23:10:25 (May11) |   4.00 GB | PBS_Techmap-Global Mapping
--------------------+---------------------+--------------+--------------------+-----------+----------------------
 00:35:10(00:32:39) |  00:01:02(00:01:02) |   3.0(  3.2) |   23:11:27 (May11) |   3.69 GB | PBS_TechMap-Datapath Postmap Operations
--------------------+---------------------+--------------+--------------------+-----------+----------------------
 00:35:17(00:32:44) |  00:00:06(00:00:05) |   0.3(  0.3) |   23:11:32 (May11) |   3.70 GB | PBS_TechMap-Postmap HBO Optimizations
--------------------+---------------------+--------------+--------------------+-----------+----------------------
 00:35:47(00:33:13) |  00:00:30(00:00:29) |   1.4(  1.5) |   23:12:01 (May11) |   3.68 GB | PBS_TechMap-Postmap Clock Gating
--------------------+---------------------+--------------+--------------------+-----------+----------------------
Number of threads: 8 * 1   (id: pbs_debug, time_info v1.57)
Info: (*N*) indicates data that was populated from previously saved time_info database
Info: CPU time includes time of parent + longest thread
-------------------------------------------------------------------------------
 hi_fo_buf                385831        0         0         0        0

           Trick     Calls     Accepts   Attempts    Time(secs) 
-----------------------------------------------------------
       hi_fo_buf       192  (      192 /      192 )  15.70

 
Incremental optimization status
===============================
                                   Group   
                                  Tot Wrst     Total - - DRC Totals - -
                           Total  Weighted      Neg      Max       Max 
Operation                   Area   Slacks      Slack    Trans      Cap 
 init_delay               385831        0         0         0        0

           Trick     Calls     Accepts   Attempts    Time(secs) 
-----------------------------------------------------------
       crit_upsz         0  (        0 /        0 )  0.00
    plc_bal_star         0  (        0 /        0 )  0.00
     drc_buftimb         0  (        0 /        0 )  0.00
          plc_st         0  (        0 /        0 )  0.00
    plc_st_fence         0  (        0 /        0 )  0.00
        plc_star         0  (        0 /        0 )  0.00
      plc_laf_st         0  (        0 /        0 )  0.00
 plc_laf_st_fence         0  (        0 /        0 )  0.00
     drc_buftims         0  (        0 /        0 )  0.00
            fopt         0  (        0 /        0 )  0.00
   plc_laf_lo_st         0  (        0 /        0 )  0.00
       plc_lo_st         0  (        0 /        0 )  0.00
        mb_split         0  (        0 /        0 )  0.00

 
Local TNS optimization status
=============================
                                   Group   
                                  Tot Wrst     Total - - DRC Totals - -
                           Total  Weighted      Neg      Max       Max 
Operation                   Area   Slacks      Slack    Trans      Cap 
 init_tns                 385831        0         0         0        0

           Trick     Calls     Accepts   Attempts    Time(secs) 
-----------------------------------------------------------
    plc_bal_star         0  (        0 /        0 )  0.00
     drc_buftimb         0  (        0 /        0 )  0.00
     drc_buftims         0  (        0 /        0 )  0.00
       crit_upsz         0  (        0 /        0 )  0.00
   plc_laf_lo_st         0  (        0 /        0 )  0.00
       plc_lo_st         0  (        0 /        0 )  0.00
            fopt         0  (        0 /        0 )  0.00
       crit_dnsz         0  (        0 /        0 )  0.00
             dup         0  (        0 /        0 )  0.00
        setup_dn         0  (        0 /        0 )  0.00
        mb_split         0  (        0 /        0 )  0.00

PBS_TechMap-Postmap Cleanup - Elapsed_Time 23, CPU_Time 25.55996399999958
stamp 'PBS_TechMap-Postmap Cleanup' being created for table 'pbs_debug'

  Total Time (Wall) |  Stage Time (Wall)  |   % (Wall)   |    Date - Time     |  Memory   | Stage
--------------------+---------------------+--------------+--------------------+-----------+----------------------
 00:00:55(00:00:53) |  00:00:00(00:00:00) |   0.0(  0.0) |   22:39:41 (May11) |   1.37 GB | PBS_Generic-Start
--------------------+---------------------+--------------+--------------------+-----------+----------------------
 00:18:15(00:17:21) |  00:17:20(00:16:28) |  49.1( 50.3) |   22:56:09 (May11) |   2.81 GB | PBS_Generic_Opt-Post
--------------------+---------------------+--------------+--------------------+-----------+----------------------
 00:18:23(00:17:28) |  00:00:08(00:00:07) |   0.4(  0.4) |   22:56:16 (May11) |   2.72 GB | PBS_Generic-Postgen HBO Optimizations
--------------------+---------------------+--------------+--------------------+-----------+----------------------
 00:18:37(00:17:43) |  00:00:14(00:00:15) |   0.7(  0.8) |   22:56:31 (May11) |   2.72 GB | PBS_TechMap-Start
--------------------+---------------------+--------------+--------------------+-----------+----------------------
 00:18:44(00:17:50) |  00:00:07(00:00:07) |   0.3(  0.4) |   22:56:38 (May11) |   2.72 GB | PBS_TechMap-Premap HBO Optimizations
--------------------+---------------------+--------------+--------------------+-----------+----------------------
 00:34:07(00:31:37) |  00:15:23(00:13:47) |  43.6( 42.1) |   23:10:25 (May11) |   4.00 GB | PBS_Techmap-Global Mapping
--------------------+---------------------+--------------+--------------------+-----------+----------------------
 00:35:10(00:32:39) |  00:01:02(00:01:02) |   3.0(  3.2) |   23:11:27 (May11) |   3.69 GB | PBS_TechMap-Datapath Postmap Operations
--------------------+---------------------+--------------+--------------------+-----------+----------------------
 00:35:17(00:32:44) |  00:00:06(00:00:05) |   0.3(  0.3) |   23:11:32 (May11) |   3.70 GB | PBS_TechMap-Postmap HBO Optimizations
--------------------+---------------------+--------------+--------------------+-----------+----------------------
 00:35:47(00:33:13) |  00:00:30(00:00:29) |   1.4(  1.5) |   23:12:01 (May11) |   3.68 GB | PBS_TechMap-Postmap Clock Gating
--------------------+---------------------+--------------+--------------------+-----------+----------------------
 00:36:12(00:33:36) |  00:00:25(00:00:23) |   1.2(  1.2) |   23:12:24 (May11) |   3.71 GB | PBS_TechMap-Postmap Cleanup
--------------------+---------------------+--------------+--------------------+-----------+----------------------
Number of threads: 8 * 1   (id: pbs_debug, time_info v1.57)
Info: (*N*) indicates data that was populated from previously saved time_info database
Info: CPU time includes time of parent + longest thread
PBS_Techmap-Post_MBCI - Elapsed_Time 1, CPU_Time 0.0
stamp 'PBS_Techmap-Post_MBCI' being created for table 'pbs_debug'

  Total Time (Wall) |  Stage Time (Wall)  |   % (Wall)   |    Date - Time     |  Memory   | Stage
--------------------+---------------------+--------------+--------------------+-----------+----------------------
 00:00:55(00:00:53) |  00:00:00(00:00:00) |   0.0(  0.0) |   22:39:41 (May11) |   1.37 GB | PBS_Generic-Start
--------------------+---------------------+--------------+--------------------+-----------+----------------------
 00:18:15(00:17:21) |  00:17:20(00:16:28) |  49.1( 50.3) |   22:56:09 (May11) |   2.81 GB | PBS_Generic_Opt-Post
--------------------+---------------------+--------------+--------------------+-----------+----------------------
 00:18:23(00:17:28) |  00:00:08(00:00:07) |   0.4(  0.4) |   22:56:16 (May11) |   2.72 GB | PBS_Generic-Postgen HBO Optimizations
--------------------+---------------------+--------------+--------------------+-----------+----------------------
 00:18:37(00:17:43) |  00:00:14(00:00:15) |   0.7(  0.8) |   22:56:31 (May11) |   2.72 GB | PBS_TechMap-Start
--------------------+---------------------+--------------+--------------------+-----------+----------------------
 00:18:44(00:17:50) |  00:00:07(00:00:07) |   0.3(  0.4) |   22:56:38 (May11) |   2.72 GB | PBS_TechMap-Premap HBO Optimizations
--------------------+---------------------+--------------+--------------------+-----------+----------------------
 00:34:07(00:31:37) |  00:15:23(00:13:47) |  43.6( 42.1) |   23:10:25 (May11) |   4.00 GB | PBS_Techmap-Global Mapping
--------------------+---------------------+--------------+--------------------+-----------+----------------------
 00:35:10(00:32:39) |  00:01:02(00:01:02) |   3.0(  3.2) |   23:11:27 (May11) |   3.69 GB | PBS_TechMap-Datapath Postmap Operations
--------------------+---------------------+--------------+--------------------+-----------+----------------------
 00:35:17(00:32:44) |  00:00:06(00:00:05) |   0.3(  0.3) |   23:11:32 (May11) |   3.70 GB | PBS_TechMap-Postmap HBO Optimizations
--------------------+---------------------+--------------+--------------------+-----------+----------------------
 00:35:47(00:33:13) |  00:00:30(00:00:29) |   1.4(  1.5) |   23:12:01 (May11) |   3.68 GB | PBS_TechMap-Postmap Clock Gating
--------------------+---------------------+--------------+--------------------+-----------+----------------------
 00:36:12(00:33:36) |  00:00:25(00:00:23) |   1.2(  1.2) |   23:12:24 (May11) |   3.71 GB | PBS_TechMap-Postmap Cleanup
--------------------+---------------------+--------------+--------------------+-----------+----------------------
 00:36:12(00:33:37) |  00:00:00(00:00:01) |   0.0(  0.1) |   23:12:25 (May11) |   3.71 GB | PBS_Techmap-Post_MBCI
--------------------+---------------------+--------------+--------------------+-----------+----------------------
Number of threads: 8 * 1   (id: pbs_debug, time_info v1.57)
Info: (*N*) indicates data that was populated from previously saved time_info database
Info: CPU time includes time of parent + longest thread
##>=================== Cadence Confidential (Mapping-Logical) ===================
##>Main Thread Summary:
##>----------------------------------------------------------------------------------------
##>STEP                           Elapsed       WNS       TNS     Insts      Area    Memory
##>----------------------------------------------------------------------------------------
##>M:Initial                            5         -         -    443075   2043673      2719
##>M:Pre Cleanup                        1         -         -    443075   2043673      2719
##>M:Setup                              0         -         -         -         -         -
##>M:Launch ST                          0         -         -         -         -         -
##>M:Design Partition                   0         -         -         -         -         -
##>M:Create Partition Netlists          0         -         -         -         -         -
##>M:Init Power                         0         -         -         -         -         -
##>M:Budgeting                          0         -         -         -         -         -
##>M:Derenv-DB                          0         -         -         -         -         -
##>M:Debug Outputs                      0         -         -         -         -         -
##>M:ST loading                         0         -         -         -         -         -
##>M:Distributed                        0         -         -         -         -         -
##>M:Timer                              0         -         -         -         -         -
##>M:Assembly                           0         -         -         -         -         -
##>M:DFT                                0         -         -         -         -         -
##>M:DP Operations                     62         -         -    322607    377674      3692
##>M:Const Prop                         0       288         0    322607    377674      3692
##>M:Cleanup                           23       292         0    326681    385830      3709
##>M:MBCI                               1         -         -    326681    385830      3709
##>M:Const Gate Removal                 0         -         -         -         -         -
##>M:Misc                             866
##>----------------------------------------------------------------------------------------
##>Total Elapsed                      958
##>========================================================================================

+-----------+-----------+-----+----------------------+---------------------------+
|   Host    |  Machine  | CPU | Physical Memory (MB) | Peak Physical Memory (MB) |
+-----------+-----------+-----+----------------------+---------------------------+
| localhost | localhost |  1  |        3709.4        |          6533.1           |
+-----------+-----------+-----+----------------------+---------------------------+

+---------------+----------------------+---------------------------+
|    Server     | Physical Memory (MB) | Peak Physical Memory (MB) |
+---------------+----------------------+---------------------------+
| localhost_1_0 |        535.3         |          3037.6           |
+---------------+----------------------+---------------------------+

Info    : Done mapping. [SYNTH-5]
        : Done mapping 'rv32im_top'.
      flow.cputime  flow.realtime  timing.setup.tns  timing.setup.wns  snapshot
UM:*                                                                   syn_map
@file(synth_with_mem.tcl) 95: syn_opt -effort low
Info    : Incrementally optimizing. [SYNTH-7]
        : Incrementally optimizing 'rv32im_top' using 'low' effort.
PBS_Incr_Opt-Start - Elapsed_Time 0, CPU_Time 0.0
stamp 'PBS_Incr_Opt-Start' being created for table 'pbs_debug'

  Total Time (Wall) |  Stage Time (Wall)  |   % (Wall)   |    Date - Time     |  Memory   | Stage
--------------------+---------------------+--------------+--------------------+-----------+----------------------
 00:00:55(00:00:53) |  00:00:00(00:00:00) |   0.0(  0.0) |   22:39:41 (May11) |   1.37 GB | PBS_Generic-Start
--------------------+---------------------+--------------+--------------------+-----------+----------------------
 00:18:15(00:17:21) |  00:17:20(00:16:28) |  48.7( 49.8) |   22:56:09 (May11) |   2.81 GB | PBS_Generic_Opt-Post
--------------------+---------------------+--------------+--------------------+-----------+----------------------
 00:18:23(00:17:28) |  00:00:08(00:00:07) |   0.4(  0.4) |   22:56:16 (May11) |   2.72 GB | PBS_Generic-Postgen HBO Optimizations
--------------------+---------------------+--------------+--------------------+-----------+----------------------
 00:18:37(00:17:43) |  00:00:14(00:00:15) |   0.7(  0.8) |   22:56:31 (May11) |   2.72 GB | PBS_TechMap-Start
--------------------+---------------------+--------------+--------------------+-----------+----------------------
 00:18:44(00:17:50) |  00:00:07(00:00:07) |   0.3(  0.4) |   22:56:38 (May11) |   2.72 GB | PBS_TechMap-Premap HBO Optimizations
--------------------+---------------------+--------------+--------------------+-----------+----------------------
 00:34:07(00:31:37) |  00:15:23(00:13:47) |  43.3( 41.7) |   23:10:25 (May11) |   4.00 GB | PBS_Techmap-Global Mapping
--------------------+---------------------+--------------+--------------------+-----------+----------------------
 00:35:10(00:32:39) |  00:01:02(00:01:02) |   2.9(  3.1) |   23:11:27 (May11) |   3.69 GB | PBS_TechMap-Datapath Postmap Operations
--------------------+---------------------+--------------+--------------------+-----------+----------------------
 00:35:17(00:32:44) |  00:00:06(00:00:05) |   0.3(  0.3) |   23:11:32 (May11) |   3.70 GB | PBS_TechMap-Postmap HBO Optimizations
--------------------+---------------------+--------------+--------------------+-----------+----------------------
 00:35:47(00:33:13) |  00:00:30(00:00:29) |   1.4(  1.5) |   23:12:01 (May11) |   3.68 GB | PBS_TechMap-Postmap Clock Gating
--------------------+---------------------+--------------+--------------------+-----------+----------------------
 00:36:12(00:33:36) |  00:00:25(00:00:23) |   1.2(  1.2) |   23:12:24 (May11) |   3.71 GB | PBS_TechMap-Postmap Cleanup
--------------------+---------------------+--------------+--------------------+-----------+----------------------
 00:36:12(00:33:37) |  00:00:00(00:00:01) |   0.0(  0.1) |   23:12:25 (May11) |   3.71 GB | PBS_Techmap-Post_MBCI
--------------------+---------------------+--------------+--------------------+-----------+----------------------
 00:36:30(00:33:55) |  00:00:18(00:00:18) |   0.8(  0.9) |   23:12:43 (May11) |   3.68 GB | PBS_Incr_Opt-Start
--------------------+---------------------+--------------+--------------------+-----------+----------------------
Number of threads: 8 * 1   (id: pbs_debug, time_info v1.57)
Info: (*N*) indicates data that was populated from previously saved time_info database
Info: CPU time includes time of parent + longest thread
Info    : The given (sub)design is already uniquified. [TUI-296]
        : design:rv32im_top.
        : Try running the 'edit_netlist uniquify' command on the parent hierarchy of this (sub)design, if there exists any.
PBS_Incr_Opt-Uniquify_Netlist - Elapsed_Time 1, CPU_Time 1.0
stamp 'PBS_Incr_Opt-Uniquify_Netlist' being created for table 'pbs_debug'

  Total Time (Wall) |  Stage Time (Wall)  |   % (Wall)   |    Date - Time     |  Memory   | Stage
--------------------+---------------------+--------------+--------------------+-----------+----------------------
 00:00:55(00:00:53) |  00:00:00(00:00:00) |   0.0(  0.0) |   22:39:41 (May11) |   1.37 GB | PBS_Generic-Start
--------------------+---------------------+--------------+--------------------+-----------+----------------------
 00:18:15(00:17:21) |  00:17:20(00:16:28) |  48.7( 49.8) |   22:56:09 (May11) |   2.81 GB | PBS_Generic_Opt-Post
--------------------+---------------------+--------------+--------------------+-----------+----------------------
 00:18:23(00:17:28) |  00:00:08(00:00:07) |   0.4(  0.4) |   22:56:16 (May11) |   2.72 GB | PBS_Generic-Postgen HBO Optimizations
--------------------+---------------------+--------------+--------------------+-----------+----------------------
 00:18:37(00:17:43) |  00:00:14(00:00:15) |   0.7(  0.8) |   22:56:31 (May11) |   2.72 GB | PBS_TechMap-Start
--------------------+---------------------+--------------+--------------------+-----------+----------------------
 00:18:44(00:17:50) |  00:00:07(00:00:07) |   0.3(  0.4) |   22:56:38 (May11) |   2.72 GB | PBS_TechMap-Premap HBO Optimizations
--------------------+---------------------+--------------+--------------------+-----------+----------------------
 00:34:07(00:31:37) |  00:15:23(00:13:47) |  43.2( 41.7) |   23:10:25 (May11) |   4.00 GB | PBS_Techmap-Global Mapping
--------------------+---------------------+--------------+--------------------+-----------+----------------------
 00:35:10(00:32:39) |  00:01:02(00:01:02) |   2.9(  3.1) |   23:11:27 (May11) |   3.69 GB | PBS_TechMap-Datapath Postmap Operations
--------------------+---------------------+--------------+--------------------+-----------+----------------------
 00:35:17(00:32:44) |  00:00:06(00:00:05) |   0.3(  0.3) |   23:11:32 (May11) |   3.70 GB | PBS_TechMap-Postmap HBO Optimizations
--------------------+---------------------+--------------+--------------------+-----------+----------------------
 00:35:47(00:33:13) |  00:00:30(00:00:29) |   1.4(  1.5) |   23:12:01 (May11) |   3.68 GB | PBS_TechMap-Postmap Clock Gating
--------------------+---------------------+--------------+--------------------+-----------+----------------------
 00:36:12(00:33:36) |  00:00:25(00:00:23) |   1.2(  1.2) |   23:12:24 (May11) |   3.71 GB | PBS_TechMap-Postmap Cleanup
--------------------+---------------------+--------------+--------------------+-----------+----------------------
 00:36:12(00:33:37) |  00:00:00(00:00:01) |   0.0(  0.1) |   23:12:25 (May11) |   3.71 GB | PBS_Techmap-Post_MBCI
--------------------+---------------------+--------------+--------------------+-----------+----------------------
 00:36:30(00:33:55) |  00:00:18(00:00:18) |   0.8(  0.9) |   23:12:43 (May11) |   3.68 GB | PBS_Incr_Opt-Start
--------------------+---------------------+--------------+--------------------+-----------+----------------------
 00:36:31(00:33:56) |  00:00:01(00:00:01) |   0.0(  0.1) |   23:12:44 (May11) |   3.68 GB | PBS_Incr_Opt-Uniquify_Netlist
--------------------+---------------------+--------------+--------------------+-----------+----------------------
Number of threads: 8 * 1   (id: pbs_debug, time_info v1.57)
Info: (*N*) indicates data that was populated from previously saved time_info database
Info: CPU time includes time of parent + longest thread
PBS_Incr_Opt-Post_Distributed - Elapsed_Time 6, CPU_Time 7.573315000000093
stamp 'PBS_Incr_Opt-Post_Distributed' being created for table 'pbs_debug'

  Total Time (Wall) |  Stage Time (Wall)  |   % (Wall)   |    Date - Time     |  Memory   | Stage
--------------------+---------------------+--------------+--------------------+-----------+----------------------
 00:00:55(00:00:53) |  00:00:00(00:00:00) |   0.0(  0.0) |   22:39:41 (May11) |   1.37 GB | PBS_Generic-Start
--------------------+---------------------+--------------+--------------------+-----------+----------------------
 00:18:15(00:17:21) |  00:17:20(00:16:28) |  48.5( 49.7) |   22:56:09 (May11) |   2.81 GB | PBS_Generic_Opt-Post
--------------------+---------------------+--------------+--------------------+-----------+----------------------
 00:18:23(00:17:28) |  00:00:08(00:00:07) |   0.4(  0.4) |   22:56:16 (May11) |   2.72 GB | PBS_Generic-Postgen HBO Optimizations
--------------------+---------------------+--------------+--------------------+-----------+----------------------
 00:18:37(00:17:43) |  00:00:14(00:00:15) |   0.7(  0.8) |   22:56:31 (May11) |   2.72 GB | PBS_TechMap-Start
--------------------+---------------------+--------------+--------------------+-----------+----------------------
 00:18:44(00:17:50) |  00:00:07(00:00:07) |   0.3(  0.4) |   22:56:38 (May11) |   2.72 GB | PBS_TechMap-Premap HBO Optimizations
--------------------+---------------------+--------------+--------------------+-----------+----------------------
 00:34:07(00:31:37) |  00:15:23(00:13:47) |  43.1( 41.6) |   23:10:25 (May11) |   4.00 GB | PBS_Techmap-Global Mapping
--------------------+---------------------+--------------+--------------------+-----------+----------------------
 00:35:10(00:32:39) |  00:01:02(00:01:02) |   2.9(  3.1) |   23:11:27 (May11) |   3.69 GB | PBS_TechMap-Datapath Postmap Operations
--------------------+---------------------+--------------+--------------------+-----------+----------------------
 00:35:17(00:32:44) |  00:00:06(00:00:05) |   0.3(  0.3) |   23:11:32 (May11) |   3.70 GB | PBS_TechMap-Postmap HBO Optimizations
--------------------+---------------------+--------------+--------------------+-----------+----------------------
 00:35:47(00:33:13) |  00:00:30(00:00:29) |   1.4(  1.5) |   23:12:01 (May11) |   3.68 GB | PBS_TechMap-Postmap Clock Gating
--------------------+---------------------+--------------+--------------------+-----------+----------------------
 00:36:12(00:33:36) |  00:00:25(00:00:23) |   1.2(  1.2) |   23:12:24 (May11) |   3.71 GB | PBS_TechMap-Postmap Cleanup
--------------------+---------------------+--------------+--------------------+-----------+----------------------
 00:36:12(00:33:37) |  00:00:00(00:00:01) |   0.0(  0.1) |   23:12:25 (May11) |   3.71 GB | PBS_Techmap-Post_MBCI
--------------------+---------------------+--------------+--------------------+-----------+----------------------
 00:36:30(00:33:55) |  00:00:18(00:00:18) |   0.8(  0.9) |   23:12:43 (May11) |   3.68 GB | PBS_Incr_Opt-Start
--------------------+---------------------+--------------+--------------------+-----------+----------------------
 00:36:31(00:33:56) |  00:00:01(00:00:01) |   0.0(  0.1) |   23:12:44 (May11) |   3.68 GB | PBS_Incr_Opt-Uniquify_Netlist
--------------------+---------------------+--------------+--------------------+-----------+----------------------
 00:36:39(00:34:02) |  00:00:07(00:00:06) |   0.4(  0.3) |   23:12:50 (May11) |   3.71 GB | PBS_Incr_Opt-Post_Distributed
--------------------+---------------------+--------------+--------------------+-----------+----------------------
Number of threads: 8 * 1   (id: pbs_debug, time_info v1.57)
Info: (*N*) indicates data that was populated from previously saved time_info database
Info: CPU time includes time of parent + longest thread
-------------------------------------------------------------------------------------------------------------------------
Step                     WNS              TNS        Total Area        Cell Count        CPU Runtime        Elapsed Time 
-------------------------------------------------------------------------------------------------------------------------
IOPT Pre-ST qor       292.30             0.00         385830.86            326681            2199.26             2045.00 
-------------------------------------------------------------------------------------------------------------------------
IOPT Post-ST qor      292.30             0.00         385830.86            326681            2199.26             2045.00 

Incrementally optimizing 'rv32im_top'.
 Uniquify netlist ...
 Done
 Swap or remap avoided cells ...
 Done
 ----------------------
 Nb insts = 326681
 WNS = 292.3 ps
 TNS = 0 ps
 ----------------------
-------------------------------------------------------------------------------
 hi_fo_buf                388016        0         0         0        0

           Trick     Calls     Accepts   Attempts    Time(secs) 
-----------------------------------------------------------
       hi_fo_buf       105  (      103 /      103 )  2.95


# Incremental Optimization Runtime Summary: 
                       Step    Elapsed Time(s)         Runtime(s)   WNS(ps)           TNS(ps)           CELL AREA                                          
##***************************************************************************************************************************************************************
##                     INIT         0 (0.0  %)         0 (0.0  %)   0.0               0                 385830            
##                 INIT_TIM         0 (0.0  %)         0 (0.0  %)   0.0               0                 385830            
##                  CRB_WNS         0 (0.0  %)         0 (0.0  %)   0.0               0                 388015            
##                  CRB_TNS         0 (0.0  %)         0 (0.0  %)   0.0               0                 388015            
##***************************************************************************************************************************************************************
                                    4                    5 

Done incrementally optimizing.
==================================
Stage : PBS_Incr_Opt-Post_Cleanup 
==================================
  =================
   Message Summary
  =================
-------------------------------------------------------------------------------------------------------------------------------------
|   Id    |  Sev   |Count |                                              Message Text                                               |
-------------------------------------------------------------------------------------------------------------------------------------
| CFM-1   |Info    |    1 |Wrote dofile.                                                                                            |
| CFM-5   |Info    |    1 |Wrote formal verification information.                                                                   |
| CPI-506 |Warning |    1 |Command 'commit_power_intent' cannot proceed as there is no power intent loaded.                         |
| GB-6    |Info    |    2 |A datapath component has been ungrouped.                                                                 |
| PA-7    |Info    |    6 |Resetting power analysis results.                                                                        |
|         |        |      |All computed switching activities are removed.                                                           |
| ST-112  |Info    |    7 |A super-threading server has been shut down normally.                                                    |
|         |        |      |A super-threaded optimization is complete and a CPU server was successfully shut down.                   |
| SYNTH-5 |Info    |    1 |Done mapping.                                                                                            |
| SYNTH-7 |Info    |    1 |Incrementally optimizing.                                                                                |
| TUI-296 |Info    |    1 |The given (sub)design is already uniquified.                                                             |
|         |        |      |Try running the 'edit_netlist uniquify' command on the parent hierarchy of this (sub)                    |
|         |        |      | design, if there exists any.                                                                            |
-------------------------------------------------------------------------------------------------------------------------------------
PBS_Incr_Opt-Post_Cleanup - Elapsed_Time 4, CPU_Time 5.162877000000208
stamp 'PBS_Incr_Opt-Post_Cleanup' being created for table 'pbs_debug'

  Total Time (Wall) |  Stage Time (Wall)  |   % (Wall)   |    Date - Time     |  Memory   | Stage
--------------------+---------------------+--------------+--------------------+-----------+----------------------
 00:00:55(00:00:53) |  00:00:00(00:00:00) |   0.0(  0.0) |   22:39:41 (May11) |   1.37 GB | PBS_Generic-Start
--------------------+---------------------+--------------+--------------------+-----------+----------------------
 00:18:15(00:17:21) |  00:17:20(00:16:28) |  48.4( 49.6) |   22:56:09 (May11) |   2.81 GB | PBS_Generic_Opt-Post
--------------------+---------------------+--------------+--------------------+-----------+----------------------
 00:18:23(00:17:28) |  00:00:08(00:00:07) |   0.4(  0.4) |   22:56:16 (May11) |   2.72 GB | PBS_Generic-Postgen HBO Optimizations
--------------------+---------------------+--------------+--------------------+-----------+----------------------
 00:18:37(00:17:43) |  00:00:14(00:00:15) |   0.7(  0.8) |   22:56:31 (May11) |   2.72 GB | PBS_TechMap-Start
--------------------+---------------------+--------------+--------------------+-----------+----------------------
 00:18:44(00:17:50) |  00:00:07(00:00:07) |   0.3(  0.4) |   22:56:38 (May11) |   2.72 GB | PBS_TechMap-Premap HBO Optimizations
--------------------+---------------------+--------------+--------------------+-----------+----------------------
 00:34:07(00:31:37) |  00:15:23(00:13:47) |  43.0( 41.5) |   23:10:25 (May11) |   4.00 GB | PBS_Techmap-Global Mapping
--------------------+---------------------+--------------+--------------------+-----------+----------------------
 00:35:10(00:32:39) |  00:01:02(00:01:02) |   2.9(  3.1) |   23:11:27 (May11) |   3.69 GB | PBS_TechMap-Datapath Postmap Operations
--------------------+---------------------+--------------+--------------------+-----------+----------------------
 00:35:17(00:32:44) |  00:00:06(00:00:05) |   0.3(  0.3) |   23:11:32 (May11) |   3.70 GB | PBS_TechMap-Postmap HBO Optimizations
--------------------+---------------------+--------------+--------------------+-----------+----------------------
 00:35:47(00:33:13) |  00:00:30(00:00:29) |   1.4(  1.5) |   23:12:01 (May11) |   3.68 GB | PBS_TechMap-Postmap Clock Gating
--------------------+---------------------+--------------+--------------------+-----------+----------------------
 00:36:12(00:33:36) |  00:00:25(00:00:23) |   1.2(  1.2) |   23:12:24 (May11) |   3.71 GB | PBS_TechMap-Postmap Cleanup
--------------------+---------------------+--------------+--------------------+-----------+----------------------
 00:36:12(00:33:37) |  00:00:00(00:00:01) |   0.0(  0.1) |   23:12:25 (May11) |   3.71 GB | PBS_Techmap-Post_MBCI
--------------------+---------------------+--------------+--------------------+-----------+----------------------
 00:36:30(00:33:55) |  00:00:18(00:00:18) |   0.8(  0.9) |   23:12:43 (May11) |   3.68 GB | PBS_Incr_Opt-Start
--------------------+---------------------+--------------+--------------------+-----------+----------------------
 00:36:31(00:33:56) |  00:00:01(00:00:01) |   0.0(  0.1) |   23:12:44 (May11) |   3.68 GB | PBS_Incr_Opt-Uniquify_Netlist
--------------------+---------------------+--------------+--------------------+-----------+----------------------
 00:36:39(00:34:02) |  00:00:07(00:00:06) |   0.4(  0.3) |   23:12:50 (May11) |   3.71 GB | PBS_Incr_Opt-Post_Distributed
--------------------+---------------------+--------------+--------------------+-----------+----------------------
 00:36:44(00:34:06) |  00:00:05(00:00:04) |   0.2(  0.2) |   23:12:54 (May11) |   3.71 GB | PBS_Incr_Opt-Post_Cleanup
--------------------+---------------------+--------------+--------------------+-----------+----------------------
Number of threads: 8 * 1   (id: pbs_debug, time_info v1.57)
Info: (*N*) indicates data that was populated from previously saved time_info database
Info: CPU time includes time of parent + longest thread
Info    : Done incrementally optimizing. [SYNTH-8]
        : Done incrementally optimizing 'rv32im_top'.
      flow.cputime  flow.realtime  timing.setup.tns  timing.setup.wns  snapshot
UM:*                                                                   syn_opt
@file(synth_with_mem.tcl) 98: file mkdir reports_mem
@file(synth_with_mem.tcl) 99: report_area   -depth 3          > reports_mem/area.rpt
@file(synth_with_mem.tcl) 100: report_timing -nworst 5         > reports_mem/timing.rpt
@file(synth_with_mem.tcl) 101: report_power                    > reports_mem/power.rpt
Info    : Joules engine is used. [RPT-16]
        : Joules engine is being used for the command report_power.
Info   : ACTP-0001 [ACTPInfo] Activity propagation started for stim#0 netlist
       : rv32im_top
Info   : ACTP-0009 [ACTPInfo] Activity Propagation Progress Report :   0%   1%   2%   3%   4%   5%   6%   7%   8%   9%  10%  11%  12%  13%  14%  15%  16%  17%  18%  19%  20%  21%  22%  23%  24%  25%  26%  27%  28%  29%  30%  31%  32%  33%  34%  35%  36%  37%  38%  39%  40%  41%  42%  43%  44%  45%  46%  47%  48%  49%  50%  51%  52%  53%  54%  55%  56%  57%  58%  59%  60%  61%  62%  63%  64%  65%  66%  67%  68%  69%  70%  71%  72%  73%  74%  75%  76%  77%  78%  79%  80%  81%  82%  83%  84%  85%  86%  87%  88%  89%  90%  91%  92%  93%  94%  95%  96%  97%  98%  99% 100%
Info   : ACTP-0001 Activity propagation ended for stim#0
Info   : PWRA-0001 [PwrInfo] compute_power effective options 
       : -mode : vectorless
       : -skip_propagation : 1
       : -frequency_scaling_factor : 1.0
       : -use_clock_freq : stim
       : -stim :/stim#0
       : -fromGenus : 1
Info   : ACTP-0001 Timing initialization started
Info   : ACTP-0001 Timing initialization ended
Info   : PWRA-0002 [PwrInfo] Skipping activity propagation due to -skip_ap
       : option....
Warning: PWRA-0302 [PwrWarn] Frequency scaling is not applicable for vectorless
       : flow. Ignoring frequency scaling.
Warning: PWRA-0304 [PwrWarn] -stim option is not applicable with vectorless mode
       : of power analysis, ignored this option.
Info   : PWRA-0002 Started 'vectorless' power computation.
Info   : PWRA-0009 [PwrInfo] Power Computation Progress Report :   2%   5%   7%  10%  12%  15%  17%  20%  22%  25%  27%  30%  32%  35%  37%  40%  42%  45%  47%  50%  52%  55%  57%  60%  62%  65%  67%  70%  72%  75%  77%  80%  82%  85%  87%  90%  92%  95%  97% 100%
Info   : PWRA-0002 Finished power computation.
Info   : PWRA-0007 [PwrInfo] Completed successfully.
       : Info=6, Warn=2, Error=0, Fatal=0
Output file: reports_mem/power.rpt
@file(synth_with_mem.tcl) 102: report_gates                    > reports_mem/gates.rpt

*INFO : Above table contains 2 Lib-Cell having zero area.

@file(synth_with_mem.tcl) 103: report_messages                 > reports_mem/messages.rpt
@file(synth_with_mem.tcl) 105: puts "=== SYNTHESIS WITH MEMORY COMPLETE ==="
=== SYNTHESIS WITH MEMORY COMPLETE ===
@file(synth_with_mem.tcl) 106: puts "Reports in reports_mem/"
Reports in reports_mem/
#@ End verbose source ./synth_with_mem.tcl

Lic Summary:
[23:13:34.006594] Cdslmd servers: server
[23:13:34.006601] Feature usage summary:
[23:13:34.006602] Genus_Synthesis


+-----------+-----------+-----+----------------------+---------------------------+
|   Host    |  Machine  | CPU | Physical Memory (MB) | Peak Physical Memory (MB) |
+-----------+-----------+-----+----------------------+---------------------------+
| localhost | localhost |  1  |        3742.4        |          6533.1           |
+-----------+-----------+-----+----------------------+---------------------------+

+---------------+----------------------+---------------------------+
|    Server     | Physical Memory (MB) | Peak Physical Memory (MB) |
+---------------+----------------------+---------------------------+
| localhost_1_0 |        557.8         |          3037.6           |
+---------------+----------------------+---------------------------+

Info    : A super-threading server has been shut down normally. [ST-112]
        : The server 'localhost_1_0' was process '834127' on this host.
        : A super-threaded optimization is complete and a CPU server was successfully shut down.
Normal exit.
